-- MariaDB dump 10.19  Distrib 10.4.24-MariaDB, for Win64 (AMD64)
--
-- Host: localhost    Database: team04
-- ------------------------------------------------------
-- Server version	10.4.24-MariaDB

/*!40101 SET @OLD_CHARACTER_SET_CLIENT=@@CHARACTER_SET_CLIENT */;
/*!40101 SET @OLD_CHARACTER_SET_RESULTS=@@CHARACTER_SET_RESULTS */;
/*!40101 SET @OLD_COLLATION_CONNECTION=@@COLLATION_CONNECTION */;
/*!40101 SET NAMES utf8mb4 */;
/*!40103 SET @OLD_TIME_ZONE=@@TIME_ZONE */;
/*!40103 SET TIME_ZONE='+00:00' */;
/*!40014 SET @OLD_UNIQUE_CHECKS=@@UNIQUE_CHECKS, UNIQUE_CHECKS=0 */;
/*!40014 SET @OLD_FOREIGN_KEY_CHECKS=@@FOREIGN_KEY_CHECKS, FOREIGN_KEY_CHECKS=0 */;
/*!40101 SET @OLD_SQL_MODE=@@SQL_MODE, SQL_MODE='NO_AUTO_VALUE_ON_ZERO' */;
/*!40111 SET @OLD_SQL_NOTES=@@SQL_NOTES, SQL_NOTES=0 */;

--
-- Table structure for table `actor`
--

DROP TABLE IF EXISTS `actor`;
/*!40101 SET @saved_cs_client     = @@character_set_client */;
/*!40101 SET character_set_client = utf8 */;
CREATE TABLE `actor` (
  `actorId` int(11) NOT NULL AUTO_INCREMENT,
  `actorName` text DEFAULT NULL,
  `actorSex` text DEFAULT NULL,
  `actorAge` int(11) DEFAULT NULL,
  `actorHeight` int(11) DEFAULT NULL,
  `issueId` int(11) NOT NULL,
  PRIMARY KEY (`actorId`),
  KEY `issueId` (`issueId`),
  CONSTRAINT `actor_ibfk_1` FOREIGN KEY (`issueId`) REFERENCES `issue` (`issueId`)
) ENGINE=InnoDB AUTO_INCREMENT=1075 DEFAULT CHARSET=utf8mb4;
/*!40101 SET character_set_client = @saved_cs_client */;

--
-- Dumping data for table `actor`
--

LOCK TABLES `actor` WRITE;
/*!40000 ALTER TABLE `actor` DISABLE KEYS */;
INSERT INTO `actor` VALUES (1,'JJ핫산','남성',58,171,1),(2,'KCM','남성',65,171,4),(3,'RM','남성',41,189,1),(4,'갈치','여성',63,180,2),(5,'감소현','남성',38,177,3),(6,'강금연','남성',26,166,1),(7,'강길우','남성',45,169,1),(8,'강나라','여성',70,169,4),(9,'강나리','여성',51,168,1),(10,'강동원','남성',51,185,1),(11,'강두','여성',32,173,1),(12,'강별','여성',40,181,4),(13,'강선화','남성',38,182,1),(14,'강소라','여성',50,171,1),(15,'강소연','여성',49,166,2),(16,'강시현','여성',30,180,4),(17,'강신일','여성',54,182,1),(18,'강신철','여성',70,175,1),(19,'강신효','여성',21,174,1),(20,'강애심','여성',23,189,1),(21,'강양은','남성',69,184,5),(22,'강예원','남성',36,185,4),(23,'강유석','남성',25,171,3),(24,'강유진','남성',37,180,3),(25,'강은진','남성',58,190,1),(26,'강인성','여성',37,160,1),(27,'강지구','여성',39,190,4),(28,'강진아','남성',50,188,1),(29,'강하늘','여성',59,181,1),(30,'강형석','남성',61,177,1),(31,'강희권','남성',35,175,3),(32,'검비르','남성',21,189,2),(33,'경다은','여성',30,176,5),(34,'고경표','여성',47,163,1),(35,'고관재','남성',22,190,1),(36,'고두심','여성',63,182,2),(37,'고봉수','남성',20,162,1),(38,'고성희','남성',30,177,1),(39,'고수경','남성',55,168,1),(40,'고아성','남성',52,161,1),(41,'고윤','남성',35,185,5),(42,'고은영','여성',45,176,2),(43,'고주환','남성',69,176,1),(44,'공민정','여성',21,164,4),(45,'공승연','여성',25,182,1),(46,'공유','남성',35,187,1),(47,'공유림','남성',32,182,1),(48,'공찬','여성',52,178,1),(49,'공형진','여성',22,169,1),(50,'공효진','남성',38,177,1),(51,'곽도원','여성',33,172,5),(52,'곽동건','여성',37,185,3),(53,'곽두조','남성',70,167,2),(54,'곽민규','여성',27,166,1),(55,'곽진무','여성',67,186,4),(56,'곽진석','여성',49,182,2),(57,'구교환','여성',58,160,1),(58,'구윤영','여성',68,173,2),(59,'구윤주','여성',41,165,5),(60,'권나영','여성',59,178,2),(61,'권상우','여성',61,170,4),(62,'권수정','남성',45,172,4),(63,'권오중','여성',59,187,1),(64,'권우정','남성',26,189,1),(65,'권한솔','여성',35,175,3),(66,'권해효','남성',66,185,4),(67,'권현빈','여성',51,185,1),(68,'기주봉','남성',60,178,1),(69,'기춘','남성',25,186,1),(70,'기호','남성',70,167,1),(71,'김가은','여성',40,160,1),(72,'김간지','남성',55,182,3),(73,'김갑수','여성',30,188,1),(74,'김강민','남성',60,175,1),(75,'김강우','여성',60,180,1),(76,'김강현','남성',41,182,2),(77,'김건호','여성',42,161,4),(78,'김경주','여성',32,186,3),(79,'김경진','여성',66,167,2),(80,'김고은','남성',35,186,1),(81,'김광옥','여성',23,161,1),(82,'김군','여성',38,179,3),(83,'김권후','남성',54,189,1),(84,'김귀임','여성',24,190,3),(85,'김근형','남성',31,167,2),(86,'김금순','여성',29,165,4),(87,'김기현','남성',20,180,1),(88,'김나니','남성',56,179,4),(89,'김나연','남성',25,186,3),(90,'김남길','남성',65,172,2),(91,'김내현','남성',47,161,3),(92,'김다현','여성',42,162,4),(93,'김단미','여성',21,176,1),(94,'김대건','여성',31,163,1),(95,'김대명','여성',66,167,1),(96,'김대중','여성',47,172,1),(97,'김도윤','남성',63,172,5),(98,'김도훈','여성',63,161,2),(99,'김동석','남성',36,178,4),(100,'김동완','여성',36,188,3),(101,'김동욱','여성',69,161,2),(102,'김동준','여성',21,170,4),(103,'김동찬','여성',32,161,1),(104,'김동휘','여성',23,179,4),(105,'김래원','여성',61,177,1),(106,'김려원','여성',67,179,5),(107,'김록경','여성',44,189,4),(108,'김뢰하','남성',23,166,1),(109,'김막동','남성',68,168,3),(110,'김명곤','남성',35,188,1),(111,'김명국','여성',61,184,4),(112,'김명민','여성',57,180,1),(113,'김무늬','여성',35,174,2),(114,'김무열','여성',60,169,1),(115,'김민솔','여성',41,173,5),(116,'김민재','여성',35,162,1),(117,'김민주','남성',68,165,1),(118,'김민지','여성',29,186,1),(119,'김민희','남성',28,171,1),(120,'김범석','남성',41,165,1),(121,'김벼리','남성',35,187,3),(122,'김병기','여성',50,167,1),(123,'김병옥','여성',55,189,5),(124,'김보라','남성',42,190,5),(125,'김보민','여성',53,190,4),(126,'김보윤','여성',58,160,1),(127,'김복동','남성',45,163,4),(128,'김상경','남성',24,165,2),(129,'김상중','여성',53,177,5),(130,'김상호','여성',35,169,5),(131,'김새벽','남성',66,169,5),(132,'김새봄','여성',54,173,3),(133,'김서영','여성',53,190,1),(134,'김서지','남성',68,188,5),(135,'김서형','여성',41,164,5),(136,'김선영','여성',48,179,1),(137,'김선혜','여성',44,178,4),(138,'김성규','남성',26,182,1),(139,'김성균','남성',61,173,1),(140,'김성령','남성',53,189,5),(141,'김성수','남성',51,167,1),(142,'김성오','남성',32,165,4),(143,'김성제','여성',62,168,1),(144,'김성철','여성',62,189,3),(145,'김소라','여성',61,169,4),(146,'김소민','여성',69,188,5),(147,'김소은','남성',42,169,3),(148,'김소진','남성',51,178,1),(149,'김소혜','남성',66,162,5),(150,'김소희','남성',67,163,1),(151,'김수덕','남성',20,170,3),(152,'김수만','여성',30,189,3),(153,'김수안','남성',50,166,1),(154,'김숙년','남성',20,167,4),(155,'김순덕','남성',68,168,3),(156,'김순악','여성',25,176,4),(157,'김슬기','남성',56,184,1),(158,'김승수','여성',62,182,2),(159,'김승태','남성',25,160,2),(160,'김승현','남성',57,172,3),(161,'김승훈','남성',40,190,4),(162,'김시아','여성',66,189,1),(163,'김시은','여성',56,166,1),(164,'김아석','남성',29,177,1),(165,'김아송','여성',25,178,3),(166,'김아중','남성',20,161,5),(167,'김아현','여성',30,189,3),(168,'김연우','여성',26,176,2),(169,'김영광','여성',39,186,1),(170,'김영민','여성',63,166,1),(171,'김영석','남성',42,177,3),(172,'김영선','남성',30,165,1),(173,'김영식','여성',33,186,1),(174,'김영오','남성',66,178,3),(175,'김영옥','여성',60,167,1),(176,'김영은','남성',34,178,5),(177,'김영호','남성',56,164,1),(178,'김예은','남성',30,174,1),(179,'김용준','여성',30,174,3),(180,'김용지','남성',65,161,1),(181,'김우빈','여성',33,169,1),(182,'김원정','여성',62,165,5),(183,'김유나','여성',68,181,1),(184,'김유라','여성',55,168,5),(185,'김유연','여성',40,188,1),(186,'김윤석','여성',67,181,5),(187,'김윤진','남성',34,180,1),(188,'김은아','여성',29,165,5),(189,'김의성','남성',59,182,1),(190,'김이승현','여성',20,190,2),(191,'김이안','여성',65,162,1),(192,'김인권','여성',43,179,1),(193,'김일환','남성',46,163,2),(194,'김재경','남성',33,187,5),(195,'김재범','남성',51,190,1),(196,'김재웅','여성',56,188,3),(197,'김재철','여성',51,184,1),(198,'김재화','남성',39,167,1),(199,'김점순','남성',37,189,1),(200,'김정기','여성',30,181,3),(201,'김정영','남성',34,162,5),(202,'김정팔','여성',28,166,5),(203,'김정호','여성',22,184,5),(204,'김정화','여성',32,162,1),(205,'김정훈','남성',63,184,1),(206,'김조연','여성',57,162,1),(207,'김종구','남성',54,166,5),(208,'김종분','여성',52,163,1),(209,'김종석','남성',49,184,1),(210,'김종수','남성',31,183,1),(211,'김종술','여성',21,181,1),(212,'김종혁','여성',24,172,2),(213,'김종훈','남성',30,160,1),(214,'김주아','남성',25,173,1),(215,'김준경','여성',50,166,1),(216,'김준배','여성',59,161,1),(217,'김준형','여성',20,182,2),(218,'김지민','남성',27,183,3),(219,'김지영','여성',29,179,2),(220,'김지희','여성',20,182,1),(221,'김진규','남성',42,182,5),(222,'김진근','남성',30,160,3),(223,'김창열','남성',54,175,1),(224,'김창옥','여성',34,162,1),(225,'김채원','여성',44,164,4),(226,'김초인','남성',66,177,1),(227,'김춘나','남성',40,167,1),(228,'김충길','남성',46,181,4),(229,'김태리','여성',56,181,1),(230,'김태훈','여성',53,187,5),(231,'김포도','남성',68,163,3),(232,'김해나','여성',69,165,5),(233,'김해숙','여성',34,160,1),(234,'김향기','남성',54,189,3),(235,'김현목','여성',56,169,3),(236,'김현수','여성',29,160,1),(237,'김현정','남성',59,173,4),(238,'김현지','여성',60,175,1),(239,'김형일','여성',54,175,1),(240,'김혜나','남성',23,174,1),(241,'김혜성','남성',70,182,4),(242,'김혜수','남성',36,161,3),(243,'김혜윤','남성',52,167,3),(244,'김혜정','남성',66,161,1),(245,'김혜준','남성',42,170,5),(246,'김호정','여성',23,189,1),(247,'김호중','여성',44,181,1),(248,'김홍주','남성',54,170,5),(249,'김홍파','남성',25,160,5),(250,'김환희','남성',25,176,1),(251,'김휘규','남성',70,171,4),(252,'김희애','여성',54,168,2),(253,'김희원','남성',27,187,4),(254,'김희찬','남성',52,181,4),(255,'김희창','남성',65,182,5),(256,'꼴레뜨그랑종-로조뜨','남성',66,177,1),(257,'나문희','여성',25,182,1),(258,'나잠수','여성',56,187,4),(259,'나키','남성',60,190,5),(260,'남궁종헌','남성',68,182,5),(261,'남규리','여성',23,166,2),(262,'남도형','여성',39,176,2),(263,'남보라','남성',47,175,1),(264,'남연우','남성',45,162,3),(265,'남주혁','남성',32,190,1),(266,'노무현','남성',57,169,2),(267,'노윤정','남성',54,166,3),(268,'노재원','여성',44,190,2),(269,'노정의','남성',61,164,1),(270,'노회찬','여성',60,167,1),(271,'니엘','남성',43,182,1),(272,'도경수','남성',55,177,4),(273,'도지한','여성',46,161,1),(274,'동방우','여성',69,171,1),(275,'라미란','남성',21,164,2),(276,'류경수','남성',55,180,1),(277,'류덕환','여성',30,184,5),(278,'류승룡','여성',63,165,1),(279,'류승범','남성',51,171,1),(280,'류승우','여성',60,182,1),(281,'류의현','남성',52,184,1),(282,'류준열','여성',55,166,1),(283,'류현경','남성',56,169,3),(284,'류화영','여성',25,178,4),(285,'마동석','여성',33,171,3),(286,'마영민','여성',61,180,3),(287,'맹성렬','남성',53,175,2),(288,'맹세창','여성',48,175,3),(289,'모지민','남성',29,163,5),(290,'몽돌','여성',49,172,5),(291,'무연','여성',61,176,1),(292,'문동환','남성',21,178,1),(293,'문선숙','여성',37,174,1),(294,'문성근','남성',45,162,2),(295,'문소리','여성',41,189,4),(296,'문승아','여성',21,167,4),(297,'문영동','여성',41,184,5),(298,'문익환','여성',65,185,1),(299,'문정희','여성',51,167,1),(300,'문종원','여성',51,168,1),(301,'문주하','여성',31,162,2),(302,'문지인','남성',31,185,4),(303,'문현웅','여성',39,165,1),(304,'문혜인','여성',21,175,1),(305,'미노드목탄','남성',38,171,1),(306,'민도희','남성',57,181,3),(307,'민승연','여성',55,184,1),(308,'민우혁','여성',52,178,1),(309,'민채연','남성',34,164,1),(310,'박가영','여성',68,171,5),(311,'박강아름','여성',28,185,5),(312,'박근형','여성',36,172,3),(313,'박금분','남성',46,183,5),(314,'박기덕','남성',44,188,1),(315,'박기륭','여성',27,177,1),(316,'박누가','여성',49,189,2),(317,'박리나','여성',36,165,4),(318,'박명훈','남성',56,177,1),(319,'박보검','남성',68,189,4),(320,'박봉준','여성',22,170,4),(321,'박상증','여성',65,165,1),(322,'박서은','여성',51,165,1),(323,'박서준','여성',24,169,2),(324,'박서진','여성',50,163,1),(325,'박서함','여성',57,187,2),(326,'박선영','남성',44,175,2),(327,'박성근','남성',30,165,2),(328,'박성미','남성',55,163,1),(329,'박성연','남성',20,162,3),(330,'박성우','남성',43,179,1),(331,'박성웅','남성',47,185,5),(332,'박성일','여성',70,162,4),(333,'박성준','남성',42,187,1),(334,'박세민','남성',50,177,1),(335,'박세완','남성',56,164,1),(336,'박세은','여성',70,172,1),(337,'박세현','남성',30,164,5),(338,'박소담','남성',20,190,1),(339,'박소정','남성',30,174,1),(340,'박소진','여성',66,188,4),(341,'박송열','여성',22,176,2),(342,'박송이','남성',45,187,2),(343,'박수연','여성',49,185,2),(344,'박승규','남성',55,190,5),(345,'박신혜','남성',25,184,5),(346,'박아인','남성',34,172,3),(347,'박영규','여성',34,168,1),(348,'박영빈','남성',70,170,3),(349,'박영수','남성',27,164,3),(350,'박예찬','여성',38,170,4),(351,'박용우','남성',27,168,2),(352,'박원상','남성',40,176,3),(353,'박유나','여성',52,181,1),(354,'박윤진','여성',57,161,1),(355,'박은빈','여성',61,180,5),(356,'박재욱','남성',54,186,1),(357,'박재찬','남성',25,176,1),(358,'박점례','여성',65,183,1),(359,'박정민','여성',31,186,1),(360,'박정연','여성',43,161,2),(361,'박정자','여성',65,166,1),(362,'박정학','남성',68,188,1),(363,'박종환','여성',32,171,4),(364,'박지수','남성',68,180,3),(365,'박지연','남성',64,181,4),(366,'박지영','남성',52,188,2),(367,'박지원','남성',29,176,5),(368,'박지윤','남성',36,160,1),(369,'박지후','남성',56,162,1),(370,'박진우','남성',36,169,1),(371,'박철민','여성',41,168,5),(372,'박철우','여성',49,164,4),(373,'박초롱','여성',23,182,1),(374,'박하나','여성',68,184,5),(375,'박하선','남성',63,161,1),(376,'박한이','여성',32,188,5),(377,'박해빛나','남성',67,189,1),(378,'박해수','여성',42,181,1),(379,'박해일','여성',65,177,1),(380,'박해준','남성',20,165,5),(381,'박해택','여성',68,164,1),(382,'박혁권','남성',52,172,5),(383,'박현상','남성',54,189,3),(384,'박현숙','여성',45,186,2),(385,'박현영','여성',31,164,5),(386,'박형식','여성',29,161,5),(387,'박혜수','여성',49,164,5),(388,'박혜진','여성',60,174,4),(389,'박호산','여성',27,187,3),(390,'박환희','여성',48,173,1),(391,'박효주','여성',24,161,1),(392,'박훈','남성',38,185,1),(393,'박희순','남성',42,182,1),(394,'반시게루','남성',59,181,1),(395,'방민아','남성',35,168,5),(396,'방승호','여성',29,173,1),(397,'방연지','남성',63,170,2),(398,'방행자','여성',48,181,3),(399,'배누리','여성',32,176,1),(400,'배다해','여성',67,171,4),(401,'배두나','남성',53,186,1),(402,'배성우','여성',25,179,1),(403,'배수빈','남성',53,182,1),(404,'배연우','여성',62,179,1),(405,'배우희','남성',66,184,3),(406,'배유람','여성',24,170,2),(407,'배은심','여성',64,161,1),(408,'배정남','여성',70,163,1),(409,'배종옥','남성',26,169,5),(410,'배홍석','남성',27,184,1),(411,'백서빈','남성',66,175,1),(412,'백수장','여성',38,181,3),(413,'백승환','남성',39,178,5),(414,'백아연','남성',59,183,2),(415,'백지혜','남성',30,175,5),(416,'변동욱','남성',48,185,1),(417,'변요한','남성',35,182,1),(418,'변중희','여성',66,187,5),(419,'봉레오','남성',42,190,1),(420,'봉재현','여성',48,168,1),(421,'봉준호','남성',44,169,2),(422,'브루스칸','여성',59,168,1),(423,'비','여성',33,170,4),(424,'삼숙','남성',57,174,5),(425,'샘클라플린','남성',60,173,4),(426,'샘해밍턴','여성',36,182,1),(427,'서갑숙','여성',65,183,3),(428,'서벽준','남성',54,180,3),(429,'서연우','여성',23,186,4),(430,'서영','남성',27,168,1),(431,'서영주','남성',68,177,1),(432,'서영화','여성',61,184,4),(433,'서영희','여성',48,183,4),(434,'서예지','여성',54,174,1),(435,'서은수','남성',42,164,5),(436,'서은아','남성',31,167,3),(437,'서인국','남성',39,184,1),(438,'서제일','여성',64,181,1),(439,'서준영','남성',56,170,4),(440,'서지수','여성',65,176,4),(441,'서진원','남성',31,164,2),(442,'서태화','여성',38,185,1),(443,'서현우','여성',20,172,1),(444,'서현진','남성',32,180,2),(445,'선우선','여성',62,161,1),(446,'설경구','여성',32,187,2),(447,'설시연','남성',59,163,1),(448,'설지윤','여성',20,178,1),(449,'성낙경','여성',68,170,4),(450,'성동일','남성',43,165,1),(451,'성유빈','여성',49,174,2),(452,'성준','남성',65,183,1),(453,'성지루','남성',58,177,1),(454,'성훈','남성',63,172,1),(455,'소냐','남성',48,173,1),(456,'소띠하','남성',64,174,3),(457,'소모뚜','여성',60,181,1),(458,'소연','여성',48,162,4),(459,'소주연','남성',46,185,1),(460,'소지섭','여성',67,169,4),(461,'손다솜','남성',60,164,1),(462,'손민지','여성',21,162,3),(463,'손병호','여성',42,188,4),(464,'손상연','여성',40,160,3),(465,'손석구','여성',55,176,1),(466,'손석희','남성',29,186,1),(467,'손숙','여성',63,171,1),(468,'손영주','여성',53,170,1),(469,'손원경','남성',37,180,1),(470,'손은지','여성',41,189,1),(471,'손이용','남성',68,190,4),(472,'손진환','여성',24,162,3),(473,'손현주','여성',43,178,2),(474,'손호준','남성',36,161,2),(475,'솔빈','여성',66,162,4),(476,'송강호','남성',21,175,4),(477,'송새벽','남성',70,182,2),(478,'송선미','여성',43,189,2),(479,'송영규','여성',25,171,4),(480,'송유미','여성',46,184,2),(481,'송윤아','여성',65,167,1),(482,'송재룡','남성',44,170,3),(483,'송재림','남성',27,174,2),(484,'송주안','남성',34,184,3),(485,'송지인','여성',31,170,5),(486,'송지혁','여성',70,175,2),(487,'송지효','여성',60,183,4),(488,'송창의','여성',31,185,2),(489,'송해','여성',60,179,1),(490,'수호','남성',64,181,1),(491,'숲이아','남성',46,180,3),(492,'슈가','여성',49,181,1),(493,'시영준','남성',63,177,1),(494,'시우민','남성',58,173,1),(495,'신동미','남성',31,167,4),(496,'신문성','남성',23,170,1),(497,'신민아','남성',29,166,1),(498,'신민재','남성',27,164,5),(499,'신복숙','남성',28,167,1),(500,'신소율','남성',51,190,3),(501,'신순애','남성',31,172,4),(502,'신승호','남성',48,190,1),(503,'신시아','남성',35,183,1),(504,'신용우','여성',30,182,1),(505,'신운섭','남성',57,160,1),(506,'신유람','남성',51,179,4),(507,'신은미','남성',54,188,1),(508,'신정웅','남성',59,168,1),(509,'신지수','여성',62,174,5),(510,'신하균','남성',34,185,1),(511,'신햇빛','여성',68,164,3),(512,'신혜선','남성',22,164,1),(513,'심달기','남성',47,163,1),(514,'심상정','남성',51,165,4),(515,'심용환','여성',65,172,1),(516,'심형탁','여성',32,174,1),(517,'심환','여성',60,169,1),(518,'심희섭','남성',61,163,1),(519,'아나루지에로','여성',35,175,1),(520,'아이린','남성',54,161,2),(521,'아이유','여성',44,176,1),(522,'아키노리나카가와','여성',69,188,1),(523,'안내상','남성',36,160,4),(524,'안서현','여성',40,183,4),(525,'안성기','여성',20,189,1),(526,'안소요','여성',70,165,1),(527,'안승균','남성',22,183,1),(528,'안영미','여성',42,168,1),(529,'안재모','여성',31,166,1),(530,'안재홍','여성',35,163,5),(531,'안지혜','남성',20,175,1),(532,'안지호','여성',34,168,5),(533,'안태형','여성',58,165,4),(534,'안현서','여성',69,169,1),(535,'안효민','남성',67,162,1),(536,'얀츠카','여성',28,164,3),(537,'양말복','남성',68,187,1),(538,'양방언','여성',39,174,5),(539,'양서윤','남성',34,183,3),(540,'양소민','여성',69,172,1),(541,'양윤희','여성',31,182,1),(542,'양정화','남성',24,176,1),(543,'양현민','여성',23,181,1),(544,'양흥주','남성',45,182,1),(545,'엄상현','여성',35,170,1),(546,'엄정화','여성',52,163,5),(547,'엄지원','여성',30,182,1),(548,'엄채영','남성',51,187,1),(549,'엄태구','남성',31,189,1),(550,'에이프릴안','남성',61,167,1),(551,'에이핑크','여성',67,179,4),(552,'엠제이','여성',46,186,1),(553,'여균동','남성',27,162,1),(554,'여민정','여성',20,165,4),(555,'연우진','여성',26,184,2),(556,'연운경','여성',33,164,5),(557,'염정아','남성',49,163,2),(558,'염혜란','남성',45,170,2),(559,'영화','여성',29,171,1),(560,'예리','여성',68,174,1),(561,'예브게니슈테판','여성',28,168,1),(562,'예수정','남성',29,179,5),(563,'오광록','여성',54,169,1),(564,'오규철','남성',66,173,5),(565,'오나라','남성',49,184,1),(566,'오달수','남성',38,163,3),(567,'오동민','여성',46,168,4),(568,'오만석','여성',30,172,1),(569,'오민애','여성',37,171,1),(570,'오수경','여성',64,184,1),(571,'오은주','여성',34,165,4),(572,'오인실','여성',59,160,1),(573,'오정세','남성',43,181,3),(574,'오종혁','남성',42,163,4),(575,'오지호','여성',62,185,4),(576,'오창경','남성',41,175,3),(577,'오치운','여성',57,165,5),(578,'오태경','여성',63,164,1),(579,'오하나','남성',41,161,1),(580,'오하늬','남성',48,174,2),(581,'옥수분','여성',50,162,4),(582,'옥윤중','여성',69,178,1),(583,'왕지혜','남성',40,161,4),(584,'우도환','여성',32,177,1),(585,'우미화','남성',35,170,1),(586,'우지현','여성',50,172,3),(587,'우효원','여성',58,175,1),(588,'원진아','남성',21,170,1),(589,'원태연','여성',33,180,1),(590,'원향라','여성',38,189,1),(591,'위하준','여성',27,183,4),(592,'유다인','남성',52,160,3),(593,'유동균','남성',56,186,1),(594,'유민석','남성',70,190,1),(595,'유병선','여성',70,175,1),(596,'유상재','여성',62,172,2),(597,'유선','여성',26,161,1),(598,'유세윤','남성',51,180,1),(599,'유아인','여성',53,180,1),(600,'유여원','여성',26,171,5),(601,'유연석','남성',34,162,4),(602,'유오성','여성',44,161,1),(603,'유이든','남성',70,170,1),(604,'유이화','남성',29,162,1),(605,'유인나','여성',46,186,1),(606,'유재명','여성',51,176,1),(607,'유준상','남성',62,190,1),(608,'유지태','여성',56,182,2),(609,'유진','남성',55,161,1),(610,'유태오','여성',22,185,4),(611,'유해무','남성',52,186,1),(612,'유해진','남성',27,163,1),(613,'유형준','여성',22,164,1),(614,'유호정','여성',40,165,1),(615,'윤경미','남성',44,178,4),(616,'윤경호','남성',32,179,3),(617,'윤계상','여성',22,162,2),(618,'윤다훈','여성',48,162,1),(619,'윤성우','남성',24,169,5),(620,'윤수련','여성',22,186,1),(621,'윤아','남성',53,178,2),(622,'윤아정','여성',59,182,1),(623,'윤여정','여성',31,168,1),(624,'윤유선','남성',70,169,1),(625,'윤제문','남성',57,182,3),(626,'윤종구','여성',21,185,3),(627,'윤종기','여성',51,168,1),(628,'윤지혜','여성',39,170,1),(629,'윤찬영','남성',54,185,1),(630,'윤혜리','여성',46,181,1),(631,'은해성','남성',40,186,3),(632,'음문석','남성',29,164,1),(633,'이가라시히로아키','남성',57,170,5),(634,'이가섭','여성',26,179,1),(635,'이강녕','남성',65,182,1),(636,'이강지','여성',62,160,1),(637,'이건우','남성',64,171,3),(638,'이경훈','남성',58,184,1),(639,'이관희','남성',32,183,4),(640,'이광수','여성',38,168,1),(641,'이규정','여성',25,187,4),(642,'이규형','여성',68,169,3),(643,'이금희','남성',70,163,4),(644,'이나라','남성',70,172,1),(645,'이다윗','남성',39,184,1),(646,'이다해','여성',26,160,1),(647,'이동욱','여성',38,180,2),(648,'이동휘','남성',24,166,5),(649,'이린하','남성',65,186,4),(650,'이명로','남성',53,180,1),(651,'이명박','여성',65,181,1),(652,'이명호','여성',24,189,1),(653,'이문규','여성',40,187,1),(654,'이미자','남성',53,176,2),(655,'이민구','여성',51,175,3),(656,'이민규','여성',32,183,1),(657,'이민우','남성',45,181,1),(658,'이민지','남성',62,166,4),(659,'이백길','여성',21,181,1),(660,'이범수','남성',29,181,1),(661,'이병헌','여성',63,164,4),(662,'이보림','여성',33,166,1),(663,'이봄','남성',22,160,1),(664,'이봉하','남성',30,170,1),(665,'이상묵','남성',53,186,4),(666,'이상보','여성',39,188,1),(667,'이상원','남성',22,170,3),(668,'이상윤','여성',62,173,1),(669,'이상인','남성',64,176,1),(670,'이상호','남성',35,175,5),(671,'이상희','여성',67,178,1),(672,'이새봄','여성',23,178,4),(673,'이서영','여성',57,160,1),(674,'이서윤','남성',49,175,1),(675,'이석형','남성',31,166,4),(676,'이선','남성',38,187,1),(677,'이선균','남성',59,184,1),(678,'이선빈','남성',26,178,1),(679,'이선진','여성',51,171,1),(680,'이선희','남성',24,173,1),(681,'이설','여성',33,187,1),(682,'이설구','남성',29,189,2),(683,'이성경','여성',53,170,1),(684,'이성민','여성',50,179,1),(685,'이성열','여성',26,169,4),(686,'이성욱','여성',65,166,1),(687,'이성혜','남성',69,179,1),(688,'이세영','남성',41,184,1),(689,'이세은','남성',46,164,1),(690,'이소연','남성',23,178,1),(691,'이소영','남성',29,178,1),(692,'이솔잎','여성',69,172,2),(693,'이솜','여성',67,181,1),(694,'이수혁','남성',68,187,1),(695,'이숙희','여성',27,171,5),(696,'이순도','남성',66,172,1),(697,'이순원','여성',34,183,5),(698,'이순재','남성',68,161,5),(699,'이승준','여성',66,168,1),(700,'이승현','남성',59,188,5),(701,'이승훈','여성',20,177,5),(702,'이시아','여성',39,166,5),(703,'이시언','여성',67,178,4),(704,'이시영','여성',65,174,1),(705,'이시원','남성',22,180,1),(706,'이시타카노리히토','남성',26,160,1),(707,'이아주','여성',67,170,1),(708,'이양희','여성',68,181,1),(709,'이엘리야','남성',52,182,1),(710,'이엘빈','남성',56,183,1),(711,'이연','남성',70,161,1),(712,'이영아','여성',66,165,5),(713,'이영애','여성',22,186,4),(714,'이영진','남성',56,181,3),(715,'이옥선','여성',44,165,1),(716,'이완','남성',24,173,3),(717,'이용규','남성',27,166,1),(718,'이용석','남성',29,185,1),(719,'이용수','남성',26,177,2),(720,'이원선','남성',60,181,1),(721,'이원종','여성',47,160,5),(722,'이유경','남성',29,178,1),(723,'이유미','여성',55,181,1),(724,'이유영','여성',40,175,1),(725,'이윤희','남성',64,160,1),(726,'이은자','남성',43,169,1),(727,'이은택','남성',70,182,1),(728,'이이경','남성',23,187,1),(729,'이인규','남성',40,162,1),(730,'이인영','남성',28,169,1),(731,'이일화','여성',40,186,3),(732,'이임성','여성',27,163,1),(733,'이재균','여성',69,190,1),(734,'이재인','여성',21,189,1),(735,'이재정','남성',53,187,1),(736,'이재호','남성',23,169,1),(737,'이정은','여성',51,174,4),(738,'이정재','남성',70,183,1),(739,'이정현','여성',36,169,4),(740,'이정형','남성',57,182,2),(741,'이제훈','여성',35,189,1),(742,'이종혁','남성',53,175,1),(743,'이주연','남성',31,167,4),(744,'이주영','여성',45,177,1),(745,'이주원','남성',45,184,4),(746,'이주호','남성',42,164,1),(747,'이준혁','남성',34,183,5),(748,'이지연','남성',37,185,3),(749,'이지현','남성',38,186,5),(750,'이지훈','남성',43,160,1),(751,'이진리','여성',58,161,3),(752,'이채영','여성',36,165,1),(753,'이천희','여성',58,178,2),(754,'이철민','남성',23,164,5),(755,'이청아','여성',50,183,1),(756,'이춘숙','남성',48,169,1),(757,'이탐미','여성',33,186,2),(758,'이태경','여성',65,174,2),(759,'이태희','남성',69,162,5),(760,'이택근','여성',61,174,3),(761,'이하늬','여성',68,166,5),(762,'이하율','여성',47,164,1),(763,'이학주','여성',42,184,1),(764,'이한열','남성',35,189,2),(765,'이한주','남성',61,160,1),(766,'이항나','남성',39,163,1),(767,'이헌주','남성',39,168,1),(768,'이현균','여성',59,168,5),(769,'이현웅','여성',62,172,3),(770,'이혜영','여성',31,175,1),(771,'이호연','여성',22,179,1),(772,'이홍내','남성',23,160,5),(773,'이효제','여성',21,182,3),(774,'이희준','남성',62,176,1),(775,'임나영','여성',30,163,5),(776,'임동국','여성',46,162,1),(777,'임미경','여성',37,178,1),(778,'임병선','남성',42,164,1),(779,'임선녀','남성',54,190,1),(780,'임선빈','여성',70,190,1),(781,'임성미','남성',20,179,1),(782,'임세미','남성',40,165,1),(783,'임시현','남성',23,178,4),(784,'임영우','여성',67,182,2),(785,'임우일','남성',61,162,1),(786,'임원희','여성',21,163,5),(787,'임일진','여성',38,171,1),(788,'임재성','남성',56,177,3),(789,'임정은','여성',63,175,5),(790,'임지연','여성',34,182,1),(791,'임지호','여성',36,167,1),(792,'임채헌','여성',63,165,1),(793,'임호준','여성',43,183,1),(794,'임화영','남성',68,176,1),(795,'자승','여성',70,160,1),(796,'장광','여성',43,166,3),(797,'장동윤','여성',55,163,2),(798,'장리우','여성',25,184,1),(799,'장상기','여성',58,185,4),(800,'장선','여성',38,172,3),(801,'장소연','여성',41,171,1),(802,'장소영','여성',26,183,1),(803,'장솜이','여성',26,168,5),(804,'장영남','남성',48,175,1),(805,'장영도','남성',58,182,2),(806,'장원영','여성',63,188,1),(807,'장유상','여성',69,186,2),(808,'장윤주','여성',42,176,2),(809,'장진희','여성',41,163,3),(810,'장하은','남성',57,190,5),(811,'장혁','여성',33,170,3),(812,'장현동','여성',29,164,1),(813,'장현성','남성',24,177,2),(814,'장혜진','남성',53,188,2),(815,'장호동','여성',48,171,1),(816,'전국향','여성',20,169,1),(817,'전도연','여성',46,185,1),(818,'전무송','여성',24,189,2),(819,'전미선','여성',28,190,1),(820,'전봉석','남성',28,184,1),(821,'전석호','여성',42,189,2),(822,'전세현','남성',23,170,4),(823,'전소니','남성',29,181,5),(824,'전소민','여성',25,164,1),(825,'전은구','남성',39,177,1),(826,'전종서','남성',48,183,5),(827,'전지학','남성',21,185,4),(828,'전태열','여성',27,179,5),(829,'전혜진','여성',24,170,1),(830,'정광우','여성',50,171,5),(831,'정난모','남성',46,182,1),(832,'정다은','남성',65,165,2),(833,'정두홍','여성',26,181,2),(834,'정만식','여성',52,174,3),(835,'정서연','여성',49,179,1),(836,'정선일','여성',40,176,2),(837,'정성만','여성',22,161,4),(838,'정소민','남성',32,169,1),(839,'정수지','여성',62,178,5),(840,'정승길','남성',47,183,1),(841,'정애화','여성',51,167,4),(842,'정영섭','여성',65,171,1),(843,'정영숙','남성',35,190,1),(844,'정영주','여성',62,176,3),(845,'정예진','여성',28,164,2),(846,'정우','남성',53,168,1),(847,'정우성','남성',62,166,2),(848,'정유미','남성',49,172,1),(849,'정유민','남성',28,186,1),(850,'정은경','남성',49,165,4),(851,'정은애','남성',25,188,5),(852,'정은지','남성',59,178,5),(853,'정은혜','남성',69,171,1),(854,'정의욱','여성',63,180,1),(855,'정이랑','여성',33,185,5),(856,'정이서','남성',47,182,1),(857,'정일우','남성',67,160,1),(858,'정재광','남성',54,183,2),(859,'정재영','여성',50,164,5),(860,'정제우','남성',47,179,3),(861,'정제원','여성',64,169,1),(862,'정준호','남성',70,171,1),(863,'정지소','여성',50,168,2),(864,'정지혜','남성',43,173,2),(865,'정지후','남성',67,189,1),(866,'정진운','여성',35,187,1),(867,'정태성','여성',69,163,3),(868,'정태일','남성',45,168,5),(869,'정하담','남성',52,160,2),(870,'정해균','남성',54,160,5),(871,'정해인','남성',44,174,4),(872,'정형민','남성',21,189,1),(873,'정형석','여성',23,166,5),(874,'정혜성','남성',44,171,1),(875,'정혜옥','남성',23,163,5),(876,'정혜원','여성',46,179,5),(877,'정혜인','여성',50,189,1),(878,'정화','여성',35,175,1),(879,'정휘','남성',42,190,1),(880,'정희민','여성',56,169,1),(881,'조경이','남성',22,184,5),(882,'조경훈','남성',37,178,5),(883,'조달환','여성',43,184,3),(884,'조동혁','여성',35,181,4),(885,'조민경','남성',70,185,4),(886,'조민상','남성',46,160,1),(887,'조민수','남성',63,186,2),(888,'조병규','여성',40,167,1),(889,'조복래','여성',52,170,4),(890,'조부용','남성',59,174,1),(891,'조서연','여성',38,175,5),(892,'조선기','여성',27,165,1),(893,'조선묵','여성',53,188,4),(894,'조성하','여성',60,189,5),(895,'조성희','남성',58,183,4),(896,'조수원','남성',27,168,3),(897,'조수진','남성',49,165,4),(898,'조슬아','여성',21,181,5),(899,'조여정','남성',26,182,1),(900,'조우진','남성',67,185,3),(901,'조운','남성',39,171,4),(902,'조윤희','남성',67,160,3),(903,'조은지','여성',27,173,2),(904,'조인성','여성',22,165,3),(905,'조재윤','남성',22,171,5),(906,'조정민','여성',47,168,4),(907,'조정석','여성',37,174,3),(908,'조준우','남성',28,175,1),(909,'조진웅','남성',56,190,1),(910,'조타슬림','여성',24,168,2),(911,'조하은','남성',57,189,5),(912,'조한나','남성',47,181,4),(913,'조한선','남성',66,169,5),(914,'조한철','여성',70,183,1),(915,'조현','여성',69,186,1),(916,'조현영','남성',63,161,1),(917,'조현정','여성',59,173,3),(918,'조현철','남성',21,175,1),(919,'조혜진','남성',50,164,1),(920,'존카메론미첼','여성',52,172,5),(921,'주보비','남성',26,187,5),(922,'주예림','여성',66,177,1),(923,'주종혁','남성',20,161,3),(924,'준호','남성',44,182,2),(925,'지나거손','여성',63,161,5),(926,'지나이다이바노브나','남성',67,174,1),(927,'지대한','남성',41,163,1),(928,'지만원','남성',47,177,2),(929,'지명환','남성',55,160,1),(930,'지안','여성',26,164,2),(931,'지웅','남성',49,160,1),(932,'지은숙','남성',62,173,1),(933,'지일주','여성',49,166,3),(934,'지현우','여성',52,167,1),(935,'진','여성',27,170,3),(936,'진각','남성',38,162,1),(937,'진경','남성',60,187,2),(938,'진구','여성',23,162,3),(939,'진기주','여성',25,171,2),(940,'진서연','여성',39,171,4),(941,'진선규','여성',28,174,5),(942,'진선미','여성',60,168,3),(943,'진영','남성',59,172,5),(944,'진용지우','남성',70,170,1),(945,'진이한','여성',58,162,1),(946,'진진','남성',26,166,1),(947,'차서하','남성',66,176,4),(948,'차승원','남성',55,179,1),(949,'차은우','여성',65,174,1),(950,'차지혁','남성',31,170,1),(951,'차지현','남성',31,160,4),(952,'차희재','여성',64,185,1),(953,'찬미','여성',29,178,1),(954,'찬열','남성',65,175,5),(955,'찬희','남성',53,183,1),(956,'채경선','여성',34,185,1),(957,'천우희','남성',47,166,1),(958,'천정명','남성',43,166,5),(959,'천하영','여성',23,161,2),(960,'최국인','남성',70,180,5),(961,'최귀화','여성',44,183,1),(962,'최규진','남성',64,189,2),(963,'최대철','남성',55,174,1),(964,'최덕문','남성',63,174,2),(965,'최동구','여성',23,180,1),(966,'최동원','여성',52,161,2),(967,'최로운','여성',31,183,5),(968,'최리','여성',53,178,3),(969,'최명빈','남성',70,163,1),(970,'최미경','남성',33,188,4),(971,'최민식','여성',65,163,1),(972,'최민호','여성',57,183,1),(973,'최불암','남성',36,162,1),(974,'최성은','여성',23,162,1),(975,'최솔희','남성',54,181,1),(976,'최수경','여성',68,170,5),(977,'최시형','여성',63,165,1),(978,'최연청','여성',49,165,1),(979,'최용진','남성',20,163,5),(980,'최우성','여성',51,175,3),(981,'최우식','남성',49,161,1),(982,'최웅','남성',22,186,1),(983,'최유화','남성',61,163,1),(984,'최윤영','여성',54,172,4),(985,'최은비','여성',47,186,1),(986,'최이태','여성',59,190,3),(987,'최일순','남성',30,176,1),(988,'최정민','남성',39,166,1),(989,'최정운','남성',69,181,1),(990,'최정원','여성',36,188,1),(991,'최준선','남성',55,180,1),(992,'최준우','남성',42,167,5),(993,'최준원','남성',36,164,5),(994,'최지현','여성',41,189,1),(995,'최진영','남성',24,178,3),(996,'최철호','여성',70,189,1),(997,'최향윤','여성',21,160,5),(998,'최현아','남성',32,170,1),(999,'최현진','여성',62,170,4),(1000,'최희서','여성',52,160,2),(1001,'최희진','남성',32,164,1),(1002,'치타','여성',37,177,3),(1003,'쿠마켄고','여성',69,167,2),(1004,'크리스라이언','남성',39,184,1),(1005,'크리스탈','여성',55,181,1),(1006,'클로이모레츠','남성',35,163,3),(1007,'탕웨이','여성',33,177,4),(1008,'탕준상','남성',26,176,1),(1009,'태인호','남성',49,175,1),(1010,'테오','남성',67,163,5),(1011,'피스피델','남성',51,167,1),(1012,'하니','남성',53,189,4),(1013,'하성국','남성',47,161,4),(1014,'하윤경','남성',39,187,1),(1015,'하정우','남성',64,165,1),(1016,'하준','여성',43,186,2),(1017,'하지원','남성',50,163,1),(1018,'하휘동','여성',29,187,1),(1019,'한동원','남성',56,177,1),(1020,'한사명','남성',65,178,5),(1021,'한석규','남성',50,165,1),(1022,'한선화','남성',62,169,1),(1023,'한성민','남성',39,170,1),(1024,'한승연','남성',23,174,2),(1025,'한예진','여성',27,176,2),(1026,'한우연','남성',33,184,1),(1027,'한정자','여성',37,184,5),(1028,'한지민','남성',33,177,1),(1029,'한지원','남성',28,180,1),(1030,'한태경','남성',64,182,1),(1031,'한태의','여성',65,180,1),(1032,'한하랑','여성',55,190,1),(1033,'한해인','여성',32,176,4),(1034,'한효주','남성',22,173,1),(1035,'한흥만','남성',37,185,5),(1036,'함건수','남성',48,163,3),(1037,'허가윤','여성',32,181,5),(1038,'허성태','여성',26,166,5),(1039,'허율','남성',41,184,1),(1040,'허은주','여성',60,160,3),(1041,'허정도','여성',36,180,1),(1042,'허준호','남성',23,173,2),(1043,'허지연','남성',28,171,2),(1044,'허진','남성',51,177,4),(1045,'혁','남성',20,174,4),(1046,'현길수','여성',41,187,1),(1047,'현리','여성',26,178,5),(1048,'현빈','여성',26,170,5),(1049,'혜리','남성',31,177,5),(1050,'홍경','여성',37,163,5),(1051,'홍경인','여성',37,183,4),(1052,'홍근택','남성',37,174,1),(1053,'홍덕은','남성',67,184,3),(1054,'홍범기','남성',24,182,3),(1055,'홍상표','여성',49,173,2),(1056,'홍서백','남성',35,160,1),(1057,'홍석','남성',57,188,1),(1058,'홍수아','남성',37,170,5),(1059,'홍승범','여성',40,161,2),(1060,'홍예지','여성',66,176,2),(1061,'홍완표','남성',20,160,5),(1062,'홍은기','남성',36,161,5),(1063,'홍이삭','여성',45,171,3),(1064,'홍정민','남성',67,167,3),(1065,'홍종현','남성',54,162,4),(1066,'황보운','여성',31,180,5),(1067,'황석정','남성',63,162,1),(1068,'황선','남성',33,162,1),(1069,'황성균','남성',35,178,1),(1070,'황우슬혜','남성',61,180,1),(1071,'황정민','여성',62,180,5),(1072,'황지연','여성',40,184,3),(1073,'황지은','남성',47,182,3),(1074,'황창영','여성',64,171,1);
/*!40000 ALTER TABLE `actor` ENABLE KEYS */;
UNLOCK TABLES;

--
-- Table structure for table `boxoffice`
--

DROP TABLE IF EXISTS `boxoffice`;
/*!40101 SET @saved_cs_client     = @@character_set_client */;
/*!40101 SET character_set_client = utf8 */;
CREATE TABLE `boxoffice` (
  `boxOfficeId` int(11) NOT NULL AUTO_INCREMENT,
  `movieId` int(11) DEFAULT NULL,
  PRIMARY KEY (`boxOfficeId`),
  KEY `movieId` (`movieId`),
  CONSTRAINT `boxoffice_ibfk_1` FOREIGN KEY (`movieId`) REFERENCES `movie_detail` (`movieId`)
) ENGINE=InnoDB AUTO_INCREMENT=21 DEFAULT CHARSET=utf8mb4;
/*!40101 SET character_set_client = @saved_cs_client */;

--
-- Dumping data for table `boxoffice`
--

LOCK TABLES `boxoffice` WRITE;
/*!40000 ALTER TABLE `boxoffice` DISABLE KEYS */;
INSERT INTO `boxoffice` VALUES (20,184519),(10,187821),(2,191430),(1,191657),(19,193324),(16,201641),(3,203719),(8,204177),(6,209731),(7,209739),(11,210852),(13,211161),(17,213364),(9,213418),(5,218049),(4,218468),(14,218612),(15,218812),(18,218845),(12,219834);
/*!40000 ALTER TABLE `boxoffice` ENABLE KEYS */;
UNLOCK TABLES;

--
-- Table structure for table `comment`
--

DROP TABLE IF EXISTS `comment`;
/*!40101 SET @saved_cs_client     = @@character_set_client */;
/*!40101 SET character_set_client = utf8 */;
CREATE TABLE `comment` (
  `commentId` int(11) NOT NULL AUTO_INCREMENT,
  `userId` int(11) DEFAULT NULL,
  `movieId` int(11) DEFAULT NULL,
  `writeDate` date DEFAULT NULL,
  `content` mediumblob DEFAULT NULL,
  PRIMARY KEY (`commentId`),
  KEY `userId` (`userId`),
  KEY `movieId` (`movieId`),
  CONSTRAINT `comment_ibfk_1` FOREIGN KEY (`userId`) REFERENCES `user` (`userId`),
  CONSTRAINT `comment_ibfk_2` FOREIGN KEY (`movieId`) REFERENCES `movie_detail` (`movieId`)
) ENGINE=InnoDB AUTO_INCREMENT=51 DEFAULT CHARSET=utf8mb4;
/*!40101 SET character_set_client = @saved_cs_client */;

--
-- Dumping data for table `comment`
--

LOCK TABLES `comment` WRITE;
/*!40000 ALTER TABLE `comment` DISABLE KEYS */;
INSERT INTO `comment` VALUES (1,1,161967,'2022-05-09','저릿했던 진심은 피어나는 사랑의 원동력으로\r'),(2,1,179482,'2022-04-09','영화가 하나도 공감이 안됨\r'),(3,1,161967,'2022-05-06','감정은 얄팍, 감성은 오글\r'),(4,1,161967,'2021-06-09','어설픈 리메이크 이럴거면 왜 리메이크 했나\r'),(5,1,161967,'2021-12-04','주연 없이 조연으로만 구성된 영화 같다\r'),(6,1,161967,'2020-03-10','정말 오랜만에 제대로 장전한 원기옥 한방\r'),(7,2,167651,'2021-09-08','인기 많은데 호평하는 사람을 본 적 없는 신비로운 영화\r'),(8,4,167651,'2021-07-19','아니 빨라지는거 볼 때마다 웃겨죽는줄\r'),(9,6,167651,'2022-07-05','왜 인기가 많았는지 이해할 수 없는 영화 중 하나\r'),(10,7,178526,'2022-07-03','욕하면서도 보는 영화ㅋㅋㅋㅋㅋ\r'),(11,13,178526,'2022-11-02','당신이 사랑하는 모든 것을 빼앗을거야. 그러면 날 사랑해주겠지?\r'),(12,13,183136,'2022-11-10','컷 하나 하나 섬세하고 감정선이 화면과 일치한다\r'),(13,13,183136,'2022-05-19','공들인 티가 역력하다. 작정하고 땋은 무거운 미장센의 향연. 메시지는 다 아니까.\r'),(14,18,175316,'2022-03-17','어쨌거나 인간에게 있어 무언가의 \'결핍\'이란건 참 위험해보인다\r'),(15,29,175316,'2021-09-08','준비되지 않은 인간에겐 축복마져 비극이된다\r'),(16,31,179859,'2021-05-08','교양인이자 미친사람이자 사춘기소녀\r'),(17,3,179859,'2022-06-11','사랑한다는 말은 쉽게 남발되지만, 과연 그 깊이는 상대의 뒤틀린 내면에까지 닿을 수 있는가.\r'),(18,3,179859,'2022-09-11','가질 수 없는 것을 사랑하는 사람들. 가질 수 없어야 사랑하는 사람들.\r'),(19,2,179859,'2022-10-06','집착에서 흐르는 강박적인 냉기.\r'),(20,6,189623,'2021-08-04','결핍, 표출. 스타카토, 레가토, 실랑스.\r'),(21,7,193194,'2021-09-30','사랑에도 유통기한이 있다니.. \r'),(22,8,178520,'2022-10-06','그럴듯한 음악과 분위기만 있다면 미저리가 우렁각시로.\r'),(23,9,178520,'2020-08-04','사랑의 태반은 깨지고 부서지며 솔직해지는 과정이 차지한다.\r'),(24,9,194205,'2019-07-06','평생 이런 영화만 보면서 살고싶다\r'),(25,9,194205,'2019-03-07','내용보다 분위기에 더 초점을 두게 만든 신선한 영화. 사실 내용은 아직도 이해안간다.\r'),(26,10,196809,'2020-05-05','<우리, 자영>이 센스있고 좋았는데 무슨 제목을 삼류 로코처럼 만들어 놨냐\r'),(27,17,196809,'2021-10-14','전국의 박우리, 막자영 님들께 뜨거운 위로 드립니다.\r'),(28,29,196809,'2022-03-18','나 전종서 좋아하네\r'),(29,43,196809,'2022-09-05','가끔은 이런 가벼운 영화도 좋더라 아니 그냥 손석구가 좋은건가…?\r'),(30,33,196809,'2021-10-02','고상한 척하는 이들을 부끄럽게 만드는 어른들의 경험담.\r'),(31,37,196809,'2019-08-03','대화의 수위가 높을 뿐 하나부터 열까지 클리셰 덩어리다\r'),(32,32,203488,'2019-04-02','우리는 안에 있는가? 밖에 있는가? \r'),(33,17,203488,'2022-06-06','혼자 보는 것보다 둘이서 보는 게 더 재밌을 듯\r'),(34,14,203465,'2022-05-07','나의 오랜 낭만\r'),(35,44,201687,'2022-04-06','무게를 빼고 유머를 한바가지 부었지만 전작보다 재미도 못하다\r'),(36,42,179159,'2021-07-09','대사가 왜 아직도 00년대 초반에 머물러 있냐\r'),(37,23,213364,'2021-10-09','살아있기에 선택하고 책임질 수 있기에 인간이다\r'),(38,26,179159,'2022-03-01','이렇게 만들겠다고 했을 때 말린 사람이 아무도 없었나...?\r'),(39,21,179159,'2022-08-16','음악만 가지고 일단 별 다섯개\r'),(40,38,179159,'2021-12-04','이정도면 원작모독이다\r'),(41,21,201641,'2019-12-03','명절용 영화가 따로 있는 게 아니다. 그저 잘 만든 영화와 그렇지 못한 영화가 있을 뿐.\r'),(42,10,201641,'2020-05-09','잘생긴 남자 둘. 너무 재밌다 ㅎ\r'),(43,9,201641,'2021-07-05','영화도 잘 생겼더라면 좋았을걸.\r'),(44,5,201641,'2022-08-04','어라 총알이 피해주네?\r'),(45,4,201641,'2022-01-01','곧 명절이라 내래 다시 월남 왔습네다\r'),(46,5,201641,'2022-03-29','훌륭한 가족 시트콤\r'),(47,5,194196,'2022-04-29','새로운 세상을 맞이하는 세기말의 걸작.\r'),(48,5,194196,'2022-03-09','슬로우모션의 교과서,세상에서 가장느린 블록버스터\r'),(49,8,194196,'2021-09-06','불확실성의 난관을 딛고 자유의 선택은 위대하다.\r'),(50,9,194196,'2021-09-15','이 세상 최고의 마법은 사랑\r');
/*!40000 ALTER TABLE `comment` ENABLE KEYS */;
UNLOCK TABLES;

--
-- Table structure for table `director`
--

DROP TABLE IF EXISTS `director`;
/*!40101 SET @saved_cs_client     = @@character_set_client */;
/*!40101 SET character_set_client = utf8 */;
CREATE TABLE `director` (
  `directorId` int(11) NOT NULL AUTO_INCREMENT,
  `directorName` text DEFAULT NULL,
  `directorSex` text DEFAULT NULL,
  `directorAge` int(11) DEFAULT NULL,
  PRIMARY KEY (`directorId`)
) ENGINE=InnoDB AUTO_INCREMENT=581 DEFAULT CHARSET=utf8mb4;
/*!40101 SET character_set_client = @saved_cs_client */;

--
-- Dumping data for table `director`
--

LOCK TABLES `director` WRITE;
/*!40000 ALTER TABLE `director` DISABLE KEYS */;
INSERT INTO `director` VALUES (1,'강다연','여성',34),(2,'강대규','남성',67),(3,'강대희','남성',26),(4,'강동완','남성',32),(5,'강동헌','남성',55),(6,'강상우','남성',68),(7,'강승훈','남성',67),(8,'강유가람','여성',40),(9,'강윤성','여성',55),(10,'강이관','남성',58),(11,'강인석','남성',57),(12,'강지은','여성',70),(13,'강태호','남성',31),(14,'강호준','남성',63),(15,'강효진','여성',51),(16,'고두현','남성',21),(17,'고레에다히로카즈','남성',37),(18,'고명성','남성',43),(19,'고봉수','남성',32),(20,'고정욱','남성',60),(21,'고훈','남성',43),(22,'곽경택','남성',34),(23,'곽민승','남성',65),(24,'곽재용','남성',65),(25,'곽정','여성',45),(26,'구모','남성',25),(27,'구민정','남성',48),(28,'구윤주','여성',29),(29,'구자환','여성',36),(30,'권만기','남성',49),(31,'권명국','남성',51),(32,'권민표','남성',33),(33,'권성모','남성',22),(34,'권수경','남성',24),(35,'권순중','남성',43),(36,'권오광','남성',22),(37,'권오승','여성',39),(38,'권우정','여성',65),(39,'김경엽','남성',53),(40,'김곡','여성',23),(41,'김광빈','여성',62),(42,'김규민','여성',45),(43,'김기성','남성',21),(44,'김기영','여성',23),(45,'김길영','여성',33),(46,'김나경','여성',45),(47,'김남석','여성',23),(48,'김내리','여성',46),(49,'김덕중','여성',69),(50,'김도영','남성',22),(51,'김동령','남성',26),(52,'김동원','여성',26),(53,'김동일','남성',61),(54,'김동후','여성',63),(55,'김록경','남성',39),(56,'김무영','남성',63),(57,'김미례','남성',20),(58,'김미조','여성',30),(59,'김민근','남성',24),(60,'김민섭','여성',64),(61,'김민철','남성',29),(62,'김범삼 ','남성',55),(63,'김병기','남성',31),(64,'김병서','남성',41),(65,'김보라','여성',59),(66,'김봉한','남성',44),(67,'김상규','남성',31),(68,'김상철','여성',24),(69,'김새봄','남성',29),(70,'김서윤','여성',59),(71,'김선','여성',34),(72,'김선웅','남성',44),(73,'김선형','남성',48),(74,'김성국','남성',47),(75,'김성기','여성',36),(76,'김성민','여성',23),(77,'김성준','남성',63),(78,'김성환','여성',37),(79,'김세인','남성',21),(80,'김세희','남성',34),(81,'김소영','여성',33),(82,'김솔','남성',61),(83,'김수정','여성',61),(84,'김승우','여성',22),(85,'김시우','여성',53),(86,'김영일','여성',42),(87,'김오안','남성',52),(88,'김용완','여성',63),(89,'김용진','남성',23),(90,'김용훈','여성',35),(91,'김우석','남성',42),(92,'김유리','여성',70),(93,'김유성','여성',50),(94,'김윤석','여성',69),(95,'김은경','여성',29),(96,'김의성','여성',43),(97,'김재환','남성',37),(98,'김재희','남성',25),(99,'김정권','여성',42),(100,'김정근','남성',57),(101,'김정민','여성',37),(102,'김정식','남성',30),(103,'김정영','여성',31),(104,'김정욱','남성',42),(105,'김정인','남성',33),(106,'김정훈','남성',46),(107,'김조광수','남성',44),(108,'김종관','남성',21),(109,'김종재','남성',58),(110,'김주호','여성',30),(111,'김주환','여성',44),(112,'김준식','여성',23),(113,'김중현','남성',57),(114,'김지석','여성',53),(115,'김지영','여성',34),(116,'김지한','남성',42),(117,'김지혜','남성',31),(118,'김지훈','여성',68),(119,'김진수','남성',68),(120,'김진열','여성',57),(121,'김진영','남성',60),(122,'김진욱','여성',38),(123,'김진원','남성',40),(124,'김진유','남성',53),(125,'김진철','여성',57),(126,'김진홍','여성',32),(127,'김진화','남성',57),(128,'김창주','남성',23),(129,'김충길','여성',51),(130,'김태영','여성',45),(131,'김태윤','여성',54),(132,'김태훈','여성',36),(133,'김하라','여성',48),(134,'김한결','남성',51),(135,'김한라','남성',47),(136,'김한민','남성',25),(137,'김현','남성',27),(138,'김현탁','여성',24),(139,'김현호','남성',45),(140,'김형기','남성',35),(141,'김형주','남성',37),(142,'김형진','여성',21),(143,'김혜미','여성',36),(144,'김혜진','남성',63),(145,'김호락','남성',38),(146,'김홍기','남성',42),(147,'김홍선','여성',49),(148,'김홍익','남성',25),(149,'김환태','여성',68),(150,'김회근','남성',59),(151,'김휘근','남성',41),(152,'김희성','여성',58),(153,'김희주','남성',23),(154,'남궁선','여성',39),(155,'남대중','여성',20),(156,'남순아','남성',26),(157,'남연우','여성',47),(158,'남태제','남성',65),(159,'도하','남성',63),(160,'류승완','남성',61),(161,'류장하','여성',63),(162,'류정우','남성',39),(163,'리건','여성',54),(164,'마영민','여성',33),(165,'모현신','여성',31),(166,'모홍진','남성',43),(167,'문승욱','여성',30),(168,'문정윤','여성',50),(169,'민규동','여성',24),(170,'민환기','남성',55),(171,'박강아름','여성',68),(172,'박경목','남성',59),(173,'박경진','남성',30),(174,'박경태','여성',57),(175,'박규태','남성',27),(176,'박규현','여성',28),(177,'박근영','여성',52),(178,'박누리','여성',58),(179,'박단희','남성',59),(180,'박대민','여성',46),(181,'박동기','남성',30),(182,'박동훈','여성',43),(183,'박문칠','여성',40),(184,'박배일','남성',56),(185,'박범준','남성',24),(186,'박상현','남성',44),(187,'박상훈','남성',20),(188,'박석영','여성',64),(189,'박선주','여성',29),(190,'박세민','남성',57),(191,'박소현','여성',58),(192,'박송열','남성',35),(193,'박수민','남성',28),(194,'박수진','남성',30),(195,'박영임','남성',28),(196,'박영주','여성',56),(197,'박용집','여성',24),(198,'박우주','남성',56),(199,'박윤진','남성',45),(200,'박이웅','여성',35),(201,'박일호','여성',47),(202,'박정배','여성',48),(203,'박제범','여성',25),(204,'박주영','여성',67),(205,'박주환','남성',32),(206,'박준수','남성',70),(207,'박중석','여성',34),(208,'박지완','여성',44),(209,'박찬욱','여성',70),(210,'박철우','여성',24),(211,'박한진','여성',59),(212,'박혁지','여성',59),(213,'박현용','남성',24),(214,'박혜령','여성',61),(215,'박호찬','남성',23),(216,'박홍민','여성',23),(217,'박훈정','남성',59),(218,'박희권','여성',60),(219,'반태경','여성',61),(220,'방현준','여성',43),(221,'배상국','남성',53),(222,'배종대','여성',23),(223,'백승기','여성',36),(224,'백승환','남성',62),(225,'백재호','여성',29),(226,'백진우','여성',28),(227,'변규리','남성',28),(228,'변성현','남성',55),(229,'변영규','남성',26),(230,'복운석','여성',37),(231,'복진오','여성',26),(232,'봉준영','남성',34),(233,'봉준호','남성',59),(234,'부은주','남성',37),(235,'부지영','여성',63),(236,'브리지트부이오','여성',50),(237,'서동일','여성',29),(238,'서유민','남성',45),(239,'서은영','남성',63),(240,'서정미','남성',37),(241,'서태수','남성',24),(242,'서한솔','남성',36),(243,'성신효','여성',70),(244,'소재익','여성',52),(245,'소준문','남성',51),(246,'손미','여성',23),(247,'손석우','여성',25),(248,'손승현','여성',34),(249,'손용호','여성',45),(250,'손원경','남성',61),(251,'손원평','남성',69),(252,'손재곤','남성',25),(253,'송상민','여성',43),(254,'송영윤','남성',50),(255,'송예진','여성',66),(256,'송요한','여성',61),(257,'송운','남성',52),(258,'송원근','남성',31),(259,'송원준','남성',63),(260,'송정율','여성',60),(261,'송창용','여성',43),(262,'시즈노코분','여성',55),(263,'신근호','남성',31),(264,'신동민','여성',49),(265,'신상민','남성',50),(266,'신선','여성',67),(267,'신수원','남성',56),(268,'신승환','남성',27),(269,'신아가','여성',44),(270,'신양중','남성',38),(271,'신연식','남성',33),(272,'신정원','남성',65),(273,'신준영','여성',57),(274,'신창환','여성',29),(275,'신해강','여성',45),(276,'신혜진','여성',22),(277,'신효진','여성',67),(278,'심규호','남성',38),(279,'심덕근','여성',35),(280,'심미희','남성',31),(281,'심요한','남성',28),(282,'심찬양','남성',40),(283,'심혜정','남성',30),(284,'안다훈','남성',24),(285,'안드로','여성',63),(286,'안재훈','남성',23),(287,'안주영','여성',54),(288,'안희수','여성',56),(289,'양우석','여성',56),(290,'양정웅','여성',61),(291,'엄유나','여성',36),(292,'여균동','여성',53),(293,'연상호','남성',61),(294,'연송하','여성',51),(295,'연왕모','여성',66),(296,'염정원','여성',21),(297,'염지호','남성',26),(298,'오성윤','여성',22),(299,'오세연','남성',24),(300,'오원재','남성',64),(301,'오윤동','남성',64),(302,'오정석','남성',61),(303,'왕민철','여성',56),(304,'용수','남성',23),(305,'우경희','여성',53),(306,'우민호','남성',47),(307,'원신연','여성',52),(308,'원종식','여성',34),(309,'원호연','남성',68),(310,'유선동','남성',63),(311,'유은정','여성',65),(312,'유재욱','남성',69),(313,'유재운','남성',46),(314,'유준상','남성',49),(315,'유태오','여성',62),(316,'유하','남성',42),(317,'유현','여성',67),(318,'육상효','남성',70),(319,'윤가은','여성',24),(320,'윤기형','여성',33),(321,'윤단비','남성',27),(322,'윤성준','여성',43),(323,'윤여창','남성',56),(324,'윤영빈','남성',21),(325,'윤원규','남성',36),(326,'윤은경','남성',51),(327,'윤재근','남성',22),(328,'윤재호','남성',34),(329,'윤제완','여성',31),(330,'윤종석','남성',44),(331,'윤창섭','남성',49),(332,'음정현','여성',26),(333,'이강현','여성',56),(334,'이건휘','남성',66),(335,'이계벽','여성',34),(336,'이규만','여성',54),(337,'이규철','남성',58),(338,'이난','남성',54),(339,'이대희','여성',23),(340,'이돈구','남성',50),(341,'이동윤','여성',52),(342,'이동은','남성',58),(343,'이동환','여성',21),(344,'이란희','남성',36),(345,'이미영','남성',50),(346,'이미해','여성',63),(347,'이민재','남성',66),(348,'이병헌','남성',46),(349,'이상근','남성',40),(350,'이상덕','남성',59),(351,'이상묵','남성',68),(352,'이상문','여성',26),(353,'이상용','여성',60),(354,'이상철','여성',26),(355,'이상호','남성',51),(356,'이상훈','남성',62),(357,'이새별','남성',44),(358,'이석재','여성',49),(359,'이석훈','여성',49),(360,'이선명','여성',58),(361,'이성강','남성',23),(362,'이성일','남성',39),(363,'이성태','여성',41),(364,'이성한','남성',42),(365,'이솜이','여성',66),(366,'이수성','여성',52),(367,'이수정','남성',37),(368,'이수진','남성',68),(369,'이순성','남성',49),(370,'이슬기','남성',57),(371,'이승수','남성',28),(372,'이승원','남성',56),(373,'이승준','남성',30),(374,'이승현','여성',41),(375,'이승환','남성',65),(376,'이연우','남성',46),(377,'이영아','여성',32),(378,'이영준','남성',21),(379,'이옥섭','여성',45),(380,'이용남','여성',62),(381,'이용주','남성',42),(382,'이우정','남성',62),(383,'이원영','여성',35),(384,'이원태','여성',27),(385,'이윤호','남성',32),(386,'이은상','남성',23),(387,'이인의','여성',33),(388,'이일하','여성',64),(389,'이일형','여성',28),(390,'이장훈','여성',34),(391,'이장희','남성',27),(392,'이재원','여성',63),(393,'이재은','여성',63),(394,'이정곤','여성',37),(395,'이정국','남성',49),(396,'이정범','여성',50),(397,'이정재','남성',31),(398,'이정준','여성',35),(399,'이정호','남성',55),(400,'이제한','여성',40),(401,'이조훈','남성',23),(402,'이종언','여성',35),(403,'이종은','여성',62),(404,'이종필','여성',44),(405,'이주호','여성',26),(406,'이준익','여성',41),(407,'이지승','여성',61),(408,'이지원','남성',69),(409,'이지형','여성',57),(410,'이진호','여성',62),(411,'이창근','여성',29),(412,'이창무','여성',25),(413,'이창원','여성',24),(414,'이철하','남성',24),(415,'이춘백','여성',53),(416,'이충렬','여성',30),(417,'이탁','남성',65),(418,'이태겸','남성',26),(419,'이한','남성',42),(420,'이한종','여성',36),(421,'이해준','여성',28),(422,'이혁래','여성',34),(423,'이호경','남성',34),(424,'이호성','여성',51),(425,'이환','여성',35),(426,'이환경','남성',56),(427,'이훈국','남성',32),(428,'임경택','여성',48),(429,'임대형','여성',52),(430,'임석진','여성',33),(431,'임선애','남성',48),(432,'임성관','남성',28),(433,'임성용','남성',40),(434,'임승현','여성',57),(435,'임오정','남성',54),(436,'임왕태','여성',32),(437,'임용재','여성',67),(438,'임일진','남성',56),(439,'임재영','여성',37),(440,'임정은','여성',29),(441,'임정환','여성',31),(442,'임준현','여성',58),(443,'임지선','남성',29),(444,'임진평','남성',61),(445,'임태규','남성',20),(446,'임현묵','여성',31),(447,'임흥순','여성',50),(448,'장건재','여성',26),(449,'장규성','남성',41),(450,'장률','여성',26),(451,'장민승','여성',50),(452,'장우진','여성',60),(453,'장유정','남성',27),(454,'장재일','남성',45),(455,'장재현','여성',70),(456,'장철수','남성',38),(457,'장현상','여성',33),(458,'장형윤','여성',70),(459,'전계수','남성',30),(460,'전규환','여성',69),(461,'전민혁','여성',62),(462,'전재홍','남성',49),(463,'전지희','여성',65),(464,'전혜림','여성',58),(465,'전후석','여성',56),(466,'정가영','남성',63),(467,'정관조','남성',66),(468,'정길훈','남성',34),(469,'정다운','여성',50),(470,'정다원','여성',48),(471,'정대건','여성',35),(472,'정병각','남성',35),(473,'정세교','여성',34),(474,'정승민','남성',60),(475,'정승오','남성',31),(476,'정승원','여성',35),(477,'정연경','여성',32),(478,'정용주','여성',55),(479,'정욱','남성',50),(480,'정원희','남성',69),(481,'정윤철','남성',24),(482,'정인봉','여성',34),(483,'정재은','여성',52),(484,'정재익','남성',51),(485,'정주희','남성',35),(486,'정지연','남성',66),(487,'정지영','여성',23),(488,'정지우','여성',65),(489,'정지훈','여성',46),(490,'정진영','남성',51),(491,'정하용','남성',33),(492,'정혁기','남성',41),(493,'정형민','남성',50),(494,'정형석','남성',52),(495,'정혜연','여성',23),(496,'정희재','여성',33),(497,'조경호','여성',64),(498,'조동희','여성',42),(499,'조민재','남성',22),(500,'조민호','여성',48),(501,'조바른','남성',39),(502,'조석현','남성',27),(503,'조성규','남성',43),(504,'조성빈','남성',70),(505,'조슬예','여성',44),(506,'조승원','남성',46),(507,'조영광','남성',52),(508,'조용선','여성',62),(509,'조은성','남성',25),(510,'조은지','여성',70),(511,'조이예환','남성',51),(512,'조일형','남성',55),(513,'조진모','남성',46),(514,'조철현','남성',45),(515,'주진우','여성',34),(516,'주현숙','남성',51),(517,'지일주','남성',55),(518,'지혜원','남성',52),(519,'진승현','여성',55),(520,'진재운','여성',51),(521,'차봉주','여성',58),(522,'차인표','여성',53),(523,'차진우','여성',49),(524,'창감독','여성',22),(525,'천명관','여성',57),(526,'최국희','여성',60),(527,'최동훈','여성',61),(528,'최상진','여성',25),(529,'최상훈','여성',35),(530,'최소망','여성',30),(531,'최신규','여성',47),(532,'최영민','남성',38),(533,'최원섭','남성',57),(534,'최윤태','여성',57),(535,'최은종','여성',68),(536,'최익환','여성',55),(537,'최재훈','여성',61),(538,'최정민','여성',64),(539,'최정열','여성',62),(540,'최종태','남성',62),(541,'최종학','남성',51),(542,'최진영','여성',50),(543,'최창환','남성',31),(544,'최하나','여성',23),(545,'최헌규','여성',30),(546,'탁세웅','여성',53),(547,'투케이','여성',36),(548,'필감성','남성',39),(549,'하수민','여성',25),(550,'하원준','남성',30),(551,'하윤재','여성',70),(552,'한가람','여성',32),(553,'한승우','여성',27),(554,'한유원','여성',23),(555,'한재림','여성',59),(556,'한제이','여성',42),(557,'한종훈','남성',49),(558,'한준희','여성',49),(559,'한태의','여성',53),(560,'한현석','남성',37),(561,'허동우','남성',41),(562,'허인무','남성',63),(563,'허정재','남성',40),(564,'현승휘','남성',33),(565,'현진식','남성',53),(566,'홍대영','남성',34),(567,'홍상수','남성',59),(568,'홍성은','여성',47),(569,'홍성호','남성',47),(570,'홍승완','남성',53),(571,'홍원기','여성',20),(572,'홍원찬','남성',43),(573,'홍은미','남성',56),(574,'홍의정','여성',46),(575,'홍준표','남성',39),(576,'홍지영','여성',24),(577,'홍태선','여성',26),(578,'황승재','여성',60),(579,'황욱','남성',65),(580,'황지현','여성',28);
/*!40000 ALTER TABLE `director` ENABLE KEYS */;
UNLOCK TABLES;

--
-- Table structure for table `issue`
--

DROP TABLE IF EXISTS `issue`;
/*!40101 SET @saved_cs_client     = @@character_set_client */;
/*!40101 SET character_set_client = utf8 */;
CREATE TABLE `issue` (
  `issueId` int(11) NOT NULL AUTO_INCREMENT,
  `issueContent` text DEFAULT NULL,
  PRIMARY KEY (`issueId`)
) ENGINE=InnoDB AUTO_INCREMENT=6 DEFAULT CHARSET=utf8mb4;
/*!40101 SET character_set_client = @saved_cs_client */;

--
-- Dumping data for table `issue`
--

LOCK TABLES `issue` WRITE;
/*!40000 ALTER TABLE `issue` DISABLE KEYS */;
INSERT INTO `issue` VALUES (1,'논란 없음'),(2,'음주운전'),(3,'마약'),(4,'성범죄'),(5,'인성 논란');
/*!40000 ALTER TABLE `issue` ENABLE KEYS */;
UNLOCK TABLES;

--
-- Table structure for table `movie_actor`
--

DROP TABLE IF EXISTS `movie_actor`;
/*!40101 SET @saved_cs_client     = @@character_set_client */;
/*!40101 SET character_set_client = utf8 */;
CREATE TABLE `movie_actor` (
  `movieId` int(11) NOT NULL,
  `actorId` int(11) NOT NULL,
  PRIMARY KEY (`movieId`,`actorId`),
  KEY `actorId` (`actorId`),
  CONSTRAINT `movie_actor_ibfk_1` FOREIGN KEY (`movieId`) REFERENCES `movie_detail` (`movieId`),
  CONSTRAINT `movie_actor_ibfk_2` FOREIGN KEY (`actorId`) REFERENCES `actor` (`actorId`)
) ENGINE=InnoDB DEFAULT CHARSET=utf8mb4;
/*!40101 SET character_set_client = @saved_cs_client */;

--
-- Dumping data for table `movie_actor`
--

LOCK TABLES `movie_actor` WRITE;
/*!40000 ALTER TABLE `movie_actor` DISABLE KEYS */;
INSERT INTO `movie_actor` VALUES (23138,623),(23138,757),(23138,1046),(96951,279),(96951,359),(96951,983),(119552,35),(119552,998),(119552,1056),(119591,25),(119591,750),(119591,834),(127386,277),(127386,436),(127386,833),(140738,482),(140738,927),(142265,239),(142265,787),(142266,331),(142266,573),(142266,614),(144318,272),(144318,338),(144318,371),(146418,429),(146418,708),(146418,921),(151961,64),(151961,865),(152344,335),(152344,704),(152344,747),(152624,393),(152624,937),(152624,1070),(153580,380),(153580,677),(153580,823),(153934,259),(153934,424),(153934,559),(154672,493),(154672,689),(154672,876),(154793,92),(154793,455),(154793,806),(154947,151),(154947,533),(154947,579),(159070,14),(159070,423),(159070,660),(159074,46),(159074,319),(159074,900),(159806,112),(159806,144),(159806,972),(159812,446),(159812,566),(159812,957),(159845,233),(159845,474),(161500,91),(161500,221),(161500,657),(161967,476),(161967,677),(161967,899),(161984,446),(161984,957),(161984,1021),(162149,748),(162149,771),(162149,873),(162422,332),(162422,712),(163608,282),(163608,608),(163608,900),(164143,253),(164143,566),(164143,846),(164172,275),(164172,331),(164172,943),(164173,50),(164173,282),(164173,907),(164907,425),(164907,925),(164907,1006),(165287,236),(165287,811),(165287,910),(165460,24),(165460,78),(165460,81),(167099,359),(167099,734),(167099,738),(167421,95),(167421,189),(167421,481),(167422,762),(167422,945),(167422,958),(167597,155),(167597,715),(167597,719),(167600,147),(167600,454),(167629,38),(167629,101),(167648,261),(167648,575),(167648,801),(167651,278),(167651,761),(167651,941),(167653,393),(167653,473),(167653,909),(167674,191),(167674,467),(167674,818),(167699,612),(167699,617),(168683,507),(168683,868),(168683,1068),(168711,213),(168711,926),(168711,960),(168740,126),(168740,269),(168740,393),(168743,140),(168743,745),(168743,885),(168744,131),(168744,363),(168745,586),(168745,637),(169078,90),(169078,547),(169078,859),(170286,131),(170286,918),(170290,330),(170290,336),(170290,346),(170309,911),(170309,987),(170309,1069),(171409,896),(171409,908),(171409,956),(171752,153),(171752,257),(171785,148),(171785,245),(171785,557),(172181,951),(172181,1052),(172529,18),(172529,24),(172529,732),(173667,22),(173667,763),(173668,379),(173668,476),(173668,819),(173842,197),(173842,464),(173842,629),(173906,19),(173906,845),(174050,446),(174050,817),(174065,275),(174065,683),(174255,290),(174255,767),(174256,343),(174261,576),(174261,1047),(174261,1061),(174268,288),(174268,362),(174268,758),(174269,432),(174269,544),(174292,7),(174292,28),(174294,11),(174294,485),(174296,518),(174296,874),(174297,54),(174297,163),(174304,553),(174304,889),(174530,266),(174797,253),(174797,549),(174797,1049),(174834,477),(174834,597),(174903,621),(174903,907),(175316,380),(175316,548),(175316,948),(175324,380),(175324,606),(175324,713),(175366,510),(175366,640),(175366,693),(175393,51),(175393,95),(175393,253),(175404,61),(175404,739),(175404,742),(176306,51),(176306,661),(176306,684),(176625,5),(176625,823),(176625,1033),(176742,117),(176742,202),(176742,302),(176746,4),(176746,736),(176746,1004),(176747,177),(176747,202),(176886,445),(176886,516),(176912,471),(177039,497),(177039,724),(177366,446),(177366,677),(177371,685),(177371,852),(177371,984),(177374,234),(177374,847),(177483,295),(177483,386),(177508,68),(177509,135),(177509,408),(177509,684),(177510,434),(177510,941),(177511,755),(177511,1065),(177543,77),(177543,517),(177543,1043),(177599,1),(177599,72),(177599,258),(177909,129),(177909,166),(177909,285),(177967,114),(177967,138),(177967,285),(178267,256),(178267,328),(178483,109),(178483,199),(178483,358),(178485,203),(178485,799),(178485,825),(178520,305),(178520,456),(178520,457),(178526,282),(178526,612),(178526,900),(178544,323),(178544,525),(178544,584),(178569,648),(178687,756),(178687,872),(179095,201),(179095,531),(179095,1000),(179125,105),(179125,588),(179125,941),(179158,80),(179158,871),(179159,61),(179159,139),(179159,253),(179181,402),(179181,817),(179181,847),(179301,483),(179301,518),(179301,592),(179302,351),(179302,903),(179306,832),(179307,131),(179307,369),(179310,94),(179310,628),(179392,65),(179392,495),(179392,581),(179393,630),(179393,714),(179394,56),(179394,165),(179394,649),(179395,463),(179395,472),(179397,214),(179397,443),(179397,532),(179398,57),(179398,295),(179398,744),(179461,518),(179461,957),(179481,366),(179481,391),(179481,688),(179482,46),(179482,848),(179506,82),(179506,928),(179520,58),(179520,59),(179520,293),(179859,257),(179859,774),(179875,606),(179875,684),(179875,829),(179894,403),(179894,870),(179894,909),(180025,14),(180025,347),(180025,530),(180169,597),(180169,648),(180169,969),(180209,838),(180209,924),(180209,961),(180351,402),(180351,450),(180351,804),(180372,133),(180372,534),(180372,545),(180378,409),(180378,512),(180378,1042),(180382,558),(180382,797),(180382,941),(180385,634),(180385,814),(180385,1009),(180390,446),(180390,909),(180397,461),(180397,563),(180397,575),(180402,610),(180402,858),(180402,957),(180681,205),(180681,480),(180681,699),(180851,55),(180851,418),(180851,496),(181046,300),(181046,873),(181046,883),(181554,179),(181554,749),(181568,111),(181568,462),(181568,942),(181584,523),(181584,583),(181584,703),(181705,613),(181705,641),(181705,1011),(181717,6),(181717,53),(181717,313),(181925,90),(181925,1015),(181925,1039),(182205,50),(182205,105),(182234,331),(182234,546),(182234,668),(182348,698),(182348,843),(182348,914),(182353,66),(182353,338),(182353,625),(182360,40),(182360,131),(182360,178),(182362,351),(182362,617),(182362,790),(182387,149),(182387,252),(182387,451),(182407,88),(182407,541),(182407,672),(182635,37),(182635,200),(182635,985),(182699,106),(182699,146),(182699,297),(182777,316),(182835,114),(182835,487),(183132,571),(183132,639),(183132,690),(183136,238),(183136,654),(183136,676),(183660,709),(183660,933),(183780,96),(183780,307),(183780,735),(183804,406),(183804,630),(183804,1018),(183854,142),(183854,433),(183854,739),(183862,73),(183862,846),(183866,253),(183866,450),(183866,1017),(183876,285),(183876,359),(183876,871),(183877,266),(184125,529),(184125,805),(184266,54),(184266,66),(184266,86),(184320,21),(184320,895),(184320,976),(184366,130),(184366,521),(184366,555),(184519,476),(184519,661),(184519,817),(184630,384),(184630,733),(184630,807),(184859,110),(184859,1032),(185131,127),(185131,1028),(185134,122),(185134,211),(185134,651),(185148,225),(185148,296),(185148,992),(185149,394),(185149,604),(185149,1003),(185150,44),(185150,680),(185150,798),(185151,20),(185151,207),(185151,816),(185153,54),(185153,235),(185155,124),(185155,861),(185192,292),(185192,294),(185192,515),(185264,253),(185264,278),(185264,565),(185293,75),(185293,434),(185378,158),(185378,204),(185378,753),(185450,89),(185450,162),(185450,922),(185614,195),(185614,723),(185614,1071),(185838,61),(185838,862),(185838,1070),(185913,137),(185913,397),(185913,881),(185917,10),(185917,739),(185924,309),(185924,667),(185924,721),(185925,317),(185925,652),(185925,876),(186114,791),(186219,128),(186219,326),(186219,1038),(186233,189),(186233,338),(186233,477),(186235,264),(186235,363),(186235,794),(186236,167),(186236,821),(186236,918),(186239,326),(186239,498),(186239,763),(186241,62),(186241,150),(186241,1041),(186259,168),(186259,504),(186259,828),(186658,414),(186658,943),(186704,192),(186704,536),(186821,114),(186821,257),(186821,275),(187051,3),(187051,492),(187051,935),(187338,276),(187338,331),(187338,543),(187357,97),(187357,333),(187357,809),(187366,179),(187366,542),(187366,749),(187390,192),(187390,442),(187390,644),(187420,134),(187420,947),(187420,977),(187549,437),(187549,632),(187549,694),(187629,130),(187629,378),(187629,434),(187637,185),(187637,222),(187821,278),(187821,335),(187821,557),(187849,135),(187849,236),(187849,968),(187893,296),(187893,599),(187893,606),(187940,285),(187940,661),(187940,1015),(187979,220),(187979,696),(188192,76),(188192,377),(188192,786),(188195,190),(188195,600),(188195,1040),(188345,528),(188345,535),(188345,1054),(188415,311),(188415,837),(188436,240),(188436,753),(188472,139),(188472,640),(188472,948),(188834,979),(188834,991),(188834,993),(188872,39),(188872,344),(188872,1073),(188909,51),(188909,601),(188909,847),(189046,176),(189046,542),(189046,917),(189053,761),(189053,909),(189068,643),(189069,359),(189069,738),(189069,1071),(189075,417),(189075,446),(189119,887),(189119,1002),(189120,392),(189120,591),(189120,939),(189124,169),(189124,678),(189137,474),(189137,642),(189137,1038),(189141,40),(189141,387),(189141,693),(189264,486),(189264,635),(189264,839),(189373,68),(189373,215),(189373,562),(189438,800),(189438,850),(189440,110),(189563,8),(189563,337),(189563,620),(189568,970),(189568,1031),(189568,1035),(189586,372),(189586,722),(189586,897),(189620,821),(189620,1026),(189622,99),(189622,365),(189622,470),(189623,385),(189623,544),(189623,989),(189625,241),(189625,525),(189625,609),(189628,246),(189628,629),(189628,869),(189630,17),(189630,724),(189631,582),(189631,892),(189631,950),(189633,744),(189633,747),(189634,217),(189634,304),(190012,35),(190012,94),(190012,669),(190320,114),(190320,253),(190320,417),(190325,504),(190325,545),(190325,691),(190364,206),(190364,538),(190364,898),(190374,510),(190374,770),(190374,957),(190381,242),(190381,269),(190381,737),(190382,75),(190382,601),(190382,605),(190400,393),(190400,909),(190400,981),(190455,52),(190455,303),(190455,627),(190458,107),(190458,184),(190573,727),(190579,160),(190579,448),(190579,927),(190584,226),(190584,666),(190598,595),(190598,730),(190598,975),(190991,104),(190991,971),(191267,580),(191267,631),(191267,674),(191430,187),(191430,460),(191652,349),(191652,466),(191652,514),(191657,265),(191657,684),(192150,186),(192150,904),(192150,1042),(192151,181),(192151,229),(192151,282),(192191,119),(192191,432),(192191,478),(192608,285),(192608,465),(192608,961),(192609,353),(192609,803),(192609,955),(192620,29),(192620,957),(193042,526),(193042,636),(193043,7),(193043,671),(193043,1050),(193044,244),(193044,267),(193044,508),(193054,500),(193054,578),(193092,523),(193092,638),(193092,766),(193116,824),(193116,990),(193136,224),(193136,248),(193136,1027),(193185,334),(193185,659),(193185,864),(193194,512),(193194,741),(193194,900),(193214,144),(193214,703),(193214,1037),(193324,299),(193324,739),(193324,940),(193327,36),(193327,934),(193328,136),(193328,295),(193328,808),(193330,540),(193330,891),(193330,967),(193331,354),(193801,26),(193801,596),(193801,682),(193839,389),(193839,944),(193963,154),(193963,193),(193976,438),(193976,1025),(193990,291),(193990,795),(193990,936),(193992,428),(193992,797),(194007,273),(194007,352),(194007,373),(194022,102),(194022,194),(194027,702),(194027,945),(194027,958),(194074,573),(194074,592),(194081,360),(194081,820),(194082,54),(194082,178),(194082,564),(194084,163),(194084,369),(194084,558),(194085,7),(194085,513),(194085,586),(194086,125),(194086,585),(194086,711),(194097,841),(194196,379),(194196,417),(194196,525),(194204,29),(194204,640),(194204,1034),(194205,734),(194205,900),(194205,937),(194273,491),(194273,712),(194273,952),(194289,648),(194334,63),(194334,687),(194334,717),(194344,286),(194344,484),(194344,665),(194463,234),(194463,283),(194463,558),(194485,500),(194485,575),(194485,854),(194660,287),(194660,778),(194660,815),(194661,441),(194661,443),(194661,1020),(194666,431),(194666,603),(194666,974),(194668,156),(194688,69),(194688,307),(194688,321),(194886,44),(194886,340),(194886,658),(194887,855),(194887,986),(194887,1036),(194889,399),(194889,769),(194889,888),(194907,15),(194907,471),(194907,830),(194908,183),(194909,5),(194909,375),(194909,1014),(194910,459),(194910,1016),(195061,41),(195061,550),(195164,558),(195164,562),(195164,724),(195178,619),(195178,999),(195178,1064),(195622,9),(195622,646),(195622,912),(195652,7),(195652,567),(195652,758),(195668,254),(195668,856),(195670,171),(195670,427),(195670,893),(195690,810),(195690,1063),(195691,511),(195691,723),(195691,1012),(195694,312),(195694,525),(195694,624),(195758,738),(195758,829),(195758,847),(195962,60),(195967,262),(195967,368),(195967,796),(195986,270),(196361,485),(196361,502),(196361,520),(196362,128),(196362,616),(196362,678),(196367,355),(196367,435),(196367,503),(196369,71),(196369,844),(196369,1067),(196809,465),(196809,826),(196854,10),(196854,401),(196854,476),(196855,70),(196855,931),(196855,1010),(197061,42),(197061,570),(197061,615),(197062,718),(197062,788),(197062,988),(197068,152),(197068,231),(197068,729),(197069,776),(197069,780),(197071,726),(197071,831),(197071,890),(197447,131),(197447,274),(197447,381),(197461,141),(197461,430),(197461,882),(197468,51),(197468,93),(197468,315),(197496,263),(197496,1045),(197523,159),(197523,593),(197523,792),(197524,31),(197524,174),(197644,368),(197644,572),(197644,611),(197645,752),(197645,906),(197645,996),(197668,555),(197668,894),(197668,930),(198306,411),(198306,563),(198306,781),(198308,148),(198308,522),(198308,607),(198309,28),(198309,54),(198309,86),(198399,83),(198399,569),(198399,630),(198412,32),(198412,509),(198413,379),(198413,739),(198413,1007),(198425,359),(198425,738),(198425,1071),(198430,814),(198430,964),(198430,1005),(198433,410),(198433,878),(198433,933),(198471,633),(198471,706),(198472,853),(198478,489),(198494,164),(198494,505),(198494,664),(198497,395),(198497,513),(198497,1023),(198621,657),(198621,807),(198622,339),(198622,404),(198622,447),(198623,230),(198623,237),(198623,773),(198624,28),(198624,388),(198624,1055),(198625,7),(198625,310),(198626,322),(198626,701),(198626,784),(198737,271),(198737,662),(198737,962),(198941,118),(198941,342),(198967,501),(198967,695),(198967,777),(199068,54),(199068,772),(199068,879),(199393,265),(199393,1028),(199665,966),(199666,577),(199666,686),(199666,697),(199860,359),(199860,621),(199860,684),(199908,929),(199908,932),(199908,1053),(200180,48),(200180,700),(200180,965),(200193,383),(200193,498),(200193,751),(200785,547),(200785,863),(201641,612),(201641,621),(201641,1048),(201685,280),(201685,994),(201685,995),(201686,121),(201686,415),(201686,959),(201687,131),(201687,363),(201692,27),(201692,85),(201692,113),(201696,866),(201696,905),(201701,243),(201701,382),(201701,568),(201702,216),(201718,479),(201718,488),(201718,768),(201724,716),(201724,1022),(201731,232),(201731,235),(201735,356),(201742,779),(201766,170),(201766,175),(201766,329),(201783,198),(201783,675),(201783,744),(201799,132),(201799,209),(201799,227),(201800,47),(201800,594),(201800,692),(201801,348),(201801,653),(201801,849),(201810,23),(201810,218),(201810,281),(201818,312),(201818,499),(201818,836),(201853,449),(201853,506),(201863,45),(201863,832),(201898,835),(201898,938),(202352,682),(202352,721),(202352,796),(202370,212),(202370,398),(202370,469),(202526,98),(202526,645),(202526,915),(202901,883),(202901,954),(203085,161),(203085,978),(203085,1062),(203310,67),(203310,775),(203310,916),(203461,250),(203461,597),(203461,698),(203465,111),(203465,618),(203465,679),(203468,350),(203468,638),(203468,1064),(203661,396),(203667,298),(203715,13),(203715,419),(203715,851),(203716,255),(203716,840),(203716,858),(203719,375),(203719,567),(203719,569),(203721,468),(203721,867),(204138,793),(204138,886),(204138,1030),(204159,214),(204159,622),(204175,43),(204175,413),(204175,774),(204176,513),(204176,587),(204176,850),(204177,527),(204177,731),(204177,813),(204640,34),(204640,632),(204640,728),(204649,29),(204649,647),(204649,1028),(204650,473),(204781,76),(204781,145),(204781,955),(205614,475),(205614,866),(205629,124),(205629,249),(205629,452),(206168,75),(206168,149),(206168,740),(206217,663),(206217,758),(206217,765),(206220,235),(206220,1024),(206220,1059),(206221,821),(206221,894),(206221,1009),(206608,66),(206608,770),(206608,902),(207532,301),(207532,367),(207532,880),(208094,314),(208094,574),(208094,854),(208133,223),(208144,289),(208144,561),(208144,920),(208530,327),(208530,602),(208530,811),(208655,74),(208655,201),(208655,804),(208772,444),(208772,525),(208772,922),(208814,560),(208814,1057),(208821,176),(208821,554),(208821,875),(208824,710),(208824,862),(208824,963),(208839,108),(208839,556),(208839,754),(208858,100),(208858,143),(208858,439),(208873,79),(208873,103),(208873,802),(208976,405),(208976,463),(208976,750),(208982,115),(208982,196),(208982,260),(209100,30),(209100,87),(209100,376),(209647,84),(209647,208),(209647,210),(209727,54),(209727,131),(209727,519),(209728,320),(209728,760),(209728,1013),(209730,180),(209730,624),(209731,341),(209731,590),(209738,116),(209738,125),(209738,433),(209739,592),(209739,842),(209739,903),(210039,537),(210039,791),(210266,361),(210266,421),(210266,973),(210768,66),(210768,737),(210768,1008),(210852,114),(210852,275),(210852,616),(210895,12),(210895,913),(210895,1066),(210932,752),(210932,877),(211161,437),(211161,797),(211161,961),(211286,598),(211286,785),(211301,318),(211301,821),(212082,982),(212082,1058),(212129,412),(212129,901),(212129,1072),(212159,119),(212159,770),(213199,2),(213199,953),(213199,1051),(213329,552),(213329,946),(213329,949),(213364,247),(213364,589),(213364,746),(213382,198),(213382,569),(213382,1033),(213403,453),(213403,782),(213403,1029),(213404,272),(213404,490),(213404,494),(213415,325),(213415,357),(213417,228),(213417,720),(213417,1019),(213418,284),(213418,370),(213419,94),(213419,306),(213434,324),(213434,783),(213434,905),(213478,251),(213478,655),(213478,759),(213481,238),(213481,654),(213481,676),(213487,16),(213487,133),(213487,426),(213542,707),(213542,812),(213542,923),(213557,308),(213557,400),(213557,539),(213576,120),(213576,182),(213576,626),(213577,551),(213595,416),(213595,827),(213595,919),(213624,407),(213624,670),(213624,764),(214569,100),(214569,123),(214569,822),(214678,390),(214678,705),(214678,961),(214999,173),(215579,716),(215579,789),(215579,884),(215791,97),(215791,420),(215791,440),(216171,257),(216171,980),(216269,268),(216269,569),(216269,744),(217023,219),(217023,1060),(217023,1067),(217034,49),(217034,877),(217081,50),(217081,753),(217081,829),(217720,422),(217720,673),(217720,811),(218049,157),(218049,275),(218049,857),(218188,275),(218188,477),(218188,660),(218468,567),(218468,739),(218468,1001),(218612,443),(218612,650),(218612,681),(218812,524),(218812,743),(218812,866),(218816,133),(218816,188),(218816,725),(218821,66),(218821,478),(218821,770),(218845,172),(218845,458),(218845,1074),(219816,656),(219816,712),(219816,997),(220044,368),(220044,572),(220063,33),(220063,116),(220063,391),(220584,374),(220584,844),(220584,1044),(223079,364),(223079,860);
/*!40000 ALTER TABLE `movie_actor` ENABLE KEYS */;
UNLOCK TABLES;

--
-- Table structure for table `movie_detail`
--

DROP TABLE IF EXISTS `movie_detail`;
/*!40101 SET @saved_cs_client     = @@character_set_client */;
/*!40101 SET character_set_client = utf8 */;
CREATE TABLE `movie_detail` (
  `movieId` int(11) NOT NULL,
  `movieTitle` text DEFAULT NULL,
  `runningTime` int(11) DEFAULT NULL,
  `genres` text DEFAULT NULL,
  `age` text DEFAULT NULL,
  `releasedDate` text DEFAULT NULL,
  `budget` int(11) DEFAULT NULL,
  `revenue` int(11) DEFAULT NULL,
  `posterPath` text DEFAULT NULL,
  `story` mediumblob DEFAULT NULL,
  PRIMARY KEY (`movieId`),
  KEY `movie_idx` (`movieTitle`(768))
) ENGINE=InnoDB DEFAULT CHARSET=utf8mb4;
/*!40101 SET character_set_client = @saved_cs_client */;

--
-- Dumping data for table `movie_detail`
--

LOCK TABLES `movie_detail` WRITE;
/*!40000 ALTER TABLE `movie_detail` DISABLE KEYS */;
INSERT INTO `movie_detail` VALUES (23138,'죽어도 좋은 경험',95,'드라마/미스터리','청소년 관람불가',' 2021.07.15',4000000,38251425,'./data/poster/23138.png','남편의 실수로 아이를 잃은 ‘여정’은<br/>우연히 만난 ‘명자’가 남편의 외도로 <br/>억울하게 이혼당했다는 사실을 알게 된다. <br/><br/>모든 비밀과 진실을 알고 있는 ‘여정’은<br/>‘명자’와 치밀한 계획 아래 <br/>서로 상대방의 남편을 살해한다는 범죄를 공모한다. <br/><br/>독을 품은 두 여자의 광기 어린 복수극이 시작된다!\r'),(96951,'타짜: 원 아이드 잭',139,'범죄/드라마','청소년 관람불가',' 2019.09.11',34000000,32255440,'./data/poster/96951.png','전설적인 타짜 ‘짝귀’의 아들이자 고시생인 ‘일출’(박정민)은 공부에는 흥미가 없지만<br/>포커판에서는 날고 기는 실력자다. 포커판에서 우연히 알게 된 ‘마돈나’(최유화)의 묘한 매력에 빠져든 일출은<br/>그녀의 곁을 지키는 ‘이상무’(윤제문)에게 속아 포커의 쓴맛을 제대로 배운다.<br/>돈도 잃고 자존심까지 무너진 채 벼랑 끝에 몰린 도일출, 그의 앞에 정체불명의 타짜 ‘애꾸’(류승범)가 나타난다.<br/><br/>거액이 걸린 거대한 판을 설계한 애꾸는 전국에서 타짜들을 불러모은다.<br/>일출을 시작으로 셔플의 제왕 까치(이광수), 남다른 연기력의 영미(임지연), 숨은 고수 권원장(권해효)까지<br/>무엇이든 될 수 있고, 누구든 이길 수 있는 ‘원 아이드 잭’ 팀으로 모인 이들, 인생을 바꿀 새로운 판에 뛰어드는데…<br/><br/>베팅을 할 때는 인생을 걸어야지! 타짜니까!\r'),(119552,'포항',93,'드라마','12세 관람가',' 2019.02.27',22000000,17287898,'./data/poster/119552.png','아버지와 아들의 실종으로 고향 포항으로 돌아온 연수는 작은 조선소에서 배를<br/>만들며, 가족이 살아 돌아올 거라는 실낱같은 희망을 안고 살아간다. <br/>기다림에 지쳐갈 즈음, 연수는 더미를 만들어서 바다 어딘가로 던진다.<br/>그 시간 속에서 연수는 자신이 한 아버지의 아들이자, <br/>한 아들의 아버지라는 또 하나의 세계를 마주하게 된다.\r'),(119591,'사선의 끝',90,'드라마','15세 관람가',' 2019.10.30',42000000,7959291,'./data/poster/119591.png','불법체류자와 밀입국자의 적발을 일상으로 살아가는 출입국관리사무소 직원 \'동진\'. <br/>가족과 직장동료 모두와 이렇다 할 관계를 맺지 못한 채 외로운 일상을 살아가던 \'동진\'은 어느 날 노래방에서 만난 조선족 도우미 \'연화\'에게 호감을 품게 된다. <br/>그러던 중 탈북한 조카 \'순복\'을 데리고 있다는 갑작스런 브로커의 전화 한 통에 혼란에 빠지게 된다. <br/>\'연화\'의 슬픈 사연과 \'순복\'의 순수함과 삶에 대한 의지로 냉정하기만 했던 \'동진\'의 일상에 조금씩 변화가 생기는데... <br/><br/>[제4회 북한인권국제영화제]\r'),(127386,'난폭한 기록',90,'액션/범죄','청소년 관람불가',' 2019.07.11',38000000,10300000,'./data/poster/127386.png','특종 냄새는 귀신같이 맡는 집념의 프리랜서 VJ \'국현\'(류덕환)은 자극적인 취재거리를 찾던 중<br/>머리에 칼날이 박힌 채 살아가는 전직형사 ‘기만’(정두홍)의 이야기가 대박 아이템임을 직감한다<br/>폐인 같은 삶을 살고 있던 ‘기만’은 ‘국현’의 집요한 설득 끝에 동료형사를 죽이고<br/>자신에게 칼날을 박아놓은 마약조직보스 ‘정태화’에 대한 복수를 기록한다는 조건하에 동행취재를 허락한다.<br/><br/>악인들을 향한 통쾌한 복수, 거침없는 리얼 액션이 폭발한다!\r'),(140738,'밤빛',108,'가족/드라마','전체 관람가',' 2021.03.04',18000000,26828365,'./data/poster/140738.png','산속에서 삶의 마지막을 준비하고 있는 ‘희태(송재룡)’에게<br/>헤어진 아내로부터 온 뜻밖의 편지와 함께 낯선 아들 ‘민상(지대한)’이 찾아온다.<br/>단 한 번도 만난 적 없는 두 사람의 어색한 2박 3일이 시작되면서<br/>‘희태’가 매일 홀로 다녔던 그 산길을 ‘민상’과 함께 걷고,<br/>홀로 먹던 밥을 함께 나눠 먹으며 묘한 유대감을 느끼게 된다.<br/><br/>어두운 밤 혼자였던 ‘희태’를 지켜주었던 밤빛은 ‘민상’과 함께할 때 더없이 아름다웠다.\r'),(142265,'알피니스트 - 어느 카메라맨의 고백',90,'다큐멘터리','12세 관람가',' 2020.10.15',9000000,2500000,'./data/poster/142265.png','2009년 K2 파키스탄 스팬틱 골든피크 원정대<br/>2010년 K2가셔브룸 5봉 세계초등 알파인 원정대<br/>2011년 촐라체 스피드 원정대 \'COME BACK IN 36H\'<br/>2013년 \'FROM 0 TO 8848\' 에베레스트 무산소 원정대<br/><br/>무명 원정대의 힘찬 도전과 짜릿한 성공부터,<br/>동료의 죽음까지 기록해야만 했던 어느 카메라맨.<br/>산을 너무나도 사랑했지만, 결국 히말라야에 영면하게 된<br/>그의 못다 한 마지막 이야기가 펼쳐진다.\r'),(142266,'그대 이름은 장미',126,'코미디','12세 관람가',' 2019.01.16',50000000,30303072,'./data/poster/142266.png','딸에겐 잔소리 1등, 딸을 위해선 오지랖 1등, 대한민국 평범한 엄마 ‘홍장미’씨<br/>우연한 사고로 과거의 남자 ‘명환’을 만나며 평온했던 일상이 꼬여만 가고,<br/>설상가상으로 그녀의 대단했던(?) 과거까지 들통날 위기에 처한다<br/>여기에 20년 남사친 ‘순철’까지 끼어들어 강제과거소환을 막으려 애를 쓰기 시작하는데…<br/><br/>평범한 엄마 ‘홍장미’ 씨!<br/>그녀의 믿을 수 없는 반전과거는 영원한 비밀이 될 수 있을까?!\r'),(144318,'언더독',102,'애니메이션','전체 관람가',' 2019.01.16',400000,152322,'./data/poster/144318.png','하루아침에 운명이 바뀐 강아지 ‘뭉치’는 <br/>우연히 만난 거리 생활의 고참 ‘짱아’ 일당을 만나<br/>목숨을 구하게 된다.<br/><br/>차츰 ‘짱아’ 무리의 스트릿 라이프에 적응하던 찰나<br/>그들의 소중한 아지트가 사라질 위기에 처하고,<br/>마침내 그들은 진정한 자유를 찾기 위한<br/>모험을 떠나기로 결심하는데…\r'),(146418,'매미소리',122,'드라마/가족','15세 관람가',' 2022.02.24',23000000,12803305,'./data/poster/146418.png','매미소리만 들으면 곡소리를 내는 딸, \'수남\'<br/>곡소리 나는 초상집만 다니면 신명이 나는 아버지, \'덕배\'<br/><br/>최악의 죽음을 맞이하려는 딸과<br/>최고의 죽음을 찾으려는 아버지<br/><br/>진도의 어느 뜨거운 여름날<br/>20년 만에 마주친 부녀의<br/>듣그러운 불협화음 한 판이 울려 퍼진다!\r'),(151961,'까치발',79,'다큐멘터리','12세 관람가',' 2021.06.03',18000000,23000000,'./data/poster/151961.png','까치발로 걸음마를 시작한 딸 ‘지후’<br/>엄마 ‘우정’은 의사에게 충격적인 선언을 듣는다!<br/><br/>“아이가 뇌성마비일 수 있어요”<br/><br/>크면서 자연스레 없어질 수 있다는 말 한마디에 모든 것을 걸었지만<br/>6살이 된 지금까지도 ‘지후’는 까치발로 걷는데…<br/><br/>엄마에게 ‘괜찮아’라는 말을 듣고 싶은 딸들의 이야기\r'),(152344,'언니',94,'액션','청소년 관람불가',' 2019.01.01',8000000,213928762,'./data/poster/152344.png','남들처럼 평범하게 살고 싶었는데…<br/>동생이 사라졌다<br/><br/>“내 동생 어디로 보냈어?” <br/><br/>동생의 흔적에 가까워질수록<br/>그녀의 분노는 폭발한다<br/><br/>오늘, 여기서 끝장낸다!\r'),(152624,'썬키스 패밀리',105,'가족/코미디/멜로/로맨스','15세 관람가',' 2019.03.27',700000,7830611,'./data/poster/152624.png','Chapter1. 예상 밖의 삐그덕<br/>결혼 20년 차에도 식을 줄 모르는 사랑을 나누는 뜨거운 부부 준호(박희순)와 유미(진경), 그러나 이들의 두 자녀<br/>아들 철원(장성범)과 딸 경주(윤보라)는 성인이 되었지만 뜻밖의 신체적 문제로 사랑을 하는 것이 세상 어렵다.<br/><br/>Chapter2. 삐그덕 쿵이 멈췄다!<br/>늦둥이 막내딸 진해(이고은)에게는 매일 밤 부모의 침실에서 들려오는 소리 ‘삐그덕 쿵’이 ‘가족의 행복전선 이상무’를 알리는 신호였다.<br/>그러던 어느 날, 옆집에 아빠의 친구라는 예쁜 아줌마 미희(황우슬혜)가 이사를 오고 <br/>엄마의 불 같은 오해(!)가 시작되는데. 그날 밤부터 ‘삐그덕 쿵’ 소리가 멈추고 가족의 행복발전소 가동이 멈췄다!<br/><br/>매일 사랑하고 영원히 사랑하고 싶었던 ‘로맨틱 가족’에게 닥친 최대의 위기!<br/>가족의 행복을 찾기 위한 막내딸 진해의 대단한 작전이 시작된다!\r'),(153580,'악질경찰',127,'드라마','청소년 관람불가',' 2019.03.20',2000000,21665468,'./data/poster/153580.png','뒷돈은 챙기고, 비리는 눈감고, 범죄는 사주하는 악질경찰 조필호(이선균), 급하게 목돈이 필요했던 그는 경찰 압수창고를 털 계획을 세운다. 그러나 사건 당일 밤, 조필호의 사주를 받아 창고에 들어간 한기철(정가람)이 의문의 폭발사고로 죽게 되고, 필호는 유일한 용의자로 지목된다. 설상가상 거대기업의 불법 비자금 자료까지 타버려 검찰의 수사선상에도 오른다.<br/>위기에서 벗어나기 위해 사건을 쫓던 중, 폭발사건의 증거를 가진 고등학생 미나(전소니)와 엮이게 되고 빙산의 일각에 불과한 거대한 음모와 마주치게 되는데……<br/> <br/>나쁜 놈 위, 더 나쁜 놈이 지배하는 세상<br/>과연 그는 모든 것을 전복시킬 반격에 성공할 수 있을까?\r'),(153934,'이태원',94,'다큐멘터리','15세 관람가',' 2019.12.05',23000000,351583407,'./data/poster/153934.png','미군 달러가 지배하던 공간 ‘이태원’부터, 서울에서 가장 힙한 동네 ‘이태원’까지.<br/>1970년대부터 지금까지 이태원에서 살아온 세 여성<br/>삼숙 Samsook, 나키 Naki, 영화 Younghwa 의 이야기.\r'),(154672,'안녕, 티라노: 영원히, 함께',98,'애니메이션','전체 관람가',' 2019.08.14',30000000,160638883,'./data/poster/154672.png','넌 이제, 혼자가 아니야<br/>가슴 아픈 비밀과 소중한 약속을 간직한 ‘티라노’와 ‘프논’이<br/>그들만의 천국을 찾아 떠나면서 펼쳐지는<br/>우정, 사랑 그리고 희망에 관한 이야기\r'),(154793,'무녀도',86,'애니메이션/뮤지컬','12세 관람가',' 2021.11.24',3705538,62548947,'./data/poster/154793.png','영험이 점점 사라져가는 것을 느끼는 이름난 무녀 ‘모화’<br/>아들 ‘욱이’를 절에 보내고 아픈 딸 ‘낭이’를 애지중지 키우며 살아간다.<br/>하지만 10년 만에 돌아온 아들 ‘욱이’와 그가 섬기는 예수님이<br/>‘모화’ 자신의 삶을 점점 흔들기 시작하는데...<br/><br/>스러지는 모화의 삶, 마지막 굿판이 시작된다!\r'),(154947,'시 읽는 시간',74,'다큐멘터리','12세 관람가',' 2021.03.25',3000000,104945305,'./data/poster/154947.png','서울에 사는 다섯 명의 사람들, 그들은 처음으로 자신의 불안에 관해서 이야기한다. <br/>카메라 앞에서 들려주는 그들의 목소리는 마치 시를 읽는 것 같다. <br/>고단한 직장생활에 대해 약을 먹으며 버텨야 할지를 고민하는 30대 여성, <br/>선택을 생각할 틈도 없이 기계처럼 일했지만 해고자 신세가 된 노동자, <br/>20년 넘게 안정된 직장을 다니지만 알 수 없는 죄의식으로 공황 장애를 앓은 50대 남자, <br/>불안한 현실보다는 게임 속 세상에서 안정을 찾는 남자, <br/>자신이 겪은 혐오와 차별을 모든 약자의 고통과 동일시하는 여성까지.<br/>이들은 각자 다른 처지이지만 불확실과 비참한 현실 앞에 선 자기 자신을 바라본다.\r'),(159070,'자전차왕 엄복동',116,'드라마','12세 관람가',' 2019.02.27',30000000,51132598,'./data/poster/159070.png','일제강점기, 일본에서는 조선의 민족의식을 꺾고<br/>그들의 지배력을 과시하기 위해 전조선자전차대회를 개최한다.<br/><br/>하지만 일본 최고의 선수들을 제치고<br/>조선인 최초로 우승을 차지한 엄복동의 등장으로<br/>일본의 계략은 실패로 돌아가고,  <br/>계속되는 무패행진으로 ‘민족 영웅’으로 떠오른<br/>그의 존재에 조선 전역은 들끓기 시작한다.<br/> <br/>때맞춰 애국단의 활약까지 거세지자 위기감을 느낀 일본은<br/>엄복동의 우승을 막고 조선인들의 사기를 꺾기 위해<br/>최후의 자전차 대회를 개최하는데...<br/> <br/>일제강점기, 그 어느 때보다 뜨거웠던 한일전이 시작된다!\r'),(159074,'서복',114,'드라마','15세 관람가',' 2021.04.15',325000,4500000,'./data/poster/159074.png','과거 트라우마를 안겨준 사건으로 인해 외부와 단절된 삶을 살아가고 있는 전직 요원 ‘기헌’은 정보국으로부터 거절할 수 없는 마지막 제안을 받는다.<br/>줄기세포 복제와 유전자 조작을 통해 만들어진 실험체 ‘서복’을 안전하게 이동시키는 일을 맡게 된 것.<br/>하지만 임무 수행과 동시에 예기치 못한 공격을 받게 되고, 가까스로 빠져나온 ‘기헌’과 ‘서복‘은 둘만의 특별한 동행을 시작하게 된다.<br/>실험실 밖 세상을 처음 만나 모든 것이 신기하기만 한 ‘서복‘과 생애 마지막 임무를 서둘러 마무리 짓고 싶은 ‘기헌’은 가는 곳마다 사사건건 부딪친다.<br/>한편, 인류의 구원이자 재앙이 될 수도 있는 ‘서복’을 차지하기 위해 나선 여러 집단의 추적은 점점 거세지고 이들은 결국 피할 수 없는 선택을 하게 되는데…\r'),(159806,'장사리 : 잊혀진 영웅들',104,'전쟁','12세 관람가',' 2019.09.25',11500000,20079850,'./data/poster/159806.png','인천상륙작전 D-1<br/>‘이명준’ 대위가 이끄는 유격대와 전투 경험이 없는 학도병들을 태운 문산호는<br/>인천상륙작전의 양동작전인 장사상륙작전을 위해 장사리로 향한다.<br/>평균나이 17세, 훈련기간 단 2주에 불과했던 772명 학도병들이 <br/>악천후 속에서 소나기처럼 쏟아지는 총알을 맞으며 상륙을 시도하는데…\r'),(159812,'니 부모 얼굴이 보고 싶다',111,'드라마','15세 관람가',' 2022.04.27',10000000,31973249,'./data/poster/159812.png','명문 한음 국제중학교 학생 ‘김건우’가<br/>같은 반 친구 4명의 이름이 적힌 편지를 남긴 채,<br/>의식불명 상태로 호숫가에서 발견된다.<br/><br/>병원 이사장의 아들 ‘도윤재’<br/>전직 경찰청장의 손자 ‘박규범’<br/>한음 국제중학교 교사의 아들 ‘정이든’<br/>그리고, 변호사 ‘강호창’(설경구)의 아들 ‘강한결’.<br/><br/>가해자로 지목된 아이들의 부모들은<br/>자신의 권력과 재력을 이용해 사건을 은폐하려고 한다.<br/>하지만, 담임 교사 ‘송정욱’(천우희)의 양심 선언으로<br/>건우 엄마(문소리) 또한 아들의 죽음에 관한 진실을 알게 된다.<br/><br/>세상의 이목이 한음 국제중학교로 향하고,<br/>자신의 아이들을 지키기 위한 가해자 부모들의 추악한 민낯이 드러나는데…<br/><br/>자식이 괴물이 되면, 부모는 악마가 된다\r'),(159845,'크게 될 놈',108,'드라마','15세 관람가',' 2019.04.18',8000000,8946600,'./data/poster/159845.png','전라도 어느 섬마을, 기강과 기순 남매의 엄니 ‘순옥’(김해숙)<br/>깡다구 하나는 알아주는 순옥의 사고뭉치 아들 ‘기강’(손호준)<br/><br/>“엄니, 두고 보소. 내가 어떤 놈이 돼서 돌아오는지”<br/>집을 나간 기강은 무모한 성공만을 꿈꾸다,<br/>결국 범죄자로 전락해 사형을 선고 받게 된다.<br/><br/>정부는 엄정한 법집행을 이유로 사형집행을 발표하고,<br/>언제 죽을지 모른다는 불안과 공포로 자포자기한 기강에게<br/>평생 까막눈으로 살아온 엄니의 생애 첫 편지가 도착하는데……<br/>“세상이 아무리 욕해도… 나는 너를 사랑한다. 난 니 엄니께”\r'),(161500,'불빛 아래서',95,'다큐멘터리','12세 관람가',' 2019.08.29',1500000,7412216,'./data/poster/161500.png','저희 진짜 좋아서 하고 있고요!<br/>풀타임 뮤지션을 꿈꾸는 불빛 아래 우리들의 이야기<br/>하고 싶은 일을 하며 먹고 사는 그 날을 위해!<br/>Good Luck!\r'),(161967,'기생충',131,'드라마','15세 관람가',' 2019.05.30',33000000,327311859,'./data/poster/161967.png','전원백수로 살 길 막막하지만 사이는 좋은 기택(송강호) 가족.<br/>장남 기우(최우식)에게 명문대생 친구가 연결시켜 준 고액 과외 자리는<br/>모처럼 싹튼 고정수입의 희망이다.<br/>온 가족의 도움과 기대 속에 박사장(이선균) 집으로 향하는 기우.<br/>글로벌 IT기업 CEO인 박사장의 저택에 도착하자<br/>젊고 아름다운 사모님 연교(조여정)가 기우를 맞이한다.<br/><br/>그러나 이렇게 시작된 두 가족의 만남 뒤로, 걷잡을 수 없는 사건이 기다리고 있었으니…\r'),(161984,'우상',144,'스릴러','15세 관람가',' 2019.03.20',15000000,94000000,'./data/poster/161984.png','아들의 사고로 정치 인생 최악의 위기를 맞게 된 남자 <br/>  <br/>청렴한 도덕성으로 시민들의 뜨거운 지지를 받으며 차기 도지사로 주목받고 있는 도의원 구명회(한석규), 어느 날 아들이 교통사고를 내고 이를 은폐한 사실을 알게 된다. 신망받는 자신의 정치 인생이 무엇보다 중요했던 그는 아들을 자수시킨다. <br/>  <br/>목숨 같은 아들이 죽고 진실을 쫓는 아버지 <br/>  <br/>오직 아들만이 세상의 전부인 유중식(설경구)은 지체 장애 아들 부남을 위해서라면 못할 것이 없다. 자신의 모든 것인 아들이 갑자기 교통사고를 당해 싸늘한 시체로 돌아오자 절망에 빠진다.  사고 당일 아들의 행적을 이해할 수 없고, 함께 있다 자취를 감춘 며느리 최련화(천우희)를 찾기 위해 경찰에 도움을 청하지만 그의 말을 들어주는 사람은 없다. 아들의 죽음 너머에 드리운 비밀을 밝히기 위해 중식은 홀로 사고를 파헤치기 시작한다. <br/>  <br/>사건 당일 비밀을 거머쥔 채 사라진 여자 <br/>  <br/>한편 그날 밤 사고의 진실을 유일하게 알고 있는 최련화, 부남과 함께 있다 연기처럼 사라져버린 그녀에게는 아무도 알지 못하는, 알아서도 안 될 진실이 숨겨져 있는데… <br/>  <br/>그날의 사고로 모든 것은 시작되었다!\r'),(162149,'여수 밤바다',115,'드라마/코미디','15세 관람가',' 2019.10.10',55000000,196567262,'./data/poster/162149.png','서울에서 공연 연출가로 활동 중인 ‘지석’,<br/>친구와 함께 제작했던 작품이 망하자<br/>빚쟁이들을 피해 여수로 즉흥 여행을 떠난다.<br/>머리도 식힐 겸 여수를 둘러보던 ‘지석’은<br/>해양 공원에서 눈에 띄는 여인을 발견하고, <br/>우연히 그녀가 운영하는 카페를 방문하게 된다.<br/>작가를 꿈꾸는 ‘미희’에게 글선생이 되어주겠다고 약속한 그는<br/>그녀를 사모하는 ‘동곤’과 은근한 기싸움을 시작하는데…\r'),(162422,'천사는 바이러스',114,'드라마','15세 관람가',' 2021.01.06',4000000,1794187,'./data/poster/162422.png','17년째, 매년 12월 크리스마스를 전후로 노송동 동사무소엔 어김없이 전화가 울린다.<br/>기부 상자의 위치와 \'어려운 사람들을 위해 써달라\'는 말을 남기곤 홀연히 모습을 감추는 얼굴 없는 천사.<br/><br/>올해도 노송동의 독거 노인들은 얼굴 없는 천사에 대한 감사의 마음을 표하며<br/>가슴 따뜻한 천사를 기다린다.<br/><br/>그러던 어느 날, 노송동에 얼굴 없는 천사를 소재로 글을 쓰겠다는 작가 지훈이 나타난다.<br/>지훈은 독거 노인들을 도우며 주민들을 관찰하기 시작하는데<br/>\'얼굴 없는 천사\'는 마을 사람 중 한 명이라는 확신을 가지게 된다.<br/><br/>고물상을 운영하는 천지와 그를 둘러싼 노송동의 주민들,<br/>지훈이 간직한 비밀과 얼굴 없는 천사의 정체가 밝혀진다!\r'),(163608,'돈',115,'범죄','15세 관람가',' 2019.03.20',72000000,210000000,'./data/poster/163608.png','오직 부자가 되고 싶은 꿈을 품고 여의도 증권가에 입성한 신입 주식 브로커 조일현(류준열). <br/>빽도 줄도 없는, 수수료 O원의 그는 곧 해고 직전의 처지로 몰린다.<br/>위기의 순간, 베일에 싸인 신화적인 작전 설계자 번호표(유지태)를 만나게 되고, <br/>막대한 이익을 챙길 수 있는 거래 참여를 제안 받는다. <br/>위험한 제안을 받아들인 후 순식간에 큰 돈을 벌게 되는 일현. <br/>승승장구하는 일현 앞에 번호표의 뒤를 쫓던 금융감독원의 사냥개 한지철(조우진)이 나타나 <br/>그를 조여 오기 시작하는데…\r'),(164143,'이웃사촌',130,'드라마/코미디','12세 관람가',' 2020.11.25',100000000,100138851,'./data/poster/164143.png','백수가장 좌천위기 도청팀장 대권(정우)은 팀원들과 함께 해외에서 입국하자마자 자택 격리된 정치인 가족을 24시간 감시하라는 미션을 받는다. 이웃집으로 위장 이사온 도청팀원들은 라디오 사연 신청부터 한밤중에 나는 부스럭 소리까지 수상한 가족들의 모든 소리와 행동을 감시하면서 새로운 비밀들을 하나씩 발견하게 되는데…<br/><br/>담벼락 사이 수상한 이웃사촌들 <br/>웃고 울리는 비밀 소통작전이 펼쳐진다!\r'),(164172,'내안의 그놈',122,'판타지/코미디','15세 관람가',' 2019.01.09',47000000,12379402,'./data/poster/164172.png','엘리트 아재 판수(박성웅)를 우연히 옥상에서 떨어진 고등학생 동현(진영)이 덮치면서 제대로 바뀐다. <br/>게다가 판수는 동현의 몸으로 첫사랑 미선(라미란)과 존재도 몰랐던 딸 현정(이수민)을 만나게 되는데… <br/>대유잼의 향연, 넌 이미 웃고 있다!\r'),(164173,'뺑반',133,'범죄/액션','15세 관람가',' 2019.01.30',150000,472370,'./data/poster/164173.png','경찰 내 최고 엘리트 조직 내사과 소속 경위 ‘은시연’(공효진).<br/>조직에서 유일하게 믿고 따르는 ‘윤과장’(염정아)과 함께<br/>F1 레이서 출신의 사업가 ‘정재철’(조정석)을 잡기 위해 수사망을 조여가던 시연은<br/>무리한 강압 수사를 벌였다는 오명을 쓰고 뺑소니 전담반으로 좌천된다. <br/><br/>알고 보면 경찰대 수석 출신, 만삭의 리더 ‘우계장’(전혜진)과 <br/>차에 대한 천부적 감각을 지닌 에이스 순경 ‘서민재’(류준열). <br/>팀원은 고작 단 두 명, 매뉴얼도 인력도 시간도 없지만 뺑소니 잡는 실력만큼은 최고인 ‘뺑반’. <br/>계속해서 재철을 예의주시하던 시연은 뺑반이 수사 중인 미해결 뺑소니 사건의 유력한 용의자가 재철임을 알게 된다.<br/><br/>뺑소니 친 놈은 끝까지 쫓는 뺑반 에이스 민재와 <br/>온갖 비리를 일삼는 재철을 잡기 위해 모든 것을 건 시연. <br/>하나의 목표를 향해 힘을 합친 그들의 팀플레이가 시작되는 가운데<br/>방법을 가리지 않고 수사망을 빠져 나가려는 통제불능 스피드광 재철의 반격 역시 점점 과감해지는데…!\r'),(164907,'레드슈즈',92,'애니메이션/모험/코미디/판타지/멜로/로맨스','전체 관람가',' 2019.07.25',7000000,14702438,'./data/poster/164907.png','사건 사고가 끊이지 않는 동화의 섬. 사라진 아빠를 찾던 화이트 왕국의 공주는<br/>우연히 마법구두를 신고 이전과 완벽하게 다른 ‘레드슈즈’로 거듭난다.<br/>한편, 초록색 난쟁이가 된 일곱 왕자들은 우연히 자신들의 집에 머물게 된 \'레드슈즈’가<br/>저주를 풀 유일한 희망이라 생각해 그녀를 돕기 시작하고, 영원한 아름다움을 꿈꾸는 왕비 ‘레지나’는<br/>마법구두를 신고 성을 빠져나간 ‘레드슈즈’를 쫓기 시작하는데…<br/><br/>위기에 빠진 동화의 섬, <br/>레드슈즈, 그리고 일곱 왕자들의 운명은?\r'),(165287,'검객',100,'액션','15세 관람가',' 2020.09.23',13000000,65796862,'./data/poster/165287.png','광해군 폐위 후, 스스로 자취를 감춘 조선 최고의 검객 ‘태율’(장혁).<br/>한편, 조선을 사이에 둔 청과 명의 대립으로 혼란은 극에 달하고,<br/>청나라 황족 ‘구루타이’(조 타슬림)는 무리한 요구를 해대며 조선을 핍박한다.<br/> <br/>백성들의 고통이 날로 더해가던 중, ‘구루타이’의 수하들에 의해 태율의 딸이 공녀로 잡혀가고 만다. 세상을 등진 채 조용히 살고자 했던 조선 최고의 검객 ‘태율’은 딸을 구하기 위한 자비 없는 검을 휘두르기 시작하는데...\r'),(165460,'려행',86,'다큐멘터리','12세 관람가',' 2019.08.08',50000000,9851610,'./data/poster/165460.png','지금 여기, 용감한 여행을 떠나온 그녀들<br/>열 개의 여정 그러나 하나의 마음으로 다시 떠나는<br/><위로공단> 임흥순 감독의 아주 특별한 휴먼 바캉스\r'),(167099,'사바하',122,'미스터리/스릴러','15세 관람가',' 2019.02.20',7000000,8349430,'./data/poster/167099.png','한 시골 마을에서 쌍둥이 자매가 태어난다. <br/>온전치 못한 다리로 태어난 ‘금화’(이재인)와 모두가 오래 살지 못할 것이라고 했던 언니 ‘그것’. <br/>하지만 그들은 올해로 16살이 되었다. <br/><br/>신흥 종교 비리를 찾아내는 종교문제연구소 ‘박목사’(이정재)는  <br/>사슴동산이라는 새로운 종교 단체를 조사 중이다. <br/>영월 터널에서 여중생이 사체로 발견되는 사건이 발생하고 <br/>이를 쫓던 경찰과 우연히 사슴동산에서 마주친 박목사는 이번 건이 심상치 않음을 직감한다. <br/><br/>하지만 진실이 밝혀지기 전 터널 사건의 용의자는 자살하고, <br/>그가 죽기 전 마지막으로 만난 실체를 알 수 없는 정비공 ‘나한’(박정민)과 <br/>16년 전 태어난 쌍둥이 동생 금화의 존재까지 <br/>사슴동산에 대해 파고들수록 박목사는 점점 더 많은 미스터리와 마주하게 되는데…!<br/><br/>그것이 태어나고 모든 사건이 시작되었다\r'),(167421,'돌멩이',106,'드라마','12세 관람가',' 2020.10.15',21000000,227799884,'./data/poster/167421.png','다정한 이웃, 절친한 친구들이 있는 마을에서 정미소를 운영 하고 있는 \'석구(김대명)\'는<br/>8살 정도의 지능을 가진 30대 청년이다.<br/><br/>마을 잔치에서 소매치기로 오해를 받게 된 가출소녀 \'은지(전채은)\'를 본 ‘석구’는<br/>진짜 범인을 찾아내고 둘은 서로에게 보호자 겸 친구가 되기로 한다.<br/>‘은지’를 보호하고 있던 쉼터의 \'김선생(송윤아)\'은 둘 사이의 우정이 위험할 수 있음을 걱정하지만,<br/>‘석구’를 보살피던 성당의 \'노신부(김의성)\'는 그저 둘을 지켜보자며 ‘김선생’을 안심시킨다.<br/><br/>어느 날 밤, ‘석구’의 정미소에 혼자 있던 ‘은지’에게<br/>예기치 못했던 사고가 일어나고 그것을 목격한 ‘김선생’은 그를 신고하기에 이르는데…<br/><br/>“정말 니가 그랬어…?”\r'),(167422,'얼굴없는 보스',100,'느와르/드라마','15세 관람가',' 2019.11.21',22000000,12400000,'./data/poster/167422.png','아버지의 뼈아픈 만류에도 불구하고<br/>건달의 세계로 들어서고 만 ‘상곤’은<br/>결국 ‘얼굴없는 보스’가 되기로 결심한다.<br/><br/>“도대체, 나 때문에 얼마나 많은 사람이 죽은 거냐…”<br/>‘상곤’의 선택은 결국 비극으로 치달으며<br/>주변을 온통 피로 물들이기 시작하는데…<br/><br/>“건달로 살면,<br/>결국 네가 책임 질 수 있는 범위를 벗어나게 될 거야.”<br/>뒤늦은 후회, 지옥을 벗어나려 발버둥 치는 ‘상곤’의 머릿속엔<br/>아버지의 마지막 충고가 맴돌기 시작한다.\r'),(167597,'에움길',76,'다큐멘터리','전체 관람가',' 2019.06.20',35000000,9771658,'./data/poster/167597.png','각양각색의 할머니들로 조용할 날이 없는 ‘나눔의 집‘<br/>이곳에서 유쾌한 그녀들의 삶을 마주하다!<br/><br/>노래를 너무나도 사랑하는 박옥선 할머니부터<br/>자유분방한 강일출 할머니, 다재다능한 배춘희 할머니까지!<br/>이토록 정겨운 할머니들을 보았는가?<br/><br/>고난과 역경의 길이 아닌 함께 걷는 따뜻한 길<br/>이옥선 할머니는 오늘도 살랑이는 꽃들과 마주한다.\r'),(167600,'사랑하고 있습니까',107,'멜로/로맨스','12세 관람가',' 2020.03.25',6244087,638641,'./data/poster/167600.png','외.유.내.강. 셰프를 꿈꾸는 카페 알바 ‘소정’.<br/>끝없는 실패, 팍팍한 삶, 아픈 엄마까지…<br/>이 와중에, 그녀의 마음 속에 누군가가 들어왔다!<br/><br/>외.강.내.유. 츤데레 카페 오너 ‘승재’.<br/>아무래도 예민한 그가 자꾸만 더 날카로워지는 이유는…<br/>언젠가부터, 알짱거리는 그녀가 너무 신경 쓰인다!<br/><br/>‘빌려줄게요, 도움이 될 거에요’<br/>늦은 밤, 빗 속을 뚫고 카페를 찾아와 ‘소정’에게<br/>책 한권을 던져주고 홀연히 사라진 기이한 할머니.<br/>그 날 이후, 이 책으로 인해 두 사람의 평범한 일상은<br/>마법처럼 뒤바뀌기 시작하는데…<br/><br/>무엇이든 대답해 드립니다. 당신은 지금,<br/>‘사랑하고 있습니까?’\r'),(167629,'어쩌다, 결혼',87,'멜로/로맨스/코미디','12세 관람가',' 2019.02.27',11000000,2832826,'./data/poster/167629.png','재산을 물려받기 위해서는 결혼을 꼭 해야만 하는 ‘성석’(김동욱)<br/>엄마와 세 오빠의 결혼 압박에서 벗어나 나만의 인생을 찾고 싶은 ‘해주’(고성희)<br/>부모님의 등쌀에 못 이겨 나간 맞선 자리에서 만나게 된 둘은 <br/>각자의 목적을 달성하기 위해 딱! 3년간만 결혼하는 ‘척’하기로 계약한다<br/> <br/>하지만 두 사람의 결혼 준비가 진행될수록<br/>방해꾼들은 늘어만 가고,<br/>넘어야 할 산이 한두 개가 아닌데…<br/> <br/>결혼하는 척, 같이 사는 척, 딱! 3년만 하는 척! 척!<br/>과연 두 사람의 ‘하는 척’은 성공할 수 있을까?\r'),(167648,'질투의 역사',94,'멜로/로맨스/드라마','15세 관람가',' 2019.03.14',63000000,25052000,'./data/poster/167648.png','대학 시절 친한 선후배 관계였던 수민, 원호, 진숙, 홍, 선기<br/>10년 만에 군산에서 다시 만난 그들 사이에 어딘가 불편한 기류가 흐른다.<br/>위태로운 시간 속, 누군가 시작한 말 한마디에 숨겨졌던 진실이 드러나기 시작하는데…<br/><br/>10년 만의 재회, 오늘 밤 다섯 남녀의 비밀이 드러난다!\r'),(167651,'극한직업',111,'코미디','15세 관람가',' 2019.01.23',18000000,122195920,'./data/poster/167651.png','불철주야 달리고 구르지만 실적은 바닥, 급기야 해체 위기를 맞는 마약반!<br/>더 이상 물러설 곳이 없는 팀의 맏형 고반장은 국제 범죄조직의 국내 마약 밀반입 정황을 포착하고<br/>장형사, 마형사, 영호, 재훈까지 4명의 팀원들과 함께 잠복 수사에 나선다.<br/>마약반은 24시간 감시를 위해 범죄조직의 아지트 앞 치킨집을 인수해 위장 창업을 하게 되고,<br/>뜻밖의 절대미각을 지닌 마형사의 숨은 재능으로 치킨집은 일약 맛집으로 입소문이 나기 시작한다.<br/>수사는 뒷전, 치킨장사로 눈코 뜰 새 없이 바빠진 마약반에게 어느 날 절호의 기회가 찾아오는데…<br/><br/>범인을 잡을 것인가, 닭을 잡을 것인가!\r'),(167653,'광대들: 풍문조작단',108,'드라마','12세 관람가',' 2019.08.21',16500000,135000000,'./data/poster/167653.png','조선 팔도를 무대로 풍문을 조작하고 민심을 뒤흔드는 광대패 5인방.<br/>어느 날 조선 최고의 권력자 ‘한명회’로부터 <br/>조카를 죽이고 왕이 된 ‘세조’의 미담을 만들어내라는 명을 받는다. <br/><br/>광대패의 리더 ‘덕호’와 무리들은 목숨을 걸고 <br/>지금껏 듣지도 보지도 못한 놀라운 판을 짜기 시작하는데…<br/><br/>그들이 뜨는 순간, 역사가 뒤바뀐다!\r'),(167674,'꽃손',78,'드라마','전체 관람가',' 2021.12.02',80000000,96105910,'./data/poster/167674.png','哀而不悲 애이불비 : 사랑하므로 슬퍼도 슬프지 아니하다<br/><br/>중국 국적의 27세 청년 진다.<br/>그를 키운 친할머니는 한국 사람이다.<br/>그는 친할머니와 함께 중국에서 자랐다.<br/><br/>진다는 할머니가 돌아가신 이후 친구 정남과 함께 할머니께서 생전<br/>그리워하시던 한국 남해를 찾게 되고,<br/>정남의 동생 한별, 그녀의 친구 수진도 함께 남해로 모이게 된다.<br/>집에 있냐고 부르면 “와, 누가 죽었나?”가 인사일 만큼<br/>이별이 먼 이야기만은 아닌 남해 홍현마을 노인들이다.<br/><br/>이런 홍현마을에서 진다일행은 남해노인들과 함께 생활하며 도움을 드리기도 하고<br/>위로를 받으며 남해 생활에 점점 정을 붙이게 된다.<br/>정이 들어 예정보다 오래 남해에 머문 그들은 결국 떠나야 하는 순간을 맞이하게 되는데…\r'),(167699,'말모이',135,'드라마','12세 관람가',' 2019.01.09',52000000,355237933,'./data/poster/167699.png','1940년대 우리말이 점점 사라져가고 있는 경성.<br/>극장에서 해고된 후 아들 학비 때문에 가방을 훔치다 실패한 판수.<br/>하필 면접 보러 간 조선어학회 대표가 가방 주인 정환이다.<br/>사전 만드는데 전과자에다 까막눈이라니!<br/>그러나 판수를 반기는 회원들에 밀려 정환은 읽고 쓰기를 떼는 조건으로 그를 받아들인다.<br/>돈도 아닌 말을 대체 왜 모으나 싶었던 판수는 난생처음 글을 읽으며 우리말의 소중함에 눈뜨고,<br/>정환 또한 전국의 말을 모으는 ‘말모이’에 힘을 보태는 판수를 통해 ‘우리’의 소중함에 눈뜬다.<br/>얼마 남지 않은 시간, 바짝 조여오는 일제의 감시를 피해 ‘말모이’를 끝내야 하는데…<br/><br/>우리말이 금지된 시대, 말과 마음이 모여 사전이 되다\r'),(168683,'앨리스 죽이기',81,'다큐멘터리','12세 관람가',' 2019.08.08',6,5,'./data/poster/168683.png','재미동포 신은미 씨는 우연한 기회에 북한을 여행하고,<br/>그곳에서 느낀 감동과 충격을 담은 사사로운 북한 여행기를 쓴다.<br/>그 여행기는 출간되어 남한에서 크게 주목받고, 북 콘서트까지 열린다.<br/>하지만 “대동강 맥주가 맛있었다“는 그녀의 말 한마디가<br/>‘북한 고무찬양’으로 매도되어 점점 더 빨갛게 덧씌워지는데…<br/><br/>말 한마디로 대한민국을 발칵 뒤집은 <br/>2014년 희대의 레드 스캔들을 만난다!\r'),(168711,'굿바이 마이 러브NK: 붉은 청춘',80,'다큐멘터리','12세 관람가',' 2019.05.02',60000000,35431113,'./data/poster/168711.png','1952년 한국 전쟁 당시 모스크바 국립영화학교로 유학을 떠난 8명의 북한 청년. <br/>새로운 정치적 열망으로 가득한 그 곳에서 조국에 대한 사랑을 깨닫는다. <br/>  <br/>“우리 민족의 발전을 위해 <br/>“붉은 광장에서 뜨거운 죽음을 맞이하자!”<br/><br/>죽음까지 결심한 뜨거운 맹세로부터 시작된 이들의 여정은<br/>시베리아, 무르만스크, 카자흐스탄 등 <br/>세계 속으로 흩어지면서 새로운 세상과 마주하는데…\r'),(168740,'히치하이크',108,'가족','12세 관람가',' 2019.03.14',57000000,159055768,'./data/poster/168740.png','열 여섯살 ‘정애’는 어릴 적 집을 나간 엄마를 찾아야만 하고<br/>친구 ‘효정’은 이름만 알고 있는 친아빠의 존재를 확인하고 싶다.<br/>무작정 길을 떠난 이들은 돌아갈 수 없는 처지에 놓이고<br/>히치하이크를 하던 중 난처한 상황에 처한다.<br/>그때, ‘효정’ 친아빠와 똑같은 이름의 경찰관 ‘현웅’이 그들 앞에 나타난다.\r'),(168743,'이월',112,'드라마','15세 관람가',' 2019.01.30',35000000,4858139,'./data/poster/168743.png','도둑 강의를 들으며 공무원 시험을 준비하는 민경.<br/>그나마 가진 돈으로는 수감 중인 아버지의 합의금도 밀린 월세도 낼 수 없다.<br/>아직 추운 2월, 민경은 친구 여진의 집에 잠시 머물지만, 우울증을 겪었던 그녀가 안정되어 가는 모습을 보며 질투를 느낀다.<br/>여진과의 동거도 오래가지 못하자 애인도 손님도 아닌 어정쩡한 관계였던 진규는 민경에게 함께 살자고 제안한다.<br/>민경이 진규의 어린 아들 성훈을 돌보며 그들과 작은 행복을 꿈꿀 무렵 진규에게 예기치 못한 사고가 생긴다.\r'),(168744,'얼굴들',132,'멜로/로맨스','12세 관람가',' 2019.01.24',32000000,18552460,'./data/poster/168744.png','고등학교 행정실 직원 기선(박종환)은 어느 날 문득 축구부 학생 진수(윤종석)의 존재가 궁금해진다.<br/>기선의 옛 애인 혜진(김새벽)은 회사를 그만두고 어머니의 작은 식당을 리모델링하기 위해 동분서주한다.<br/>유일하게 자유로운 택배기사 현수(백수장)는 이들 사이를 스친다.<br/>각자의 세계 안에서만 살고 있을 것 같은 인물들은 희미하게 겹친다.\r'),(168745,'검은 여름',111,'멜로/로맨스','15세 관람가',' 2019.06.20',98000000,10017322,'./data/poster/168745.png','대학에서 조교로 일하며 글을 쓰고 영화를 만드는 지현. <br/>어느 날 대학 후배 건우에게 혼란스러운 감정을 느끼게 된다. <br/>두 남자는 그렇게 서서히 사랑에 빠지게 되고, <br/>어느 날 둘의 관계가 담긴 동영상이 대학 내에 퍼져 큰 파장을 일으키는데... <br/>사랑하는 사람을 위해 자신을 성범죄의 가해자로 내세울 수밖에 없는 현실. <br/>인간적 좌절과 희망에 두 남자는 어떤 입장으로 맞설 것인가?\r'),(169078,'기묘한 가족',112,'코미디','12세 관람가',' 2019.02.13',20000000,21284514,'./data/poster/169078.png','망해버린 주유소의 트러블메이커 가장 \'만덕\'은 우연히 만난 좀비를 집안에 들인다. <br/>여타 좀비와 달리 반반한 외모, 말귀 알아듣는 ‘쫑비’를 보며 <br/>저마다의 속셈으로 패밀리 비즈니스를 꿈꾸는 가족. <br/>  <br/>리더인 맏며느리 \'남주\'를 중심으로 <br/>행동대장 장남 \'준걸\'과 브레인 차남 \'민걸\' <br/>에너지 담당 막내 \'해걸\'에 <br/>물리면 죽기는커녕 더 젊어지는 좀비 \'쫑비\'까지! <br/>  <br/>이들의 기막힌 비즈니스는 조용했던 동네를 <br/>별안간 혈기 왕성한 마을로 만들어버리는데...<br/><br/>이거 혹시… 우리 때문이야?\r'),(170286,'국경의 왕',118,'드라마','15세 관람가',' 2019.02.28',30000000,212385533,'./data/poster/170286.png','영화를 공부했던 유진은 오래된 친구를 만나러 폴란드에 왔다. <br/>영화를 공부했던 동철도 오래된 친구를 만나러 우크라이나에 왔다. <br/>그들은 홀로 유럽을 여행하다가 각자의 도시에 머무르게 되었고, 며칠 뒤 그곳에 오기로 했다는 각자의 대상을 기다린다.<br/>기다림의 며칠간, 유진과 동철은 도시를 여행하며 낯선 거리와 뜻 밖의 사람, 맛있는 술, 피어나는 꽃, 오래된 예술품들 그리고 낯선 유령들과 만난다.\r'),(170290,'소은이의 무릎',108,'드라마','12세 관람가',' 2019.05.30',2500000,5535405,'./data/poster/170290.png','농구에 타고난 재능은 없지만 좋아하는 마음만은 국가대표급인 \'소은\'.<br/>속해있던 학교 농구부는 사람이 없어 해산될 위기고,<br/>성적은 바닥에 친구관계도 그닥이다.<br/>그런 소은의 인생에 한창 잘나가던 배우 \'유진\'과<br/>같은 반 친구 \'용식\'이 훅-하고 들어오면서<br/>소은이의 꿈은 다시 한 번 도움닫기를 시작한다.\r'),(170309,'뿔을 가진 소년',118,'드라마','15세 관람가',' 2019.06.13',50000000,10382407,'./data/poster/170309.png','현대의학으로는 더 이상 치료 불가능! 하지만 나는 반드시 살아야 한다.<br/>건강식품 회사에 다니던 준배는 어느 날, 갑작스런 암 진단을 받는다.<br/>공장에서 일하는 희진은 원인 모를 폐병에 걸리게 된다.<br/>그런 그들에게 중탕업자 광웅이 나타나게 되고 전설로만 전해져 내려오던 [인간녹용]에 대한 이야기를 듣게 된다.<br/>사냥꾼은 정신병에 걸린 자신의 딸을 위해 약값을 벌어야 하고 중탕업자 광웅에게 마지막 사냥을 제안 받는다.<br/>더 이상 희망도, 선택도 없다!<br/>살아남기 위해, 살기 위해 이들은 마지막 발악을 시작하는데...\r'),(171409,'옹알스',86,'코미디/다큐멘터리','전체 관람가',' 2019.05.30',3000000,15119639,'./data/poster/171409.png','국적불문, 연령불문 ‘말’없이 웃음으로 모두를 사로잡은 넌버벌 코미디팀 옹알스.<br/>전 세계를 누비며 놀라운 성과를 이뤄온 옹알스가 세계 최고의 무대, 라스베가스에 도전한다.<br/>꿈을 위해 의기투합한 그들은 맹연습에 돌입하지만 오디션 기회조차 불확실하고<br/>라스베가스를 위해 새롭게 합류한 미국인 멤버 타일러는 문화차이로 힘들어한다.<br/>또한 멤버들의 정신적 리더 조수원은 혈액암 판정을 받게 되는데…<br/>이 모든 어려움을 극복하고 옹알스는 라스베가스로 향할 수 있을 것인가?!<br/><br/>함께라면 두려울 게 없고,<br/>함께라면 모든 것이 가능한 그들이 온다!\r'),(171752,'감쪽같은 그녀',104,'드라마','전체 관람가',' 2019.12.04',58000000,352194034,'./data/poster/171752.png','“초면에 실례하겠습니다~”<br/>72살 나 홀로 라이프를 즐기는 ‘말순’ 할매의 인생에  <br/>듣도 보도 못한 손녀(?)가 나타났다! <br/><br/>특기는 자수, 용돈 벌이는 그림 맞추기(?)<br/>동네를 주름 잡으며 나 혼자 잘 살고 있던 ‘말순’ 할매 앞에 <br/>다짜고짜 자신을 손녀라고 소개하는 열두 살 ‘공주’가 <br/>갓난 동생 ‘진주’까지 업고 찾아온다.<br/><br/>외모, 성격, 취향까지 모든 것이 극과 극인 ‘말순’과 ‘공주’는<br/>티격태격 하루도 조용할 날 없이 지내지만,<br/>필요한 순간엔 든든한 내 편이 되어주며 서로에게 특별한 존재가 되어간다.<br/>하지만 ‘말순’은 시간이 갈수록 ‘공주’와의 동거생활이<br/>아득하고 깜깜하게만 느껴지는데…\r'),(171785,'미성년',96,'드라마','15세 관람가',' 2019.04.11',11000000,178104,'./data/poster/171785.png','같은 학교 2학년 주리(김혜준)와 윤아(박세진)가 학교 옥상에서 만났다. <br/>최근 주리의 아빠 대원(김윤석)과 윤아의 엄마 미희(김소진) 사이에 벌어진 일을 알게 된 두 사람.<br/>이 상황이 커지는 것을 막고 싶은 주리는 어떻게든 엄마 영주(염정아) 몰래 수습해보려 하지만<br/>윤아는 어른들 일에는 관심 없다며 엮이지 않으려 한다. <br/>그 때, 떨어진 주리의 핸드폰을 뺏어든 윤아는 영주의 전화를 받아 <br/>그 동안 감춰왔던 엄청난 비밀을 폭로해 버리고, 이를 본 주리는 멘붕에 빠지게 되는데… <br/><br/>폭풍 같은 사건을 마주한 두 가족의 이야기가 시작된다.\r'),(172181,'비행',89,'드라마/범죄','15세 관람가',' 2020.03.19',2600000,84300000,'./data/poster/172181.png','목숨 걸고 북을 탈출한 근수는 <br/>밑바닥 인생을 탈출하고픈 양아치 지혁과 <br/>더럽게 엮여 괴롭힘을 당한다.<br/>그러던 어느 날, 지혁은 근수가 마약 운반책임을 알게 되고<br/>수억 원어치의 마약을 함께 빼돌리자고 꼬드긴다.<br/>오직 돈만이 새로운 삶으로의 비행을 <br/>허락한다고 믿는 두 청춘.<br/>4Kg 필로폰의 싯가는 20억 <br/>근수와 지혁은 인생역전을 할 수 있을까?<br/><br/>비행(飛行)하기 위해 비행(非行)할 수밖에 없었던<br/>언더독 청춘들의 숨가쁜 질주가 시작된다!\r'),(172529,'사범',85,'다큐멘터리','전체 관람가',' 2019.06.27',35000000,113374103,'./data/poster/172529.png','아버지 ‘강신철’ 관장 - 30년 전에 맨 몸으로 전쟁이 한창이었던 이란으로 건너가 지금의 세계 최강 이란 태권도를 만들어냈던 이란의 태권도 영웅.<br/>이란에서 수 천명의 제자를 길러냈고 한국에 들어와 수원에 개설한 남창도장에는 매년 1,500 여명 이상의 외국인들이 그를 만나러 오고 있다<br/><br/>딸 ‘강유진’ 사범 - 키 154cm. 평발. 28세. 아직도 중학생처럼 보이는 앳된 외모.<br/>스스로 자격지심이 많고 수줍던 소녀는 척추와 골반이 아파도 쉬지않고 매일 훈련을 했고, 결국 세계대회를 제패하고 대한민국 품새 1인자가 되었다<br/><br/>대한민국 태권도의 근본과 발전을 고민하시는 엄한 아버지와 아버지보다 더욱 완벽해지고 싶어하는 억척스런 딸.<br/>그들은 사랑스러운 가족이지만 남창도장에서는 시시콜콜 다투기도 한다. 엄격한 아버지는 수련생들에게 버럭 화를 낸 후 딸의 눈치를 보고,<br/>딸은 그런 지도방식의 아버지가 많이 서운하다. 태권도만을 사랑했던 한 남자와 그의 딸이 보여주는 진정한 태권도의 길.<br/>왜 그들이 태권도 외길을 선택했고, 태권도를 통해 얻고자 하는 것은 무엇인가?<br/>왜 많은 외국 태권도인들이 자비를 들여 이들을 만나기 위해 한국에 오고 있는 것인가?\r'),(173667,'왓칭',97,'공포/스릴러','15세 관람가',' 2019.04.17',15000000,107217396,'./data/poster/173667.png','회사 주차장에서 납치 당한 여자(강예원)가 자신을 조여오는 감시를 피해 필사의 탈주를 감행하는 공포 스릴러\r'),(173668,'나랏말싸미',110,'드라마','전체 관람가',' 2019.07.24',3500000,28215918,'./data/poster/173668.png','문자와 지식을 권력으로 독점했던 시대<br/>모든 신하들의 반대에 무릅쓰고, 훈민정음을 창제했던 세종의 마지막 8년.<br/>나라의 가장 고귀한 임금 ‘세종’과 가장 천한 신분 스님 ‘신미’가 만나<br/>백성을 위해 뜻을 모아 나라의 글자를 만들기 시작한다.<br/>모두가 알고 있지만 아무도 모르는 한글 창제의 숨겨진 이야기!<br/><br/>1443, 불굴의 신념으로 한글을 만들었으나<br/>역사에 기록되지 못한 그들의 이야기가 시작된다.\r'),(173753,'졸업',114,'다큐멘터리','12세 관람가',' 2019.11.07',30000000,350448145,'./data/poster/173753.png','우리 학교는 #사학비리_종합선물세트<br/>학교를 장악하려는 비리재단과 <br/>그에 맞서는 청춘들의 10년의 시간!  <br/>함께였기에 또 다른 시작을 꿈꿀 수 있었던  <br/>우리들의 ‘졸업’ 이야기\r'),(173842,'어제 일은 모두 괜찮아',107,'드라마','15세 관람가',' 2019.11.21',16000000,45284974,'./data/poster/173842.png','학교와 가정에서 소외된 지근, 용주, 현정, 수연 네 아이들은 외줄 타기를 하듯 위태로운 나날을 보내고 있다.<br/>그 곁에서 낮에는 학생들을 가르치고, 밤에는 거리에서 아이들과 함께하는 교사 민재는<br/>사실은 지켜주지 못한 아이에 대한 아픈 과거로 지금 함께 있는 학생들에게 더욱 필사적으로 노력한다.<br/><br/>그러던 어느 날, 수연이가 위험에 빠지고<br/>이를 구하려는 지근과 용주가 연락이 두절되며 각자의 운명은 소용돌이치는데…!\r'),(173906,'삼촌',100,'미스터리/스릴러','청소년 관람불가',' 2019.11.28',60000000,104324083,'./data/poster/173906.png','심리적 외상으로 침대 밖을 벗어날 수 없는 <br/>19세 소녀 잎새의 삶은 식물 그 자체이다. <br/>하루하루를 지옥이란 일상 속에 살아가던 그녀의 집에 <br/>어느 날, 낯선 사내가 찾아온다. <br/>자신을 삼촌이라 밝히는 그의 존재가 새로운 보호자일지, <br/>또 다른 포식자인지 알 수 없는 잎새. <br/><br/>먹고 먹히는 생태계 속에서 식물과도 같은 존재인 잎새는 <br/>과연 침대 밖을 벗어날 수 있을까…\r'),(174050,'생일',120,'드라마','전체 관람가',' 2019.04.03',175000000,264218220,'./data/poster/174050.png','\"2014년 4월 이후... 남겨진 우리들의 이야기<br/><br/>세상을 먼저 떠난 아들 ‘수호’ 에 대한 그리움을 안고 살아가는 \'정일\'과 \'순남\'의 가족.<br/>어김없이 올해도 아들의 생일이 돌아오고, 가족들의 그리움은 더욱 커져만 간다.<br/><br/>수호가 없는 수호의 생일.<br/>가족과 친구들은 함께 모여 서로가 간직했던 특별한 기억을 선물하기로 하는데..<br/><br/>1년에 단 하루. 널 위해, 우리 모두가 다시 만나는 날.<br/>\"\"영원히 널 잊지 않을게.\"\"\"\r'),(174065,'걸캅스',107,'코미디/액션','15세 관람가',' 2019.05.09',44000000,13681765,'./data/poster/174065.png','민원실 퇴출 0순위 전직 전설의 형사 \'미영\'과 민원실로 밀려난 현직 꼴통 형사 \'지혜\'<br/>집에서는 눈만 마주쳐도 으르렁 대는 시누이 올케 사이인 두 사람은 <br/>민원실에 신고접수를 하기 위해 왔다가 차도에 뛰어든 한 여성을 목격하고 <br/>그녀가 48시간 후 업로드가 예고된 디지털 성범죄 사건의 피해자란 사실을 알게 된다.<br/>강력반, 사이버 범죄 수사대, 여성청소년계까지 경찰 내 모든 부서들에서<br/>복잡한 절차와 인력 부족을 이유로 사건이 밀려나자 <br/>‘미영’과 ‘지혜’는 비공식 수사에 나서기로 결심한다. <br/><br/>수사가 진전될수록 형사의 본능이 꿈틀대는 ‘미영’과 정의감에 활활 불타는 ‘지혜’는 <br/>드디어 용의자들과 마주할 기회를 잡게 되는데…<br/><br/>걸크러시 콤비의 비공식 합동 수사가 펼쳐진다!\r'),(174255,'기억할 만한 지나침',166,'드라마','15세 관람가',' 2019.12.19',55000000,346079773,'./data/poster/174255.png','차에 치인 동물을 외면하지도 구해주지도 못하는 시인 ‘김’은 삶과 죽음 어떤 것도 대면하지 못하는 사람이다. 어느 날 남편은 말도 없이 사라지고 그녀는 저수지에서 버려진 개를 발견한다. 시를 쓰고 개를 돌보며 생을 부여잡아 보지만, 돌아오는 것은 냉담한 시선 뿐. 그녀는 누구에게도 이해받지 못할 고독 속에 있다. 이 어둡고 지난한 터널 같은 시간 속에서 우리는 희망의 빛을 발견할 수 있을까.\r'),(174256,'앵커',78,'드라마','15세 관람가',' 2019.11.28',31000000,106683817,'./data/poster/174256.png','계주의 마지막 주자인 ‘앵커’ 역할을 맡은<br/>산청의 고등학교 육상부 소녀 ‘한주’.<br/>어느 날 ‘한주’의 할아버지가 사고로 위급해지고, 동생 ‘영준’ 마저 사라지는데...<br/><br/>세상을 알기 위해 달리는 소녀가 만난 새로운 세계!\r'),(174261,'카오산 탱고',97,'드라마/멜로/로맨스','12세 관람가',' 2020.07.30',6000000,22231658,'./data/poster/174261.png','과거를 여행하는 남자 지하(홍완표)와<br/>현재를 여행하는 여자 하영(현리),<br/><br/>방콕이 제2의 고향이 된 프로 태국 여행러 하영에 비해<br/>지하는 방콕이 초행이라 모든 것이 서툴다.<br/>방콕에 위치한 여행자들의 성지, ‘카오산 로드’에서 만난 여행자들이 흔히 그렇듯이 자연스럽게 동행하게 된 두 사람.<br/>그렇게 낯선 여행지에서 만난 두 남녀는, 서로의 일상을 공유하면서 조금씩 가까워진다.\r'),(174268,'파도치는 땅',82,'드라마','12세 관람가',' 2019.04.04',17080000,21011500,'./data/poster/174268.png','문성(박정학)은 학원 사업에 실패하고 재기하기 위해 자금을 마련하러 다닌다. 한편, 하나뿐인 아들 도진(맹세창)은 돌연 미국 유학을 중단하고 결혼하겠다고 고집을 부린다. 힘에 부친 일상의 어느 날, 오랫동안 절연했던 아버지가 위독하다는 연락을 받는다. 간첩조작사건에 연루되어 최근 무죄를 선고 받은 그의 아버지는 국가 보상금으로 상당한 유산을 남긴 상황이다.  만감이 교차한 가운데 문성은 30여 년 만에 고향 군산으로 향하는데, 그곳에서 아버지를 간호하는 미스터리한 여인 은혜(이태경)를 만난다.<br/> <br/>“왜 이제 찾아오셨어요?” <br/>잊고 지냈던 역사의 상흔, 국가의 폭력이 남긴 삼대의 비밀이 밝혀진다.\r'),(174269,'겨울밤에',91,'드라마','12세 관람가',' 2020.12.10',63000000,920100000,'./data/poster/174269.png','30년 만에 춘천을 찾은 남녀,<br/>무언가 잃어버린 이들의 잊지 못할 <br/>한겨울밤의 꿈 같은 영화\r'),(174292,'한강에게',89,'드라마/멜로/로맨스','12세 관람가',' 2019.04.04',13000000,2570145,'./data/poster/174292.png','첫 시집을 준비하는 시인 ‘진아’.<br/>오랜 연인 ‘길우’의 뜻밖의 사고 후 매일 비슷한 일상을 보내고 있다.<br/>대학교에서 시 수업을 하고, 친구를 만나며 괜찮은 것 같지만<br/>추억과 일상을 헤매며 써지지 않는 시를 붙잡고 있다.<br/><br/>“괜찮냐고 묻지 말아 줘…”<br/>“자꾸 괜찮냐고 물어보니까. 안 괜찮은데 괜찮다고 말 해야되잖아”\r'),(174294,'성혜의 나라',118,'드라마','12세 관람가',' 2020.01.30',4000000,55675257,'./data/poster/174294.png','스물아홉 성혜는 반지하 월세 살이 취준생이다. 대학 졸업 후 대기업 인턴으로 입사했으나 불미스러운 사건으로 반강제 퇴사하고 지금은 신문배달과 편의점 아르바이트를 전전한다. 공시생 남자 친구 승환은 믿음직스럽지 못하고, 성혜는 면접마다 떨어지는데 그러던 어느 날, 뜻밖의 일로 인생의 반전을 맞이하게 되는데…<br/> <br/>어느 날, 당신에게 5억이 생긴다면 그 돈으로 무엇을 하고 싶죠?\r'),(174296,'메이트',92,'드라마','15세 관람가',' 2019.01.17',100000000,336529144,'./data/poster/174296.png','“나 연애 잘 못 해요. 적성에 안 맞아요” 상처 받기 싫어 마음을 못 주는 남자 준호(심희섭).<br/>“돈도 펑펑 못 쓰는데, 마음이라도 펑펑 쓰면서 살아야지.” 가진 건 마음 하나뿐인 여자 은지(정혜성).<br/><br/>준호는 새로 일하게 된 잡지사에서 은지를 우연히 다시 만나게 된다.<br/>준호는 은지에게 책임도, 의무도 없는 자유연애를 제안하지만, 따뜻하고 낙천적인 은지에게 점점 깊어지는 본인의 마음을 깨닫기 시작 하는데…\r'),(174297,'내가 사는 세상',67,'드라마','12세 관람가',' 2019.03.07',8169363,8175346,'./data/poster/174297.png','꿈은 DJ 밍구스! 현실은 퀵 알바 ‘민규’<br/>꿈은 아티스트! 현실은 새끼강사 ‘시은’<br/>오늘도 비겁하거나 내일이 겁나거나<br/>그래도 사는 진짜 요즘 애들의 둠-칫 둠-칫 청춘 스케치<br/><br/>넌… 요즘 어때?\r'),(174304,'예수보다 낯선',80,'코미디','15세 관람가',' 2019.04.04',38000000,120000000,'./data/poster/174304.png','전작이 실패하며 위기에 처한 ‘감독’(여균동)은<br/>베스트셀러 ‘예수를 만나다’를 영화화하자는 제안을 받는다.<br/>예수가 나타나 누군가와 식사를 한다는 내용도 황당한데,<br/>자신이 진짜 ‘예수’(조복래)라 우기는 더 황당한 사람이 나타난다.<br/>감독은 자칭 예수와 함께 은퇴한 조폭, 발레파킹 남자, 스타배우 등<br/>영화를 찍기 위해 다양한 사람들을 만나게 되고<br/>그들로부터 예수에 관한 생각지 못한 이야기를 듣게 되는데...<br/>이 영화는 무사히 진행될 수 있을 것인가…!<br/><br/>정체불명 두 남자의 대.환.장 예수파티!\r'),(174530,'시민 노무현',98,'다큐멘터리','12세 관람가','2020.05.22 2019.05.23',55000000,214015089,'./data/poster/174530.png','\"“여러분, 저는 고향에 돌아왔습니다”<br/><br/>2008년 2월 25일<br/>퇴임 후 귀향을 선택한<br/>대한민국 대통령 노무현<br/><br/>그는 왜 봉하마을로 내려갔을까요?<br/><br/>봉하마을에서의 454일<br/>대통령 임기 만큼<br/>바쁜 삶을 산 시민 노무현<br/><br/>그는 그 곳에서 무엇을 했을까요?<br/><br/>2009년 5월 23일<br/>\"\"슬퍼하지 마라,<br/>미안해하지 마라,<br/>운명이다\"\"<br/><br/>그에게 무슨 일이 었었던 걸까요?<br/><br/>그 후 10년,<br/><br/>시민 노무현<br/>그의 이야기가 공개됩니다.\"\r'),(174797,'판소리 복서',114,'코미디/드라마','12세 관람가',' 2019.10.09',50000000,119208989,'./data/poster/174797.png','한때 복싱 챔피언 유망주로 화려하게 주목 받던 전직 프로복서 ‘병구’(엄태구). 그러나 한 순간의 지울 수 없는 실수로 복싱협회에서 영구 제명이 되어버린 그는 ‘박관장’(김희원)의 배려로 체육관의 허드렛일을 도맡아 하며 살아가고 있다. 다시 복싱을 시작하려는 마음은 있지만 설상가상 뇌세포가 손상되는 ‘펀치드렁크(punchdrunk)’ 진단까지 받게 된 ‘병구’. 어느 날 ‘병구’가 뿌린 전단지를 들고 체육관을 찾은 신입관원 ‘민지’(이혜리)는 복싱에 대한 ‘병구’의 순수한 열정을 발견하고 그의 든든한 지원군이 되어준다. <br/><br/>‘민지’의 응원에 잊고 있었던 미완의 꿈이자 자신만의 스타일인 ‘판소리 복싱’을 완성하기로 결심한 ‘병구’는 생애 마지막이 될지도 모를 가장 무모한 도전을 시작한다.\r'),(174834,'진범',100,'스릴러','15세 관람가',' 2019.07.10',115000000,378882411,'./data/poster/174834.png','아내가 죽은 그날의 진실을 찾고 싶은 ‘영훈’(송새벽)과<br/>남편의 무죄를 밝히기 위해 그의 증언이 필요한 ‘다연’(유선).<br/><br/>‘영훈’은 증언의 대가로 함께 진실을 찾자는 제안을 하고,<br/>‘다연’은 남편을 구하기 위해 ‘영훈’과 사건을 쫓기 시작한다.<br/><br/>사건을 재구성하던 어느 날,<br/>‘다연’은 ‘영훈’의 집에서 사라진 증거를 발견하고,<br/>‘영훈’은 ‘다연’의 거짓말을 알게 된다.<br/><br/>그렇게 진실에 다가갈수록<br/>서로를 향한 의심은 커져만 가는데…<br/><br/>의심을 숨긴 위험한 공조가 시작된다!\r'),(174903,'엑시트',103,'액션/코미디','12세 관람가',' 2019.07.31',45000000,170362582,'./data/poster/174903.png','대학교 산악 동아리 에이스 출신이지만<br/>졸업 후 몇 년째 취업 실패로 눈칫밥만 먹는 용남은<br/>온 가족이 참석한 어머니의 칠순 잔치에서<br/>연회장 직원으로 취업한 동아리 후배 의주를 만난다<br/>어색한 재회도 잠시, 칠순 잔치가 무르익던 중<br/>의문의 연기가 빌딩에서 피어 오르며<br/>피할 새도 없이 순식간에 도심 전체는 유독가스로 뒤덮여 일대혼란에 휩싸이게 된다.<br/>용남과 의주는 산악 동아리 시절 쌓아 뒀던 모든 체력과 스킬을 동원해<br/>탈출을 향한 기지를 발휘하기 시작하는데…\r'),(175316,'힘을 내요, 미스터 리',111,'코미디/드라마','12세 관람가',' 2019.09.11',30000000,11146270,'./data/poster/175316.png','가던 길도 멈추게 하는 심쿵 비주얼의 대복칼국수 반전미남 ‘철수’(차승원)<br/>완벽한 외모와 달리 아이보다 더 아이 같은 그의 앞에<br/>어느 날 어른보다 더 어른 같은 딸 ‘샛별’(엄채영)이 나타난다.<br/><br/>오늘 처음 봤는데… 내 딸이라고???<br/>누구냐 넌?!<br/><br/>마른하늘에 \'딸\'벼락 맞은<br/>철수의 미스터리한 정체가 밝혀진다!\r'),(175324,'나를 찾아줘',108,'스릴러','15세 관람가',' 2019.11.27',19000000,25836616,'./data/poster/175324.png','6년 전 실종된 아들을 봤다는 연락을 받은 ‘정연’(이영애).<br/>숱하게 반복되던 거짓 제보와 달리  <br/>생김새부터 흉터까지 똑같은 아이를 봤다는 낯선 이의 이야기에<br/>‘정연’은 지체 없이 홀로 낯선 곳으로 향한다. <br/><br/>하지만 자신의 등장을 경계하는 듯한 경찰 ‘홍경장’(유재명)과 <br/>비슷한 아이를 본 적도 없다는 마을 사람들. <br/>그들이 뭔가 숨기고 있음을 직감한 ‘정연’은<br/>포기하지 않고 진실을 찾기 시작하는데…<br/><br/>6년 전 사라진 아이<br/>그리고 낯선 사람들<br/>모두가 숨기고 있다\r'),(175366,'나의 특별한 형제',114,'드라마/코미디','12세 관람가',' 2019.05.01',8000000,116,'./data/poster/175366.png','비상한 두뇌를 가졌지만 동생 ‘동구’ 없이는 아무 데도 못 가는 형 ‘세하’(신하균),<br/>뛰어난 수영실력을 갖췄지만 형 ‘세하’ 없이는 아무것도 못 하는 동생 ‘동구’(이광수).<br/>이들은 피 한 방울 섞이지 않았지만 20년 동안 한 몸처럼 살아온 ‘특별한 형제’다.<br/><br/>어느 날 형제의 보금자리 ‘책임의 집’을 운영하던 신부님이 돌아가시자<br/>모든 지원금이 끊기게 되고, 각각 다른 장애를 가진 두 사람은 헤어질 위기에 처하고 만다.<br/><br/>세하는 ‘책임의 집’을 지키고 동구와 떨어지지 않기 위해<br/>구청 수영장 알바생이자 취준생 ‘미현’(이솜)을 수영코치로 영입하고,<br/>동구를 수영대회에 출전시켜 사람들의 이목을 집중시키는 데 성공한다.<br/><br/>헤어지지 않을 수 있다는 희망을 본 것도 잠시,<br/>예상치 못한 인물이 형제 앞에 등장하면서 형제는 새로운 위기를 겪게 되는데...!\r'),(175393,'국제수사',106,'액션/드라마/범죄','15세 관람가',' 2020.09.29',55000000,121969216,'./data/poster/175393.png','필리핀으로 인생 첫 해외여행을 떠난 대천경찰서 강력팀 ‘홍병수’(곽도원) 경장.<br/><br/>여행의 단꿈도 잠시, ‘병수’는 범죄 조직 킬러 ‘패트릭’(김희원)의 셋업 범죄에 휘말려 살인 용의자가 되고,<br/>누명을 벗기 위해 현지 가이드이자 고향 후배 ‘만철’(김대명)과 함께 수사에 나선다.<br/><br/>하지만, 형사 본능이 끓어오르는 마음과는 달리 ’병수’의 몸과 영어는 따라주지 않고,<br/>필리핀에서 재회한 웬수 같은 죽마고우 ‘용배’(김상호)가 끼어드는 바람에<br/>수사는 자꾸 의도치 않은 방향으로 흘러가는데…<br/><br/>촌구석 형사 ‘병수’는 과연 무사히 한국에 돌아갈 수 있을까?<br/><br/>“나 코리안 폴리스여!”<br/>동네급 형사의 국제급 수사가 시작된다!\r'),(175404,'두번할까요',112,'코미디/멜로/로맨스','15세 관람가',' 2019.10.17',7500000,32392047,'./data/poster/175404.png','꿈꿔왔던 싱글라이프 ‘현우’<br/>쪽팔림을 무릅쓰고 감행했던 이혼식 후, 드디어 싱글라이프 입성!<br/>꿈꿔왔던 자유를 되찾은 것도 잠시... 엑스와이프 \'선영\'이 다시 돌아왔다.<br/>게다가 옛 친구 \'상철\'까지 달고!<br/><br/>원치않던 싱글라이프 ‘선영’<br/>꼭 해야만(?)했던 이혼식 후, 어쩌다 보니 싱글라이프 입성!<br/>원수 같던 \'현우\'와 헤어지긴 했지만 그 없이는 어려운 일 투성이다.<br/>그러던 어느 날, 모든 게 완벽한 \'상철\'이 나타났다!<br/><br/>끝내고픈 싱글라이프 ‘상철’<br/>이상형 \'선영\'과의 강렬한(!) 만남 후, 잘만하면 싱글라이프 청산 가능!<br/>얼굴, 능력 다 되지만 연애는 어떻게 하는 건지 도통 모르겠다.<br/>별 수 없이 연애 상담을 위해 \'현우\'를 찾아가는데!<br/><br/>다시 얽혀버린 세 남녀의 출구 없는 싱글라이프가 펼쳐진다!\r'),(176306,'남산의 부장들',114,'드라마','15세 관람가',' 2020.01.22',11000000,11439193,'./data/poster/176306.png','1979년 10월 26일, 중앙정보부장 김규평(이병헌)이 대한민국 대통령을 암살한다.<br/><br/>이 사건의 40일전, 미국에서는 전 중앙정보부장 박용각(곽도원)이<br/>청문회를 통해 전 세계에 정권의 실체를 고발하며 파란을 일으킨다.<br/>그를 막기 위해 중앙정보부장 김규평과 경호실장 곽상천(이희준)이 나서고,<br/>대통령 주변에는 충성 세력과 반대 세력들이 뒤섞이기 시작하는데…<br/><br/>흔들린 충성, 그 날의 총성\r'),(176625,'밤의 문이 열린다',90,'판타지/드라마/가족/미스터리','12세 관람가',' 2019.08.15',25000000,13071518,'./data/poster/176625.png','\"도시 외곽의 공장에서 일하는 ‘혜정’(한해인)은 남들 다 하는 연애조차 생각할 여유가 없다.<br/>똑같은 하루를 살아가던 ‘혜정’은 이유도 모른 채 자신의 방에서 유령이 되어 눈을 뜬다. <br/>유령이 된 ‘혜정’의 시간은 하루하루 거꾸로 흘러,밤의 문의 끝에서 마침내 ‘효연’(전소니)을 만난다.<br/>\"\"내일이 없는 유령은 사라지지 않기 위해 왔던 길을 반대로 걷는다. <br/>잠들어 있던 모든 어제의 밤을 지켜 본 후에야 걸음을 멈춘다”\"\r'),(176742,'뷰티풀 보이스',96,'코미디','전체 관람가',' 2019.05.22',500000,1148752,'./data/poster/176742.png','단 하루 만에 더빙을 끝내야 하는 프로젝트에 모인 노답 흙수저 성우들.<br/>오늘도 존버해보지만 갑질 시추에이션에 하나 둘 지쳐가고,<br/>짠내 가득한 좁아터진 유리 부스 안에서 모두가 터지기 일보직전!<br/>그들의 이야기는 점차 예측할 수 없는 탈우주급 전개로 향하는데…<br/><br/>목청발랄 NEW 히어로들의 탈우주급 미션을 향한 대환장 서사시가 시작된다!\r'),(176746,'라이브 하드',100,'드라마','15세 관람가',' 2021.02.25',829000,2247465,'./data/poster/176746.png','갑자기 사라진 밴드 리더 ‘임재’를 하염없이 기다리는<br/>‘머저리밴드’의 드러머 ‘섭’과 베이시스트 ‘철’.<br/>블루스 음악을 꿈꾸지만 현실과 적당히 타협해 랩으로 생계를 유지하는 ‘덕규’<br/><br/>두 뮤지션은 홍대 작은 라이브 카페 앞<br/>‘뮤지션을 찾습니다’ 문구가 적힌 간판을 보고<br/>라이브 클럽 공연에 서기 위해 오디션 현장을 찾는다.<br/><br/>한 해가 얼마 남지 않은 겨울,<br/>그들에겐 단 한번의 공연이 절실하다!<br/> <br/>청춘을 노래하는 사람들의<br/>‘진짜’ 무대 뒷이야기가 시작된다!\r'),(176747,'청춘빌라 살인사건',94,'코미디/범죄/드라마','15세 관람가',' 2020.01.02',26000000,116400000,'./data/poster/176747.png','전직 깡패 \'수로\'와 오랫동안 믿고 지내던 사채업자 \'만석\'<br/>만석은 수로에게 30억을 대가로 자신을 떠나려는 아내를 처리하라고 지시한다.<br/>하지만 각자 다른 맘을 먹고 있던 그들의 계획은 어긋나기 시작하는데...<br/>이 대책 없는 소동극의 끝은 과연 어디로 향할 것인가?!\r'),(176886,'오늘도 위위',70,'드라마','전체 관람가',' 2019.10.17',11000000,10032765,'./data/poster/176886.png','\"오늘도 평화로운 선우선과 열두 냥이의 썬하우스<br/>한가로운 시간을 보내던 냥이들에게<br/>생각만 해도 온몸이 떨리는 일이 발생하는데!?<br/><br/>\"\"얘들아, 우리 모두 함께 여행 가볼까?\"\"<br/><br/>청천벽력 같은 엄마의 한 마디에 <br/>처음으로 세상 밖 여행을 시작한 냥이들<br/><br/>시원한 바람, 푸른 바다, 해질녘 들판까지<br/>모든 것이 새롭기만 한 냥이들의 운명은!?\"\r'),(176912,'오늘도 평화로운',90,'액션/코미디','15세 관람가',' 2019.04.04',30000000,24048000,'./data/poster/176912.png','영화감독이 꿈인 영준은 영화를 만들기 위해<br/>오늘도 평화로운 그곳에서 노트북을 사려다 사기를 당한다.<br/>직접 사기꾼들을 잡겠노라 결심한 영준은<br/>무작정 중국으로 떠나는데…\r'),(177039,'디바',84,'스릴러/미스터리','15세 관람가',' 2020.09.23',20000000,11585483,'./data/poster/177039.png','전 세계가 주목하는 다이빙계의 디바 ‘이영’은<br/>어느 날 동료이자 절친 ‘수진’과 함께 교통사고를 당한다.<br/><br/>사고 후 실종된 ‘수진’을 향한 ‘이영’의 애틋함과 달리<br/>동료들은 ‘수진’에 대해 의문스러운 말들을 쏟아내고,<br/>혼란스러운 와중에도 ‘이영’은 완벽한 실력을 되찾아야만 한다.<br/><br/>결국 최고를 지키고자 하는 강렬한 욕망과<br/>오랜 시간 친구로 지내왔던 ‘수진’이 자기가 알던 모습이 아닐지도 모른다는 두려움은<br/>‘이영’을 점점 광기로 몰아넣는데…<br/><br/>다이빙계의 디바<br/>알 수 없는 깊이의 두려움 속으로 빠져들다\r'),(177366,'킹메이커',123,'드라마','15세 관람가',' 2022.01.26',22000000,77737889,'./data/poster/177366.png','세상을 바꾸기 위해 도전하는 정치인 ‘김운범’ 앞에<br/>그와 뜻을 함께하고자 선거 전략가 ‘서창대’가 찾아온다.<br/><br/>열세인 상황 속에서 서창대는 아무도 상상하지 못한 선거 전략을 펼치고<br/>‘김운범’은 선거에 연이어 승리하며, 당을 대표하는 대통령 후보까지 올라서게 된다.<br/><br/>대통령 선거를 향한 본격적인 행보가 시작되고 그들은 당선을 위해 총력을 기울인다.<br/><br/>그러던 중 ‘김운범’ 자택에 폭발물이 터지는 사건이 발생하고<br/>용의자로 ‘서창대’가 지목되면서 둘의 관계는 새로운 국면을 맞이하게 되는데...<br/><br/>치열한 선거판,<br/>그 중심에 있던 두 남자의 이야기가 시작된다!\r'),(177371,'0.0MHz',102,'공포','15세 관람가',' 2019.05.29',30000000,373554033,'./data/poster/177371.png','에디슨의 마지막 발명품, 유령 탐지기?<br/>“증명할 수 없는 미스터리란 없다”<br/>가지 말라는 곳에 가야 하는 이유가 있다<br/><br/>세상에 일어나는 초자연 미스터리를 분석하는 동아리 0.0MHz 멤버들이 귀신을 부르는 주파수를 증명하기 위해 우하리의 한 흉가를 찾은 후 기이한 현상이 멈추지 않는데…\r'),(177374,'증인',129,'드라마','12세 관람가',' 2019.02.13',27000000,101646581,'./data/poster/177374.png','“목격자가 있어. 자폐아야”<br/><br/>신념은 잠시 접어두고 현실을 위해 속물이 되기로 마음먹은<br/>민변 출신의 대형 로펌 변호사 ‘순호’(정우성).<br/>파트너 변호사로 승진할 수 있는 큰 기회가 걸린 사건의 변호사로 지목되자 <br/>살인 용의자의 무죄를 입증하기 위해 <br/>유일한 목격자인 자폐 소녀 ‘지우’(김향기)를 증인으로 세우려 한다.<br/><br/>“아저씨도 나를 이용할 겁니까?”<br/><br/>자기만의 세계에 빠져 의사소통이 어려운 ‘지우’.<br/>‘순호’는 사건 당일 목격한 것을 묻기 위해 ‘지우’를 찾아가지만, 제대로 된 인사조차 나누지 못한다.<br/>하지만 그날의 이야기를 듣기 위해 지우에게 다가가려 노력하는 ‘순호’, <br/>시간이 흐를수록 조금씩 ‘지우’에 대해 이해하게 되지만<br/>이제 두 사람은 법정에서 변호사와 증인으로 마주해야 하는데…<br/><br/>마음을 여는 순간, <br/>진실이 눈앞에 다가왔다\r'),(177483,'배심원들',114,'드라마','12세 관람가',' 2019.05.15',50000000,152022101,'./data/poster/177483.png','국민이 참여하는 역사상 최초의 재판이 열리는 날. <br/>모두의 이목이 집중된 가운데, <br/>나이도 직업도 제각각인 8명의 보통 사람들이 배심원단으로 선정된다. <br/><br/>대한민국 첫 배심원이 된 그들 앞에 놓인 사건은 증거, 증언, 자백도 확실한 살해 사건. <br/>양형 결정만 남아있던 재판이었지만 피고인이 갑자기 혐의를 부인하며 <br/>배심원들은 예정에 없던 유무죄를 다투게 된다.<br/><br/>생애 처음 누군가의 죄를 심판해야 하는 배심원들과 <br/>사상 처음으로 일반인들과 재판을 함께해야 하는 재판부. <br/>모두가 난감한 상황 속 원칙주의자인 재판장 ‘준겸’(문소리)은 정확하고 신속하게 재판을 끌어가려고 한다. <br/>하지만 끈질기게 질문과 문제 제기를 일삼는 8번 배심원 ‘남우’(박형식)를 비롯한 배심원들의 돌발 행동에 <br/>재판은 점점 예기치 못한 방향으로 흐르는데...<br/><br/>처음이라 더 잘하고 싶었던 <br/>보통 사람들의 가장 특별한 재판이 시작된다!\r'),(177508,'강변호텔',95,'드라마','15세 관람가',' 2019.03.27',62000000,107879496,'./data/poster/177508.png','강변의 호텔에 공짜로 묵고 있는 시인이 오랫동안 안 본 두 아들을 부른다.<br/>아무 이유없이 죽을 거 같다는 느낌이 들어서 부른 거다.<br/>한 젊은 여자가 같이 살던 남자에게 배신을 당한 후 강변의 호텔에 방을 잡았다.<br/>위로를 받으려  선배 언니를 부른다.<br/>다들 사는 게 힘들다.<br/>그 강변의 호텔에서 하루는 하루가 다인 양 하루 안에서 계속 시작하고 있고, 사람들은 서로를 바라만 보고 있다.\r'),(177509,'미스터 주: 사라진 VIP',113,'코미디/드라마','12세 관람가',' 2020.01.22',22000000,505000000,'./data/poster/177509.png','국가정보국 에이스 요원 태주.<br/>특사로 파견된 VIP 경호 임무를 수행하던 중, <br/>갑작스러운 사고로 VIP는 사라지고<br/>설상가상 온갖 동물들의 말이 들리기 시작한다.<br/>갑자기 이상한 행동을 하는 태주를 의심하는 민국장과 만식을 뒤로 하고,<br/>태주는 군견 알리와 함께 VIP를 찾아 나서는데…<br/><br/>Very. Important. Panda!<br/><br/>도심 한복판, 사라진 VIP를 찾기 위한 <br/>인간과 동물들의 역대급 팀플레이가 시작된다!\r'),(177510,'암전',86,'공포/미스터리','15세 관람가',' 2019.08.15',17000000,7603766,'./data/poster/177510.png','\"8년째 공포영화를 준비하던 신인 감독 ‘미정’은<br/>어느 날 후배로부터 지나친 잔혹함으로 인해 상영이 금지된 영화에 대해 듣는다.<br/>실체를 추적하던 중 만난 그 영화의 감독 ‘재현’은<br/>\"\"그 영화는 잊어, 죽음보다 끔찍한 인생 살기 싫으면\"\"이라고 경고하지만<br/>‘미정’은 그의 경고를 무시한 채 더욱 더 그 영화에 집착한다. <br/>이후, 이유를 알 수 없이 벌어지는 기괴하고 끔찍한 일들.<br/>극장에 불이 꺼지는 순간, 공포는 바로 등 뒤에 있다\"\r'),(177511,'다시, 봄',104,'드라마','12세 관람가',' 2019.04.17',12000000,41205099,'./data/poster/177511.png','인생의 유일한 행복인 딸을 사고로 잃은 후 절망에 빠진 ‘은조’(이청아)<br/>중대한 결심을 한 그날, 눈을 떠보니 시간이 어제로 되돌아갔다.<br/><br/>거꾸로 흐르는 시간을 살게 된 ‘은조’는<br/>불행했던 자신의 어제를 바꾸며 행복한 시간을 보내지만,<br/>계속 어제로 흐르는 시간에 마음이 초조해진다. <br/><br/>그러던 어느 날,<br/>시간여행에 관한 미스터리한 키를 쥔 남자 ‘호민’(홍종현)을 만나게 되는데…<br/><br/>시간을 되돌려, 새로운 내일을 맞이할 수 있을까?\r'),(177543,'뷰티플 마인드',97,'다큐멘터리','전체 관람가',' 2019.04.18',6000000,2122561,'./data/poster/177543.png','세상 극과 극의 개성으로 뭉친 ‘뷰티플마인드’의 멤버들<br/>알고 보니, 마음 속 고민의 불협화음까지 닮았다!<br/>혼자만의 쉼표, 도돌이표를 벗어나 <br/>난생 처음으로 함께하는 기적의 하모니를 꿈꿔보는데…\r'),(177599,'수퍼 디스코',90,'다큐멘터리','12세 관람가',' 2019.11.28',27000,3151130,'./data/poster/177599.png','붕가붕가레코드는 “빡센 취미 활동”과 “지속가능한 딴따라질”을 모토로 스타 ‘장기하와 얼굴들’을 배출해내며 홍대 앞 인디씬에 혜성처럼 나타났다. <br/>하지만 장기하는 떠나고, 괴상한 복장의 ‘술탄 오브 더 디스코’가 붕가붕가레코드의 새로운 간판 스타가 된다. <br/>‘술탄 오브 더 디스코’의 매니저였던 감독은 밴드가 2014년 영국의 글래스턴베리 페스티벌에 공식 초청된 것을 계기로 이들에 대한 다큐멘터리를 만들기로 결심한다. <br/>감독은 이들이 2집 앨범을 완성하는 과정을 찍어 나가며 흥겨운 음악이 만들어지는 동안에 벌어질 신나는 에피소드들을 기록할 수 있을 것으로 기대했다. <br/>하지만 기대는 언제나 어긋난다.\r'),(177909,'나쁜 녀석들: 더 무비',114,'범죄/액션','15세 관람가',' 2019.09.11',15000000,2042530,'./data/poster/177909.png','죄수들이 탈출했다!<br/>교도소 호송차량이 전복되고 최악의 범죄자들이 탈주하는 사상 초유의 사건이 발생한다.<br/>이에 경찰은 수감 중인 범죄자가 흉악범을 잡는 극비 프로젝트인 ‘특수범죄수사과’를 다시 소집한다.<br/><br/>미친개... 다시 풉시다!<br/>‘오구탁’(김상중) 반장은 과거 함께 활약했던 전설의 주먹 ‘박웅철’(마동석)을 찾아가고, <br/>감성 사기꾼 ‘곽노순’(김아중)과 전직 형사 ‘고유성’(장기용)을 영입해 새로운 팀을 구성한다.<br/><br/>새로운 멤버들이 합류해 더욱 강력하고 치밀하고 독해진 나쁜 녀석들.<br/>이 사건을 파헤칠수록 배후에 거대한 범죄조직이 있다는 것을 직감한 그들은<br/>더 나쁜 놈들을 소탕하기 위해 움직이기 시작하는데…<br/><br/>나쁜 녀석들의 법 없는 검거작전!<br/>놈들처럼 생각하고 놈들처럼 행동할 그들이 온다!\r'),(177967,'악인전',110,'범죄/액션','청소년 관람불가',' 2019.05.15',11000000,775398007,'./data/poster/177967.png','우연히 연쇄살인마의 표적이 되었다 살아난 조직 보스 장동수와 <br/>범인잡기에 혈안이 된 강력반 미친개 정태석. <br/>타협할 수 없는 두 사람이 연쇄살인마 K를 잡기 위해 손잡는다. <br/><br/>표적은 하나, 룰도 하나!<br/>먼저 잡는 놈이 갖는다!\r'),(178267,'샤먼 로드',105,'다큐멘터리','12세 관람가',' 2021.07.03',5500000,159616327,'./data/poster/178267.png','중세시대였다면 ‘마녀’라고 화형을 당했을 프랑스 여자 샤먼 꼴레뜨와 한국 여자 샤먼 성미의 운명적 만남과 우정.<br/>성미와 꼴레뜨는 어렸을 때부터 들린 신의 음성과 영상들(visions)로 인해 남들과 다른 삶을 살 수밖에 없었고, 이를 천형이라 생각했다.<br/>2014년 프랑스에서 열린 세계샤머니즘축제에서 서로를 만난 뒤에야, 꼴레뜨와 성미는 그들의 특별한 능력이 세상 사람들의 아픈 상처를 어루만져주기 위한 신의 선물이라는 걸 깨닫고 서로를 의지하며 샤먼 로드를 걷는다.\r'),(178483,'시인 할매',86,'다큐멘터리','전체 관람가',' 2019.02.05',16000000,247275374,'./data/poster/178483.png','글을 몰라 서러웠고, 고단한 시집살이와 오직 가족만이 전부였던 삶.<br/>이름 석자 적는 게 소원이었던 어매들은<br/>모진 세월 견뎌내고 나서야 글을 배웠다.<br/><br/>삶을 노래하고, 세월을 읊는 할매들<br/>마음을 위로하는 인생의 詩 한편을 만나다!\r'),(178485,'동물, 원',97,'다큐멘터리','전체 관람가',' 2019.09.05',1300000,28262574,'./data/poster/178485.png','멸종 위기에 놓인 야생동물들과 <br/>그들을 정성스레 돌보는 사람들의 보통의 하루. <br/><br/>“동물들은 태어나서 죽을 때까지 <br/>이 곳에서 평생을 살아갈 수 밖에 없어요” <br/><br/>야생에서 멀어진 야생동물,<br/>자연에 더 가까워지고 싶은 동물원! <br/>울타리 뒤, 보이지 않는 세상이 시작된다.\r'),(178504,'로그북',100,'다큐멘터리','전체 관람가',' 2021.11.24',1200000,6000000,'./data/poster/178504.png','경력 30년의 잠수사 황병주<br/>해병대 출신 한재명<br/>부산 사나이 백인탁<br/>수중 장비를 챙긴 이들은 바다로 향한다<br/><br/>전쟁터를 방불케하는 바지선<br/>오직 ‘상승’과 ‘하강’ 소리만이 적막을 깨는 그 곳<br/>잠수사들은 무너진 벽과 뒤엉킨 격실을 뚫고<br/>마지막까지 희망의 실마리를 찾아 나서는데…<br/><br/>그 어디에서 공개되지 않았던 이야기<br/>‘로그북’ 그 첫 장을 세상에 펼치다!\r'),(178520,'안녕, 미누',89,'다큐멘터리','12세 관람가',' 2020.05.27',80000000,250200000,'./data/poster/178520.png','고향집 뒷산 히말라야는 몰라도 ‘목포의 눈물’이 애창곡인 네팔사람 ‘미누’. <br/>스무 살에 한국에 와 식당일부터 봉제공장 재단사, 밴드 보컬까지 18년.<br/>한국을 누구보다 사랑하며 청춘을 바쳤지만 11년 전 강제 추방당했다.<br/>네팔로 돌아가 어엿한 사업가로 성장하고도 한국이 사무치게 그립다.<br/>그런 미누를 위해 옛 밴드 멤버들이 네팔에 날아와 함께 무대에 선다.<br/>눈에는 눈물이 맺히고, 마이크를 잡은 목장갑 손이 한없이 떨리는 미누.<br/>꿈만 같던 공연이 끝나고 미누는 “나 이제 죽어도 좋아”라며 환히 웃는데…\r'),(178526,'봉오동 전투',135,'액션/드라마','15세 관람가',' 2019.08.07',25000000,19075720,'./data/poster/178526.png','1919년 3.1운동 이후 봉오동 일대에서 독립군의 무장항쟁이 활발해진다.<br/><br/>일본은 신식 무기로 무장한 월강추격대를 필두로 독립군 토벌 작전을 시작하고,<br/>독립군은 불리한 상황을 이겨내기 위해 봉오동 지형을 활용하기로 한다.<br/><br/>항일대도를 휘두르는 비범한 칼솜씨의 해철(유해진)과 발 빠른 독립군 분대장 장하(류준열)<br/>그리고 해철의 오른팔이자 날쌘 저격수 병구(조우진)는<br/>빗발치는 총탄과 포위망을 뚫고 죽음의 골짜기로 일본군을 유인한다.<br/><br/>계곡과 능선을 넘나들며 귀신같은 움직임과 예측할 수 없는 지략을 펼치는 독립군의 활약에<br/>일본군은 당황하기 시작하는데...<br/><br/>1920년 6월, 역사에 기록된 독립군의 첫 승리<br/>봉오동 죽음의 골짜기에 묻혔던 이야기가 지금부터 시작된다.\r'),(178544,'사자',129,'미스터리/액션/판타지/공포','15세 관람가',' 2019.07.31',14000000,5780000,'./data/poster/178544.png','어릴 적 아버지를 잃은 뒤 세상에 대한 불신만 남은 격투기 챔피언 ‘용후’(박서준). <br/>어느 날 원인을 알 수 없는 깊은 상처가 손바닥에 생긴 것을 발견하고,<br/>도움을 줄 누군가가 있다는 장소로 향한다.<br/>그곳에서 바티칸에서 온 구마사제 ‘안신부’(안성기)를 만나  <br/>자신의 상처 난 손에 특별한 힘이 있음을 깨닫게 되는 ‘용후’. <br/>이를 통해 세상을 혼란에 빠뜨리는 악(惡)의 존재를 알게 되고,<br/>강력한 배후이자 악을 퍼뜨리는 검은 주교 ‘지신’(우도환)을 찾아 나선 ‘안신부’와 함께 하게 되는데...!<br/><br/>악의 편에 설 것인가 <br/>악에 맞설 것인가 <br/>신의 사자가 온다!\r'),(178569,'국도극장',92,'드라마','12세 관람가',' 2020.05.29',13500000,11285588,'./data/poster/178569.png','만년 고시생 기태가 고향 벌교로 돌아왔다.<br/>사법고시가 폐지되어 고시생이라는 그 서글픈 타이틀마저 이제는 쓸 수 없게 되었다.<br/>유배지로 향하듯 돌아온 고향엔 그다지 반가운 사람도, 반겨주는 사람도 없다.<br/><br/>생계를 위해 낡은 재개봉 영화관 ‘국도극장’에서 일을 시작하는 기태.<br/>간판장이 겸 극장 관리인 오 씨는 ‘급하시다 해서 잠깐 도와주러’ 왔다는 기태가 못마땅하다.<br/><br/>우연히 만나게 된 동창생이자 가수 지망생 영은은 기태와 달리 24시간을 쪼개 쓰며 여러 일을 전전하고, 밤낮없이 술에 취해 있는 오 씨는 기태의 말동무가 되어준다.<br/>자식들을 위해 몸 아픈 것도 돌보지 않는 엄마는 여전히 안쓰럽다.<br/>기태는 왠지 이 사람들과, 다시 돌아온 고향이 싫지만은 않다.<br/><br/>괜찮아요. 나의 지금이 그리 영화 같진 않더라도.\r'),(178687,'카일라스 가는 길',89,'다큐멘터리','전체 관람가',' 2020.09.03',13000000,17917287,'./data/poster/178687.png','- 할머니의 ‘파미르 일기’ 중<br/><br/>돌아오지 못한 사람들을 위해 기도를 올리고자 했던 어머니<br/>지구에서 가장 아름다운 일출과 푸른 새벽을 만날 수 있는<br/>티베트의 성지 카일라스로 떠났다.  <br/>바이칼 호수에서 티베트까지, 인생을 닮은 아름다운 길 위에서<br/>“여든 네살 생일을 정말 축하합니다!“\r'),(179095,'아워 바디',95,'드라마','15세 관람가',' 2019.09.26',60000000,223664608,'./data/poster/179095.png','8년 차 행정고시생 자영.<br/>번번이 시험에 떨어지면서 공부와 삶에 모두 지쳐버린 그녀 앞에 달리는 여자 현주가 나타난다.<br/>현주처럼 되고 싶다는 욕망으로 생애 처음 달리기를 시작한 자영은 타인의 시선에서 자유로워지며 조금씩 삶의 활기를 찾아가는데...\r'),(179125,'롱 리브 더 킹: 목포 영웅',118,'액션/드라마','15세 관람가',' 2019.06.19',19000000,141407024,'./data/poster/179125.png','거대 조직의 보스로 거침 없이 살고 있는 ‘장세출’은<br/>철거 용역으로 나간 재건설 반대 시위 현장에서 만난 강단 있는 변호사 ‘강소현’의 일침으로 <br/>그녀가 원하는 ‘좋은 사람’이 되기로 마음 먹는다.<br/><br/>모든 것을 내려놓고 새사람이 되기 위해 노력하던 ‘장세출’은 우연히 버스 추락 사고에서 온 몸으로 시민을 구하며<br/>일약 목포 영웅으로 떠오르게 되고, 예기치 못한 사건으로 국회의원에 출마하게 된다.<br/><br/>발로 뛰며 점점 시민의 마음을 움직인 ‘장세출’의 입지가 높아지자,<br/>목포에서 3선을 노리던 반대파 후보 ‘최만수’는 ‘장세출’을 눈엣가시로 여기고<br/>그를 저지하기 위해 ‘장세출’의 라이벌 조직 보스 ‘조광춘’과 손을 잡고 음모를 계획하는데…\r'),(179158,'유열의 음악앨범',122,'멜로/로맨스/드라마','12세 관람가',' 2019.08.28',6000000,254700832,'./data/poster/179158.png','\"오늘 기적이 일어났어요.<br/>1994년 가수 유열이 라디오 DJ를 처음 진행하던 날,<br/>엄마가 남겨준 빵집에서 일하던 미수(김고은)는 우연히 찾아 온 현우(정해인)를 만나 <br/>설레는 감정을 느끼게 되지만 뜻하지 않은 사건으로 인해 연락이 끊기게 된다.<br/><br/>\"\"그때, 나는 네가 돌아오지 않을 거라고 생각했어. 그래도 기다렸는데…\"\"<br/>다시 기적처럼 마주친 두 사람은 설렘과 애틋함 사이에서 마음을 키워 가지만 서로의 상황과 시간은 자꾸 어긋나기만 한다.<br/>계속되는 엇갈림 속에서도 라디오 ‘유열의 음악앨범’과 함께 우연과 필연을 반복하는 두 사람… <br/><br/>함께 듣던 라디오처럼 그들은 서로의 주파수를 맞출 수 있을까?\"\r'),(179159,'신의 한 수: 귀수편',106,'범죄/액션','15세 관람가',' 2019.11.07',15000000,12201255,'./data/poster/179159.png','바둑으로 모든 것을 잃은 아이 ‘귀수’<br/>유일하게 기대던 스승 허일도마저 잃고 홀로 살아남아<br/>세상을 향한 복수를 계획한다.<br/>운명의 선택은 神의 놀음판에 있다!<br/>자신을 사지로 내몬 냉혹한 내기바둑판으로 뛰어든 귀수(권상우)는<br/>전국을 돌아다니며 귀신 같이 바둑을 두는 자들과 대결을 펼치는데…<br/><br/>사활을 건 대결!<br/>신의 한 수를 다시 두시겠습니까?\r'),(179181,'지푸라기라도 잡고 싶은 짐승들',108,'범죄/스릴러','청소년 관람불가',' 2020.02.19',13000000,4619014,'./data/poster/179181.png','[모든 것은 돈 가방과 함께 시작되었다.]<br/><br/>사라진 애인 때문에 사채 빚에 시달리며 한 탕을 꿈꾸는 태영.<br/>아르바이트로 가족의 생계를 이어가는 가장 중만.<br/>과거를 지우고 새 인생을 살기 위해 남의 것을 탐하는 연희.<br/><br/>벼랑 끝에 몰린 그들 앞에 거액의 돈 가방이 나타나고,<br/>마지막 기회라 믿으며 돈 가방을 쫓는 그들에게 예기치 못한 사건들이 발생한다.<br/><br/>[“큰돈 들어왔을 땐 아무도 믿음 안돼”]<br/><br/>고리대금업자 박사장, 빚 때문에 가정이 무너진 미란, 불법체류자 진태,<br/>가족의 생계가 먼저인 영선, 기억을 잃은 순자까지...<br/><br/>절박한 상황 속 서로 속고 속이며 돈 가방을 쫓는 그들은<br/>인생을 바꿀 수 있는 마지막 한탕을 계획한다.\r'),(179301,'속물들',107,'드라마','15세 관람가',' 2019.12.12',10000000,26488734,'./data/poster/179301.png','애인 김형중(심희섭)과 동거중인 미술작가 선우정(유다인)은 동료 작가의 작품을 베끼다시피 모사한 작품에 떡하니 <표절1, 2, 3, 4...>란 제목을 붙여놓고 \'차용미술’이란 말로 포장해 팔아먹고 산다. 원작자들로부터 소송이 끊이지 않는 그녀에게 큐레이터 서진호(송재림)는 촉망받는 작가들만 참여한다는 유민 미술관 특별전을 제안하며 잠자리까지 갖는다.<br/>이런 우정 앞에 고등학교 동창 탁소영(옥자연)이 나타난다. 소영은 우정의 양다리 비밀을 빌미로 우정의 애인을 꼬셔주겠다는 제안을 하고, 세 사람의 이상한 동거가 시작된다. 한편, 형중은 이 사실을 덮어둔 채 유민 미술관 팀장으로 들어가 선우정, 서진호를 압박한다. 원하는 속내를 감춘 네 사람, 그리고 총감독 유지현(유재명)까지 유민 미술관에 모여들며 날카로운 신경전을 펼치게 되는데...\r'),(179302,'카센타',97,'범죄/코미디','15세 관람가',' 2019.11.27',26000000,36800000,'./data/poster/179302.png','파리 날리는 국도변 카센터를 운영하는 재구와 순영 부부(박용우, 조은지). <br/>어느 날부터 타이어가 펑크 난 차량이 부쩍 늘어나게 되고 재구는 이것이 인근 공사현장을 오가는 트럭에서 떨어진 금속 조각 때문인 걸 알게 된다. 순간 재구는 떨어진 금속 조각과 펑크 난 타이어 그리고 주머니를 채운 지폐를 보며 기발하고 수상한 계획을 세우게 된다.<br/><br/>재구는 계획적으로 도로에 금속 조각을 뿌려 타이어 펑크를 유도하고, 펑크 난 차들이 카센타에 줄을 이으며 돈을 벌게 된다. 남편의 수상한 영업을 몰랐던 순영은 처음에는 말리지만 수중에 돈이 쌓이자 더 적극적으로 계획에 동참하며 도로에 못을 박자고 제안을 하게 되는데…<br/><br/>빵.꾸.환.영.<br/>한밤중, 이들의 생계형 범죄 영업이 시작된다!\r'),(179306,'선희와 슬기',70,'드라마','12세 관람가',' 2019.03.27',2800000,2616503,'./data/poster/179306.png','\"“제 이름은 선희입니다.\"\"<br/>18살 ‘선희’는 친구들의 관심을 끌기 위해 거짓말을 시작한다.<br/>그러나 작은 거짓말은 친구의 자살을 부르게 되고, <br/>‘선희’는 커다란 죄책감을 느끼게 되는데...<br/><br/>“제 이름은 슬기입니다.”<br/>아무도 자신을 모르는 곳으로 떠난 ‘선희’는 <br/>모범생 ‘슬기’로 새로운 인생을 살기로 하는데…\"\r'),(179307,'벌새',138,'드라마','15세 관람가',' 2019.08.29',27000000,16140822,'./data/poster/179307.png','1994년, 알 수 없는 거대한 세계와 마주한 14살 ‘은희’의<br/>아주- 보편적이고 가장- 찬란한 기억의 이야기\r'),(179310,'호흡',104,'드라마','15세 관람가',' 2019.12.19',6900000,7993039,'./data/poster/179310.png','아이를 납치했던 자신의 범죄에 짓눌려 사는 ‘정주’<br/>납치되었던 그날 이후로 인생이 무너져 내린 ‘민구’<br/>다시 마주친 두 사람, 끊어질 듯 끊어지지 않는 악연의 소용돌이.\r'),(179392,'영하의 바람',110,'드라마','12세 관람가',' 2019.11.14',25000000,28341469,'./data/poster/179392.png','혼자 버려진 12살, 혼자 남겨진 15살, 혼자 사라진 19살,<br/>언젠가는 자신에게도 따뜻한 바람이 불어오길 바라는 ‘영하’의 일기\r'),(179393,'계절과 계절 사이',98,'드라마/멜로/로맨스','15세 관람가',' 2019.10.03',52000000,116112375,'./data/poster/179393.png','비밀을 간직한 채/파혼 후 소도시로 내려와 카페를 운영하는 해수(이영진)<br/>타인의 시선에 굴하지 않고 자신의 감정에 솔직한 여고생 예진(윤혜리)을 만난다<br/>같은 공간, 반복되는 만남 속에서 봄 햇살의 온기만큼 따스해지는 감정의 온도<br/>그녀들의 일상은 기적 같은 행복으로 바뀌고<br/>나의 존재가 누군가에게 위로가 될 수 있다는 기쁨을 알게 된 그 때<br/>한 발자국 더 다가가던 그 때,<br/>새로운 ‘상처’가 두 사람을 향해 다가오는데<br/><br/>두 사람이 전해줄 상처를 위로하는 방법은 무엇일까\r'),(179394,'나는보리',110,'드라마/가족','전체 관람가',' 2020.05.21',30000000,135130999,'./data/poster/179394.png','바닷마을에 사는 열한 살 소녀, 보리는 가족 중 유일하게 들을 수 있다.<br/>초등학생이 된 보리는 말로 하는 대화가 점점 더 익숙해지고 수어로 소통하는 가족들 사이에서 외로움을 느끼게 되는데… <br/>소리를 잃고 싶은 아이, 보리의 특별한 소원이 시작된다!\r'),(179395,'멀리가지마라',75,'범죄/코미디','15세 관람가',' 2021.03.04',7000000,1100000,'./data/poster/179395.png','아버지의 20억 유산 상속을 위해 모인 가족.<br/>저마다 상속액에 불만을 터트리고 있을 무렵,<br/>아이를 살리고 싶으면 20억을 준비하라는 유괴범의 협박전화가 걸려오는데…<br/><br/>점잖은 가족의 민낯을 까발리는 K-가족 막장극\r'),(179397,'보희와 녹양',99,'드라마','12세 관람가',' 2019.05.29',20000000,7563728,'./data/poster/179397.png','모든 것이 두렵고 어려운 소심한 중학생 보희와, <br/>두려운 것 하나 없는 씩씩하고 당찬 녹양.<br/>한날한시에 태어난 둘도 없는 단짝★절친★베프 <br/>보희와 녹양의 좌충우돌 모험이 시작된다!\r'),(179398,'메기',89,'드라마/미스터리/코미디','15세 관람가',' 2019.09.26',28000000,31596911,'./data/poster/179398.png','이 곳은 마리아 사랑병원. 오늘은 민망한 엑스레이 사진 한 장으로 병원이 발칵 뒤집혔어요!<br/>세상에! 저를 가장 좋아하는 간호사 윤영 씨는 소문의 주인공이 자신과 남자친구일지도 모른다고 의심하고 있어요<br/><br/>과연 윤영 씨는 이 의심의 구덩이에서 빠져나올 수 있을까요?<br/><br/>아, 제 소개가 늦었네요. 저는 메기입니다.\r'),(179420,'라스트 씬',90,'다큐멘터리','전체 관람가',' 2019.12.12',40000000,70100000,'./data/poster/179420.png','부산의 어느 좁은 골목 끝에는 작은 극장이 오랫동안 자리하고 있다.<br/>극장의 빛을 기록하고 영화를 상영해온 이들의 하루는<br/>어제와 같이 오늘도 조용히 흘러간다.<br/>10년간 지켜온 극장의 마지막 날을 앞둔 이들의 얼굴엔 피로가 내려앉았다.<br/>소중한 공간과의 이별을 앞두고<br/>영화는 이 곳과 사정이 다르지 않은 극장으로 짧은 여행을 떠난다.\r'),(179461,'마왕의 딸 이리샤',83,'애니메이션','전체 관람가',' 2019.09.26',4000000,851545,'./data/poster/179461.png','마법으로 기억을 잃은 채 평범한 고등학생으로 살아가던 ‘이리샤’는 <br/>친구 ‘진석’의 빼앗긴 영혼을 되찾기 위해 우연히 요정 세계로 떠난다.<br/>그곳에서 비밀스러운 ‘개구리’, 기타 요정 ‘로비’를 만나고,<br/>가짜 마왕으로 인해 요정 세계가 위험에 빠졌다는 사실을 알게 되는데…<br/><br/>현실과 요정 세계를 넘나드는 신비로운 모험이 시작된다!\r'),(179481,'호텔 레이크',101,'공포','15세 관람가',' 2020.04.29',500000,431326,'./data/poster/179481.png','동생을 맡기기 위해 호텔 레이크를 찾아간 ‘유미’<br/>두 자매를 가족처럼 반기는 호텔 레이크 사장 ‘경선’<br/>이상한 이야기만 늘어 놓는 유일한 메이드 ‘예린’<br/><br/>호텔 레이크에서는<br/>절대 위를 올려다보지 말 것<br/>절대 혼자 돌아다니지 말 것<br/>절대 405호에 들어가지 말 것\r'),(179482,'82년생 김지영',118,'드라마','12세 관람가',' 2019.10.23',16000000,81452156,'./data/poster/179482.png','1982년 봄에 태어나<br/>누군가의 딸이자 아내, 동료이자 엄마로<br/>2019년 오늘을 살아가는 ‘지영’(정유미).<br/>때론 어딘가 갇힌 듯 답답하기도 하지만<br/>남편 ‘대현’(공유)과 사랑스러운 딸,<br/>그리고 자주 만나지 못해도 항상 든든한 가족들이 ‘지영’에겐 큰 힘이다.<br/><br/>하지만 언젠가부터 마치 다른 사람이 된 것처럼 말하는 ‘지영’.<br/>‘대현’은 아내가 상처 입을까 두려워 그 사실을 털어놓지 못하고<br/>‘지영’은 이런 ‘대현’에게 언제나 “괜찮다”라며 웃어 보이기만 하는데…<br/><br/>모두가 알지만 아무도 몰랐던<br/>당신과 나의 이야기\r'),(179506,'김군',85,'다큐멘터리','12세 관람가',' 2019.05.23',6000000,23341568,'./data/poster/179506.png','1980년 5월, 광주 도심 곳곳에서 포착된 한 남자.<br/>군용 트럭 위 군모를 쓰고 무기를 든 매서운 눈매.<br/>군사평론가 지만원은 그를 북한특수군 ‘제1광수’로 명명하고,<br/>누군가는 그를 한동네에 살았던 ‘김군’이라고 기억해내는데…<br/><br/>사진 한 장으로부터 시작된 광주의 진실이 밝혀진다.\r'),(179520,'디어 마이 지니어스',80,'다큐멘터리','전체 관람가',' 2020.10.22',48000000,20915465,'./data/poster/179520.png','영재가 되는 것이 꿈이자 목표인 여덟 살 막냇동생 \'윤영\'<br/>윤영이 꿈을 이룰 수 있도록 최선을 다하는 \'엄마\'<br/>두 사람을 불안한 눈빛으로 바라보는 과거의 영재 \'나\'<br/><br/>\'영재\'가 되면 행복해지는 걸까?!\r'),(179526,'오버 데어',44,'다큐멘터리','전체 관람가',' 2019.04.29',17000000,182057016,'./data/poster/179526.png','누군가 말했다. 제주의 어원이 ‘저어그’,<br/>전라도에서 그렇게 불 고 그래서 제주 濟州가 되었다고 …<br/>생겨남과 사라짐, 생 과 사 를 품 은 ‘순간의 편린들’<br/>저어기 over there, 그것은 피안이었다.\r'),(179859,'오! 문희',109,'코미디/드라마','12세 관람가',' 2020.09.02',25000000,14048372,'./data/poster/179859.png','평화로운 금산 마을. <br/>불같은 성격에 가족 사랑도 뜨거운 ‘두원’(이희준)에게 <br/>하나뿐인 딸 ‘보미’가 뺑소니 사고를 당했다는 청천벽력 같은 소식이 전해진다. <br/>게다가 현장의 유일한 목격자는  <br/>기억이 깜빡깜빡하는 엄니 ‘문희’(나문희)와 왈왈 짖기만 하는 개 ‘앵자’뿐.<br/><br/>의식 불명 상태로 병원에 있는 ‘보미’.<br/>경찰 수사에 진전이 없자 ‘두원’의 속은 점점 타들어간다. <br/>하지만 예기치 못한 순간 엄니 ‘문희’가 뜻밖의 단서를 기억해내고 <br/>‘두원’은 엄니와 함께 논두렁을 가르며 직접 뺑소니범을 찾아 나서기 시작하는데! <br/><br/>아무도 못 잡으면, 우리가 직접 잡는다!\r'),(179875,'비스트',130,'범죄/스릴러','15세 관람가',' 2019.06.26',22000000,110627965,'./data/poster/179875.png','대한민국을 뒤흔든 희대의 살인사건이 발생하고, <br/>수단과 방법을 가리지 않고 범인을 잡아온 강력반 에이스 ‘한수’(이성민)는<br/>후배 형사 \'종찬\'(최다니엘)과 범인을 잡기 위해 수사를 시작한다.<br/><br/>한편, 마약 브로커 \'춘배\'(전혜진)는 살인을 은폐해주는 대가로 <br/>\'한수\'에게 살인마에 대한 결정적인 단서를 제공하고<br/>\'한수\'의 라이벌 형사 \'민태\'(유재명)가 이 사실을 눈치채면서<br/>사건은 걷잡을 수 없는 방향으로 흘러가는데...!<br/><br/>살인마를 잡기 위해 살인을 감추다<br/>누가 진짜 괴물인가?<br/>WHO IS THE BEAST?\r'),(179894,'사라진 시간',105,'미스터리/드라마','15세 관람가',' 2020.06.18',14000000,463000000,'./data/poster/179894.png','한적한 소도시의 시골마을, 남들에게 숨기고 싶은 비밀을 지닌 채 <br/>지방 근무를 자청한 교사 부부에게 예기치 않은 불행이 닥치고, <br/>사건 수사를 담당하게 된 형구는 마을 사람들의 수상한 낌새를 눈치채고 단서를 추적한다. <br/>사건해결에 자신만만하던 형구는 수사과정에서 하루 아침에 자신의 삶이 송두리째 뒤바뀌는 충격적인 상황에 빠지게 된다.<br/><br/>집도, 가족도, 직업도 내가 알던 모든 것이 사라졌다.<br/>과연 그는 자신의 삶을 되찾을 수 있을 것인가.\r'),(180025,'해치지않아',117,'코미디','12세 관람가',' 2020.01.15',6000000,245066411,'./data/poster/180025.png','생계형 수습 변호사 ‘태수’에게 찾아온 일생일대의 기회, 위기의 동물원 ‘동산파크’를 구하라!<br/>‘동산파크’의 새 원장이 된 그는 손님은커녕 동물조차 없는 동물원을 살리기 위해<br/>직원들에게 동물로 위장근무 하자는 기상천외한 제안을 한다.<br/>북극곰, 사자, 기린, 고릴라, 나무늘보로 출근한 ‘동산파크’ 5인방.<br/>묵언수행은 기본, 어깨 결림, 근육 뭉침, 뒷목까지 뻐근한 그들의 털 날리는 고군분투가<br/>계속되는 가운데, 목이 타던 ‘태수’는 북극곰의 신분을 망각하고<br/>관람객 앞에서 콜라 한 모금을 마시게 되는데…<br/><br/>이런 동물원 처음 봐?<br/>선을 넘은 녀석들의 과감한 도전이 시작된다!\r'),(180169,'어린 의뢰인',114,'드라마','12세 관람가',' 2019.05.22',50000000,189859560,'./data/poster/180169.png','당신에게 찾아온 뜨거운 질문!<br/>“당신은 이 아이를 외면하시겠습니까?”<br/><br/>인생 최대 목표는 오직 성공뿐인 변호사 ‘정엽’<br/>주변에 무관심한 그에게 ‘다빈’과 ‘민준’ 남매가 자꾸 귀찮게 얽힌다.<br/>오랫동안 기다렸던 대형 로펌 합격 소식을 듣게 된 ‘정엽’은 믿을 수 없는 사실을 알게 된다.<br/>10살 소녀 ‘다빈’이 7살 남동생을 죽였다는 충격적인 자백<br/>뒤늦게 미안함을 느낀 ‘정엽’은 자신의 모든 것을 걸고<br/>‘다빈’의 엄마 ‘지숙’에게 숨겨진 진실을 밝히려고 하는데…\r'),(180209,'기방도령',110,'코미디','15세 관람가',' 2019.07.10',10000000,23574130,'./data/poster/180209.png','기왕지사 이리 된 김에 사업을 해보는 게 어떻겠소? <br/>내가 기생이 되겠단 말입니다!<br/><br/>수려한 용모와 뛰어난 기예, 여심을 꿰뚫어 보는 타고난 천성의 꽃도령 ‘허색’.<br/>그는 자신이 나고 자란 기방 ‘연풍각’이 폐업 위기에 처하자 조선 최초의 남자 기생이 되기로 결심한다.<br/><br/>기방결의로 맺어진 25세 괴짜 도인 ‘육갑’과 함께 기획부터 홍보까지 환상의 호흡을 자랑하며<br/>단숨에 조선 최고의 여심스틸러로 등극한 ‘허색’. <br/>입소문이 번지며 조선 사대부 여인들의 마음이 두근거리기 시작한다. <br/><br/>그러나, 승승장구한 것도 잠시<br/>예기치 못한 인물의 등장으로 잘 나가던 ‘허색’의 사업은 삐거덕거리기 시작하는데…\r'),(180351,'변신',113,'공포/스릴러','15세 관람가',' 2019.08.21',90000000,366101666,'./data/poster/180351.png','사람의 모습으로 변신하는 악마가 우리 가족 안에 숨어들면서<br/>기이하고 섬뜩한 사건들이 벌어진다<br/>서로 의심하고 증오하고 분노하는 가운데<br/>구마 사제인 삼촌 \'중수\'가 예고없이 찾아오는데…<br/><br/>절대 믿지도 듣지도 마라\r'),(180372,'극장판 공룡메카드: 타이니소어의 섬',70,'애니메이션','전체 관람가',' 2019.01.10',3600000,49800000,'./data/poster/180372.png','머나먼 옛날, 소행성 충돌로 인해 지구의 공룡들이 모두 사라지고<br/>사람들에게 알려지지 않은 어느 작은 섬에서 공룡들은 아주 작은 모습의 타이니소어로 탄생한다. <br/>씩씩한 트리케라, 장난꾸러기 티라노, 잠꾸러기 스테고 등 타이니소어 친구들이<br/>도토리 축구를 하며 즐거운 나날을 보내고 있던 중,<br/>수상한 악당들이 나타나 평화로운 ‘타이니소어의 섬’을 위협하기 시작하는데… <br/>타이니소어들을 노리는 수상한 눈빛의 정체는? <br/>과연 이들은 위기에 처한 지상 낙원 ‘타이니소어의 섬’을 지켜낼 수 있을까?\r'),(180378,'결백',110,'드라마','15세 관람가',' 2020.06.10',9000000,2395231,'./data/poster/180378.png','유명 로펌의 에이스 변호사 ‘정인(신혜선)’은 아빠의 장례식장에서 농약 막걸리 살인사건이 일어났음을 알게 된다.<br/>치매에 걸린 엄마 ‘화자(배종옥)’가 용의자로 지목되고,<br/>그녀의 결백을 주장하기 위해 고향으로 내려가 직접 변호를 맡는다.<br/>사건을 추적하던 중 시장 ‘추인회(허준호)’를 중심으로 한 마을 사람들의<br/>조직적 은폐와 거짓 진술 등 수상한 정황을 포착한 ‘정인’.<br/>그날의 기억을 모두 잃은 ‘화자’의 결백을 입증하기 위해 모든 사람들과 맞서기 시작하는데…!<br/><br/>파헤칠수록 커지는 의혹,<br/>과연 진실은 무엇인가?\r'),(180382,'태일이',99,'애니메이션','전체 관람가',' 2021.12.01',226408,1423000,'./data/poster/180382.png','평화시장에서 재단사 보조로 취직한 태일이는<br/>정식 재단사가 되어 가족의 생계도 꾸리고 동생들 공부도 시키는 것이 꿈이다.<br/><br/>그러나 열심히 일해 재단사가 된 태일이의 눈에 띈 것은<br/>죽도록 일하고 커피 한 잔 값도 받지 못한 채 피를 토하는 어린 여공들의 얼굴이다.<br/>동료를 위하는 따뜻한 마음 만으로는 아무것도 바꿀 수 없고,<br/>‘근로기준법’이 있어도 지켜지지 않는 현실 앞에서<br/>스물두 살 청년 태일이는 스스로 희망의 불꽃이 되기를 결심한다.<br/><br/>“근로기준법을 준수하라! 우리는 기계가 아니다!”\r'),(180385,'니나 내나',102,'드라마','12세 관람가',' 2019.10.30',7000000,560069,'./data/poster/180385.png','진주에 사는 미정, 경환, 재윤 삼 남매에게 어느 날 한 장의 편지가 도착한다. 보낸 이는 오래전 가족을 떠난 엄마. 편지에는 “보고 싶다”는 한 문장만 덩그러니 적혀 있었다. <br/>엄마가 집을 나가고, 형제였던 수완마저 불의의 사고로 세상을 떠난 뒤 내색은 하지 않았지만 각자 마음의 상처를 안은 채 살아온 삼 남매. <br/>가족을 끔찍하게 아끼는 첫째 미정은 집을 나간 엄마를 미워하며 자신이 동생들에게 엄마 역할을 대신하며 살고 있다. <br/>사진사인 둘째 경환은 신중한 성격답게 한탄하는 누나와 가족에게 소원한 막내 재윤, 그리고 치매 걸린 아버지까지 챙기며 곧 자신도 아빠가 될 것이라는 부담감을 안고 산다. <br/>작가인 막내 재윤은 가족들과 떨어져 살며 말 못 할 고민거리를 가득 짊어지고 이들과 거리를 두고 산다. <br/>세 사람은 갑자기 날아온 편지에 당황하지만 결국 엄마를 만나기 위한 여행길에 오르게 되는데…\r'),(180390,'퍼펙트맨',116,'코미디/드라마','15세 관람가',' 2019.10.02',13000000,428868,'./data/poster/180390.png','퍼펙트한 인생을 위해 한탕을 꿈꾸는 건달 ‘영기’(조진웅)<br/>조직 보스의 돈 7억을 빼돌려 주식에 투자하지만, 사기꾼에게 속아 주식은 휴지조각이 되고 만다.<br/>목숨을 부지하기 위해 어떻게든 7억을 구해야 하는 영기 앞에<br/>까칠한 로펌 대표 ‘장수’(설경구)가 나타난다.<br/><br/>두 달 시한부 ‘장수’는 자신이 해야 할 일들을 도와주는 조건으로<br/>영기에게 자신의 사망보험금을 내건 빅딜을 제안하는데…<br/><br/>돈 쫌 많은 로펌 대표와 폼 쫌 잡는 꼴통 건달<br/>퍼펙트하게 다른 두 남자의 인생 최대 반전이 시작된다\r'),(180397,'수상한 이웃',101,'코미디','12세 관람가',' 2019.10.09',21000000,23450000,'./data/poster/180397.png','비밀 많은 경비원부터 복수심 품은 왕따 소년,<br/>포커페이스 동네 아이돌, 인생 2회차 의심 초딩까지<br/>우열을 가릴 수 없는 수상한 이웃들이 가득한 동네!<br/><br/>어느 날 불쑥 그들 앞에 꼬질꼬질한 외모의<br/>수상한 오지라퍼 ‘태성’이 나타나게 되고,<br/>평화로운 일상이 어딘가 꼬여버리게 되는데...\r'),(180402,'버티고',114,'드라마/멜로/로맨스','15세 관람가',' 2019.10.16',7000000,25405445,'./data/poster/180402.png','현기증 나는 고층빌딩 숲 사무실에서 매일을 위태롭게 버티고 있는 30대 직장인 ‘서영’(천우희),<br/>안정적인 삶을 원하지만 현실은 속수무책으로 흔들거린다.<br/>불안정한 계약직 생활, 비밀사내 연애 중인 연인 ‘진수’(유태오)와의 불안한 관계, <br/>밤마다 시달리는 엄마의 전화까지... 더 이상 버틸 수 없다고 느낀 그녀가 무너져내릴 때, <br/>창 밖에서 로프에 매달린 채 그녀를 지켜보는 남자 ‘관우’(정재광)를 마주하게 된다.<br/><br/>“괜찮아요, 당신은 절대 떨어지지 않아요”\r'),(180681,'슈퍼문',74,'애니메이션/모험/코미디','전체 관람가',' 2021.09.09',5000000,5321508,'./data/poster/180681.png','어느 날 갑자기 머리에 뿔이 생긴 10살 소년 건우는 숲의 지킴이가 된다. <br/><br/>그러던 중 동물들을 마구 사냥하는 밀렵꾼과 <br/>세상을 지배하려는 좀비 호랑이가 나타나 숲은 위기에 빠진다. <br/>동물 친구들을 구하기 위해 <br/>아름다운 한반도의 자연을 지키기 위해<br/><br/>건우와 친구들은 숲을 구할 열쇠가 있는 슈퍼문을 향해 모험을 떠난다!\r'),(180851,'작은 빛',90,'드라마','12세 관람가',' 2020.01.23',27000000,25023434,'./data/poster/180851.png','뇌 수술을 받아야 하는 진무는<br/>수술 후에 기억을 잃을 수 있다는 말을 듣고 <br/>기억해야 하는 것을 캠코더에 담기 시작한다. <br/>진무는 그 과정에서 가족들에 대한 기억과 <br/>기억나지 않던 아버지를 떠올린다.\r'),(181046,'창간호',118,'드라마','15세 관람가',' 2019.01.17',7000000,20851521,'./data/poster/181046.png','지금부터, 꿈과 낭만이 가득한 밤의 질주가 시작됩니다.<br/>대리 드라이버<br/><br/>심해어(深海魚)가 물어다 준 사랑<br/>이혼 합시다<br/><br/>쿨 하지 못해 미안한 나에게<br/>양가성의 법칙<br/><br/>누가 뭐라든 가장 소중한 우리 형, 그리고 내 동생<br/>미안해<br/><br/>4선과 당대표를 앞둔 3선의원, 그에게는 반드시 만나야 할 첫사랑이 있다.<br/>삼선의원\r'),(181554,'극장판 헬로카봇:옴파로스 섬의 비밀',78,'애니메이션','전체 관람가',' 2019.01.31',11000000,39363635,'./data/poster/181554.png','따뜻한 남태평양으로 휴가를 떠난 차탄 가족과 친구들은 어느 외딴섬에 표류하고 만다.<br/>그곳은 바로 지구의 배꼽이라 불리는 강력한 생명력을 지닌 신비의 섬 ‘옴파로스’!<br/>그곳에서 차탄 가족은 ‘슈퍼연료전지 구공탄’을 노리는 외계 로봇들의 공격으로 위기에 처하는데…<br/><br/>지구 온난화를 일으켜 세상을 정복하려는 ‘외계인’들에 맞선 차탄과 ‘동물카봇’의 운명을 건 대결이 시작된다!\r'),(181568,'아빠는 예쁘다',92,'가족/코미디/드라마','15세 관람가',' 2019.11.21',10500000,26325256,'./data/poster/181568.png','집에선 투명인간, 회사에선 동네북 신세 만년과장 ‘덕재’는<br/>영업실적을 위해 모두가 기피하는 ‘하와이 클럽’을 찾게 되고,<br/>그곳에서 여자보다 더 예쁜 매니저 ‘승준’을 만난다.<br/><br/>별난 조건부 계약을 내건 ‘승준’ 때문에<br/>‘덕재’는 ‘하와이 클럽’으로 매일 출근하게 되고,<br/>가족들은 모르는 수상한 비밀이 생기기 시작하는데…<br/><br/>셔츠에 묻은 화장, 주머니 속 립스틱…?<br/>아빠, 도대체 어디서 뭘 하는 거야?!\r'),(181584,'아내를 죽였다',97,'스릴러/액션','15세 관람가',' 2019.12.11',5000000,3049135,'./data/poster/181584.png','친구와 술을 마신 후 곯아떨어진 ‘정호’는 숙취로 눈을 뜬 다음 날 아침, <br/>별거 중이던 아내 ‘미영’이 살해당했다는 충격적인 소식을 듣게 된다.<br/><br/>그 순간, 자신의 옷에 묻은 핏자국과 피 묻은 칼을 발견한 ‘정호’.<br/>가장 강력한 용의자로 지목된 그는 경찰의 눈을 피해 도망친다.<br/><br/>알리바이를 입증하고 싶지만 간밤의 기억은 모두 사라진 상태. <br/>스스로를 믿을 수 없는 최악의 상황에서 <br/>‘정호’는 어젯밤의 행적을 따라가기 시작하는데… <br/><br/>끊어진 기억과 기억 사이, <br/>사라진 모든 것을 의심하라.\r'),(181705,'스윈들러',93,'드라마/범죄/코미디','15세 관람가',' 2020.10.08',57000000,115267375,'./data/poster/181705.png','입으로 먹고사는 생활형 사기꾼 ‘도진’은<br/>빚을 갚기 위해 ‘김 신부’라는 가짜 구마 사제 흉내를 낸다.<br/>이후 사기 구마로 승승장구하는 ‘도진’에게<br/>사이비 교회의 ‘장 목사’가 동업을 제안하고,<br/>신도들의 돈과 마음을 쓸어 담는다.<br/>하지만 기쁨도 잠시, 과거 ‘도진’에게 속았던<br/>‘윤희’가 눈앞에 나타나면서 위기가 찾아오는데…<br/><br/>악마마저 고개를 저을 가짜 신부님의 기괴한 사기극이 시작된다!\r'),(181717,'칠곡 가시나들',100,'다큐멘터리','전체 관람가',' 2019.02.27',35000000,99423521,'./data/poster/181717.png','\"때론 컨닝도 하고, 농띠도 피워가며 ‘가갸거겨’ 배웠더니<br/>어느새 온 세상이 놀 거리, 볼 거리로 천지삐까리!<br/>눈만 마주쳐도 까르르르, 열일곱 가시나가 된 할머니들<br/>이제 매일매일 밥처럼, 한 자 한 자 시를 짓게 되는데…<br/>\"\"고마 사는 기, 배우는 기 와 이리 재밌노!\"\"<br/><br/>한글과 사랑에 빠진 칠곡 할머니들의 <br/>두근두근 욜로 라이프가 시작된다!<br/><br/>제2회 제주혼듸독립영화제 초청 (2019)\"\r'),(181925,'클로젯',98,'미스터리/드라마','15세 관람가',' 2020.02.05',15000000,5600000,'./data/poster/181925.png','갑작스러운 사고로 아내를 잃은 상원(하정우)과 그의 딸 이나(허율)<br/>상원은 소원해진 이나와의 관계를 회복하기 위해 새집으로 이사를 간다.<br/><br/>상원은 이나와 가까워지기 위해 노력하지만 어긋난 사이는 좀처럼 회복되지 않는다.<br/>그러던 어느 날 이나가 새로운 친구가 생겼다며 웃기 시작한다.<br/>하지만 평온도 잠시, 이나의 방 안에 있는 벽장에서 기이한 소리들이 들려오고<br/>이나에게 이상 증세가 나타난다.<br/>그리고 상원마저 이상한 꿈을 꾸기 시작한 지 얼마 후, 이나가 흔적도 없이 사라진다.<br/>이나의 흔적을 쫓는 상원에게 의문의 남자 경훈(김남길)이 찾아와<br/>딸의 행방을 알고 있다며 가리킨 곳은 다름 아닌 이나의 ‘벽장’.<br/><br/>10년간 실종된 아이들의 행방을 쫓고 있는 경훈은 믿기 힘든 이야기를 꺼내고<br/>상원은 딸을 찾을 수 있다는 마음으로 열어서는 안 될 벽장을 향해 손을 뻗는데…\r'),(182205,'가장 보통의 연애',109,'멜로/로맨스','15세 관람가',' 2019.10.02',60000000,187436818,'./data/poster/182205.png','전 여친에 상처받은 ‘재훈’(김래원). <br/>여느 때처럼 숙취로 시작한 아침, <br/>모르는 번호의 누군가와 밤새 2시간이나 통화한 기록을 발견하게 되고  <br/>그 상대가 바로! 통성명한 지 24시간도 채 되지 않은 직장 동료 ‘선영’임을 알게 된다. <br/><br/>남친과 뒤끝 있는 이별 중인 ‘선영’(공효진). <br/>새로운 회사로 출근한 첫날, 할 말 못 할 말 쏟아내며 남친과 헤어지던 현장에서<br/>하필이면! 같은 직장의 ‘재훈’을 마주친다.<br/><br/>만난 지 하루 만에 일보다 서로의 연애사를 더 잘 알게 된 두 사람. <br/>하지만 미묘한 긴장과 어색함도 잠시 <br/>‘한심하다’, ‘어이없다’ 부딪히면서도 마음이 쓰이는 건 왜 그럴까?\r'),(182234,'오케이 마담',100,'코미디/액션','15세 관람가',' 2020.08.12',1800000,9440272,'./data/poster/182234.png','극강의 쫄깃함으로 빠른 완판을 기록하는 꽈배기 맛집 사장 \'미영\'은<br/>컴퓨터 수리 전문가 \'석환\'의 남다른 외조로 하와이 여행에 당첨되고,<br/>난생처음 해외 여행을 떠나게 된다.<br/><br/>하지만 비밀 요원을 쫓는 테러리스트들도 같은 비행기에 오르고<br/>꿈만 같았던 여행은 아수라장이 된다.<br/><br/>난데없는 비행기 납치 사건의 유일한 해결사가 되어버린 부부.<br/>평범했던 과거는 접어두고, 숨겨왔던 내공을 펼치며 인질이 된 승객을 구하기 시작한다!<br/><br/>휴가 끝 ,,  작전 시작 ^^<br/>구하자 비행기! 가자 하와이로!\r'),(182348,'로망',112,'멜로/로맨스','전체 관람가',' 2019.04.03',31000000,185260553,'./data/poster/182348.png','75세 조남봉과 71세 이매자는 치매 부부입니다<br/>결혼 45년차, 몸도 마음도 닮아진 부부는 <br/>이제 세상에 단 둘만 있는 것처럼 삽니다<br/>매일 기억이 흐릿해지지만, 먹고 사느라 <br/>잊었던 로망은 점점 더 선명해집니다<br/><br/>“올 것이 왔다 싶으니까 아무렇지도 않아요”\r'),(182353,'후쿠오카',85,'드라마','15세 관람가',' 2020.08.27',60000000,33956608,'./data/poster/182353.png','책방 단골 ‘소담’ 때문에 불쑥 후쿠오카에 도착한 ‘제문’은 <br/>그녀와 함께 작은 술집 ‘들국화’를 찾는다.<br/>그곳은 28년 전 첫사랑 ‘순이’를 동시에 사랑한 ‘해효’의 가게다.<br/>순이가 좋아하던 책방의 주인으로 사는 제문과<br/>순이의 고향 후쿠오카에서 술집을 운영하는 해효에게 <br/>“둘이 똑같아”라고 말하는 ‘소담’.<br/><br/>어울리지 않을 듯 어울리는 세 사람의<br/>3일 낮밤 기묘한 여행이 시작된다!\r'),(182360,'항거:유관순 이야기',105,'드라마','12세 관람가',' 2019.02.27',70000000,255000211,'./data/poster/182360.png','1919년 3.1 만세운동 후 세평도 안 되는 서대문 감옥 8호실 속,<br/>영혼만은 누구보다 자유로웠던 유관순과 8호실 여성들의 1년의 이야기.\r'),(182362,'유체이탈자',108,'액션','15세 관람가',' 2021.11.24',1000000,36764313,'./data/poster/182362.png','“누가 진짜 나인지 모르겠어요”<br/>교통사고 현장에서 눈을 뜬 한 남자.<br/>거울에 비친 낯선 얼굴과 이름, 자신이 누구인지 기억이 나지 않는다.<br/><br/>“또 바뀌었어. 낮에도 바뀌더니 밤에도 또”<br/>잠시 후, 또 다른 사람의 몸에서 깨어난 남자.<br/>그는 12시간마다 몸이 바뀐다는 사실을 깨닫게 되고,<br/>자신을 둘러싼 사람들 사이의 연결고리를 찾기 시작한다.<br/>그가 12시간마다 몸이 바뀌었던 사람들, 가는 곳마다 나타나는 의문의 여자까지,<br/>그리고, 이들이 쫓고 있는 국가정보요원 ‘강이안’.<br/><br/>“이제 알게 됐어. 내가 뭘 해야 되는지”<br/>모두가 혈안이 되어 쫓고 있는 ‘강이안’이 바로 자신임을 직감한 남자,<br/>자신을 찾기 위한 사투를 시작하는데…<br/><br/>진짜 나를 찾기 위한 본능적 액션이 시작된다!<br/><br/>2021 Trieste Science+Fiction Festival<br/>2021 Mayhem Film Festival<br/>2021 London East Asia Film Festival CLOSING GALA\r'),(182387,'윤희에게',105,'멜로/로맨스','12세 관람가',' 2019.11.14',45000000,61947267,'./data/poster/182387.png','평범한 일상을 살아가던 \'윤희\' 앞으로 도착한 한 통의 편지.<br/>편지를 몰래 읽어본 딸 \'새봄\'은 편지의 내용을 숨긴 채<br/>발신인이 살고 있는 곳으로 여행을 제안하고,<br/>\'윤희\'는 비밀스러웠던 첫사랑의 기억으로 가슴이 뛴다.<br/>\'새봄\'과 함께 여행을 떠난 ‘윤희’는<br/>끝없이 눈이 내리는 그곳에서<br/>첫사랑을 만날지도 모른다는 기대를 품는데…\r'),(182407,'1919 유관순',79,'다큐멘터리','12세 관람가',' 2019.03.14',65000000,262797249,'./data/poster/182407.png','100년 전, 소녀들이 대한독립을 위해 세상에 맞서기 시작했다.<br/>우리가 기억해야 할 그 시절 모든 소녀들의 이름,<br/>그녀들이 남긴 그날의 가장 생생한 기록!\r'),(182635,'갈까부다',76,'다큐멘터리','12세 관람가',' 2019.09.01',35000000,64350171,'./data/poster/182635.png','43살 영화감독 고봉수는 자신보다 18살 어린 여자친구 최은비를 위해 국악 다큐멘터리를 기획한다.<br/>지금까지 여자친구에게 제대로 된 선물을 한 적이 없던 고봉수는 여자친구가 크게  감동 할 것이라 생각해 야심차게 준비하지만 다큐멘터리 제작을 위해  여자친구의 친구들과 가족들을 인터뷰를 하는 과정에서 온갖 욕과 모욕적인 말을 듣게 되고 극심한 반대에 부딪힌다.<br/><br/>좌절한 고봉수는 최은비의 아버지를 자신의 편으로 만들면 모든 것이 해결될 것이라 생각해 최은비의 아버지를 찾아가지만 되려 최은비의 아버지는 고봉수를 구타하며 크게 분노한다. <br/>자신과 여자친구의 가족들 뿐 아니라 주변 모든 지인들이 반대를 하는 연애.<br/>결국 둘은 반대에 지쳐 헤어지게 된다.<br/>고봉수는 마지막 선물로써 여자친구의 국악 다큐멘터리를 완성시킨다.\r'),(182699,'사랑의 선물',88,'드라마','15세 관람가',' 2019.08.15',45000000,20350754,'./data/poster/182699.png','남편의 병 치료와 가족의 생계를 위해 최선을 다해 살아온 여자 이소정.<br/>그녀는 남편의 치료비와 가족의 생존을 위해 몸부림치다 결국 몸까지 팔게 된다. <br/>자신의 몸 위에서 꿈틀대는 낯선 남자들을 보며 남편에 대한 미안함과 너무나 무기력한 자신의 존재에 눈물을 흘리기도 하지만 남자들이 주고 떠난 돈을 보며 작은 희망을 가지고 살아간다.<br/><br/>그러나 그녀의 그 작은 희망마저 경찰의 단속으로 무너진다. 빌려준 돈을 받아 내기 위해 경찰의 단속에서 소정을 빼낸 대철은 소정에게, 빌린 돈 대신 집문서를 내놓지 않으면 소정은 물론 가족의 처벌받게 될 것이라 협박한다. 더 이상 대철의 마수에서 벗어날 수 없음을 직감한 소정은, 다음 날 아침까지 남편을 설득하여 집문서를 주기로 약속하고 가족에게 돌아간다.<br/>소정은 집으로 가는 길에 오늘이 딸 효심의 생일임을 알고 생일상은 못 차려줘도 딸에게 밥이라도 배불리 먹이기로 결심하고 장을 봐서 집으로 발걸음을 옮긴다.<br/><br/>하지만 뜻밖의 음식에 놀란 남편 강호는 음식의 출처를 집요하게 추궁하고 거짓말에 거짓말을 하던 소정은 결국 해서는 안 될 큰 거짓말을 하게 된다. 하지만 그 큰 거짓말로 가족은 너무나도 행복한 하룻밤을 보내게 되는데 …\r'),(182777,'아픈 만큼 사랑한다',86,'다큐멘터리','전체 관람가',' 2019.04.03',60000000,37000000,'./data/poster/182777.png','마땅한 의료 시설조차 없어 <br/>안타까운 죽음이 일상이 되어버린 필리핀 오지의 마을.<br/>그들에게 먼저 손을 내밀며 다가간 한 명의 이방인 의사는<br/>버스 한 대로 30여 년 동안 의료 봉사를 이어간다.<br/><br/>시한부 인생을 선고받은 순간에도<br/>오로지 다른 사람의 아픔이 먼저였던 故 박누가 선교사,<br/>그가 보여준 헌신과 봉사는 사랑 그 자체였다.<br/><br/>세상에 미처 전하지 못한 그의 사랑이 옵니다.\r'),(182835,'침입자',102,'미스터리/스릴러','15세 관람가',' 2020.06.04',36000000,33459416,'./data/poster/182835.png','얼마 전 사고로 아내를 잃고 실의에 빠져 있는 건축가 ‘서진’에게<br/>25년 전 실종된 동생을 찾았다는 연락이 온다<br/>처음 본 자신을 친근하게 “오빠”라고 부르는 ‘유진’이 어딘가 불편한 ‘서진’과 달리<br/>가족들은 금세 그녀를 받아들인다<br/><br/>그런데 ‘유진’이 돌아온 후 가족들에게 이상한 일들이 벌어지기 시작하고,<br/>이를 의심스럽게 여긴 ‘서진’은 동생의 비밀을 쫓다 자신의 일상을 송두리째 뒤흔든 사건에<br/>그녀가 연관되어 있음을 알게 되는데...<br/><br/>추적 끝에 드러나는 충격적인 진실!\r'),(183132,'교회오빠',85,'다큐멘터리','전체 관람가',' 2019.05.16',4000000,4300000,'./data/poster/183132.png','“하나님, 저희 가정 이러다 다 죽게 생겼습니다. 주님 살려주세요…”<br/>딸 아이를 출산하고, 산후조리원에서 나오는 날 들려온 남편의 4기 대장암 소식, 갑작스러운 어머니의 죽음,<br/>항암치료가 종료된 지 일주일도 채 안되어 알게 된 아내의 4기 혈액암…<br/>잠시도 숨 쉴 틈 없이 밀려오는 고난에 부부는 깊은 탄식과 함께 기도로 매달리는 것 밖에는 할 수 없었다. <br/><br/>“내 안의 나는 죽고 오직 예수님만 사는 삶…”<br/>마치 ‘욥’과도 같은 인생. 이해할 수조차 없는 기막힌 상황에도 남편 이관희는 그 누구도 원망하지 않고<br/>절대로 ‘주님’에 대한 신뢰를 거두지 않았다. 삶과 죽음의 경계에 서 있는 그는 무엇을 바라보았을까.<br/>어떻게 그런 고백을 할 수 있었을까. <br/><br/>하루라도 더 ‘온전한’ 삶을 살기 위해 몸부림쳐갔던 이관희 집사!<br/>그가 보여준 순전한 믿음을 통해 다시 삶의 희망을 만난다!\r'),(183136,'뽀로로 극장판 보물섬 대모험',79,'애니메이션','전체 관람가',' 2019.04.25',8,16,'./data/poster/183136.png','전설 속 보물을 찾아 떠난 뽀로로와 친구들은<br/>우연히 손에 넣은 지도를 따라 신비의 보물섬에 도착한다.<br/><br/>그곳에서 사라진 실버 선장을 만나<br/>비밀을 간직한 보물섬의 수수께끼를 풀어내지만,<br/>악당 블랙 선장과 보물섬의 괴물로 인해 위기에 빠지는데...<br/><br/>과연 뽀로로와 친구들은 전설의 보물을 찾을 수 있을까?\r'),(183660,'너의 여자친구',100,'코미디/멜로/로맨스/드라마','12세 관람가',' 2019.12.04',14000000,19800000,'./data/poster/183660.png','눈만 마주쳐도 설레는 썸이 시작되는 대학교 축제날.<br/>자칭 공대 브레인 어벤져스, 현실은 모태솔로 9888일째 3인방의 로봇 동아리는 썰렁하기만 하고…<br/>이때 어딘가 허술하고 소심한 ‘휘소’ 앞에 난데없이 들이닥친 직진녀 ‘혜진’.<br/>글로 배우고 너튜브로 배운 연애세포들이여, 드디어 때가 왔다!<br/>올겨울엔 솔로 탈출, 할 수 있을까?\r'),(183780,'존경하고 사랑하는 국민 여러분',82,'다큐멘터리','12세 관람가',' 2022.01.27',90000000,140807547,'./data/poster/183780.png','1971년 박정희에 당당히 맞선 정치 신인 대선 후보에서<br/>1980년 전두환 신군부에게 사형 선고를 받은 사형수를 넘어<br/>1997년 헌정사상 최초의 수평적 정권교체를 이루기까지<br/>5차례의 죽음의 고비를 넘기며 독재 정권에 맞서 국민과 함께 싸운 김대중<br/>그의 3전 4기 대권 도전사로 보는 한국 민주화 투쟁과 승리의 감동을 스크린으로 만난다!\r'),(183804,'우리 지금 만나',85,'드라마','12세 관람가',' 2019.05.29',5000000,1862805,'./data/poster/183804.png','기사선생<br/>개성공단으로 식자재를 배달하는 ‘성민’은<br/>매일 마주치는 북한 직원 ‘숙희’가 신경 쓰인다.<br/>어느 날 ‘숙희’는 ‘성민’이 듣는 노래에 관심을 갖는다. <br/><br/>우리 잘 살 수 있을까?<br/>오래된 연인 ‘재범’과 ‘현채’는 결혼하기로 결심하지만<br/>막상 현실에선 어느 것 하나 맞는 것 없이 매일 싸우기만 한다.<br/><br/>여보세요<br/>치매를 앓는 어머니를 보살피던 ‘정은’은<br/>우연히 북한 여자로부터 잘못 걸려온 전화를 받게 되고 어떤 부탁을 받는다.<br/><br/>비록 처음이지만, 우리 지금 만날까요?\r'),(183854,'죽지않는 인간들의 밤',110,'코미디/스릴러','15세 관람가',' 2020.09.29',40000000,152266007,'./data/poster/183854.png','신혼의 단꿈에 빠져있던 ‘소희’(이정현)는 하루 21시간 쉬지 않고 활동하는, 도저히 인간 같지 않은 남편 ‘만길’(김성오)이 자신을 죽이려는 것을 알게 된다. 고등학교 동창인 ‘세라’(서영희)와 뜻밖에 합류하게 된 ‘양선’(이미도) 그리고 미스터리 연구소 소장 ‘닥터 장’(양동근)과 힘을 합쳐 반격에 나선다.<br/>만길의 정체가 지구를 차지하러 온 외계인 언브레이커블임이 밝혀지고, 정부 요원까지 합세하면서 대결은 점점 전대미문의 상황으로 커져만 가는데… 밤은 짧아 최선을 다해!\r'),(183862,'뜨거운 피',120,'범죄/드라마','15세 관람가',' 2022.03.23',1900000,3250000,'./data/poster/183862.png','부산 변두리 작은 포구 \'구암\'의 절대적인 주인 \'손영감’(김갑수),<br/>그의 밑에서 수년간 수족으로 일해온 \'희수\'(정우)는 <br/>무엇 하나 이뤄낸 것 없이, 큰돈 한번 만져보지 못한 채 반복되는 건달 짓이 지긋지긋하다.<br/><br/>1993년, 범죄와의 전쟁 이후 새로운 구역을 집어삼키기 위해 물색중인 영도파 건달들은 <br/>아무도 관심 갖지 않는 ‘구암’에 눈독을 들이고, <br/>영도파 에이스이자 ‘희수’의 오랜 친구 \'철진\'(지승현)이 \'희수\'에게 은밀히 접근한다. <br/><br/>새로운 삶을 시작하려는 ‘희수’는 갈등하고, <br/>조용하던 ‘구암’을 차지하려는 밑바닥 건달들의 치열한 생존 싸움이 시작되는데...<br/><br/>더 이상 물러날 곳도 도망칠 곳도 없다.<br/>누구든 망설이는 놈이 진다!\r'),(183866,'담보',113,'드라마','12세 관람가',' 2020.09.29',12000000,22750363,'./data/poster/183866.png','1993년 인천<br/>거칠고 까칠한 사채업자 두석(성동일)과 종배(김희원)는<br/>떼인 돈 받으러 갔다가 얼떨결에 9살 승이(박소이)를 담보로 맡게 된다.<br/><br/>“담보가 무슨 뜻이에요?”<br/><br/>뜻도 모른 채 담보가 된 승이와 승이 엄마의 사정으로 아이의 입양까지 책임지게 된 두석과 종배.<br/>하지만 부잣집으로 간 줄 알았던 승이가 엉뚱한 곳에 있다는 것을 알게 된 두 사람은<br/>승이를 데려와 돌보게 된다.<br/><br/>예고 없이 찾아온 아이에게 인생을 담보 잡힌 두석과 종배.<br/>빚 때문에 아저씨들에게 맡겨진 담보 승이.<br/>두석, 종배, 승이 세 사람은 어느덧 서로에게 특별한 존재가 되는데..<br/><br/>돈 받으러 갔다가 인생의 보물을 만났다!\r'),(183876,'시동',102,'드라마','15세 관람가',' 2019.12.18',25000000,22200000,'./data/poster/183876.png','학교도 싫고 집도 싫고 공부는 더더욱 싫다며<br/>\'엄마\'(염정아)에게 1일 1강스파이크를 버는 반항아 \'택일\'(박정민).<br/>절친 \'상필\'(정해인)이 빨리 돈을 벌고 싶다며 사회로 뛰어들 때,<br/>무작정 집을 뛰쳐나간 \'택일\'은<br/>우연히 찾은 장품반점에서 남다른 포스의 주방장 \'거석이형\'(마동석)을 만나게 된다.<br/>강렬한 첫 인사를 나누자마자 인생 최대 적수가 된 \'거석이형\'과 \'택일\'.<br/>세상 무서울 것 없던 \'택일\'은 장품반점에서 상상도 못한 이들을 만나<br/>진짜 세상을 맛보게 되는데?<br/><br/>인생 뭐 있어?<br/>일단 한번 살아보는 거야!\r'),(183877,'노무현과 바보들',93,'다큐멘터리','12세 관람가',' 2019.04.18',50000000,150270147,'./data/poster/183877.png','1981년, ‘부림사건’의 변호인<br/>1988년, ‘청문회 스타’ 제13대 국회의원<br/>1998년, ‘오뚝이 인생’ 제15대 국회의원<br/>2002년, ‘꼴찌의 반란’ 대선후보 선출<br/>2003~2008년, 제16대 대한민국 대통령 재임<br/>2009년 5월 23일, 서거<br/><br/>그로부터 10년-<br/>바보 대통령 故 노무현,<br/>그를 기억하고 그리워하는 사람들의 이야기.\r'),(184125,'우키시마호',86,'다큐멘터리','전체 관람가',' 2019.09.19',46000000,341631208,'./data/poster/184125.png','1945년 8월 22일. <br/>조선인 만여 명을 태운 귀국선, 우키시마호가 출항을 시작한다. <br/>목적지는 부산이었다. <br/><br/>하지만 출항 이틀 후, <br/>우키시마호는 갑작스럽게 폭발 <br/>그리고 침몰.. <br/>배에 탄 수천 명의 조선인이 목숨을 잃었다. <br/><br/>사건이 발생한 지 74년, <br/>우키시마호 폭발 원인은 여전히 밝혀지지 않고 있다. <br/>이제 우리가, 그 원인을 밝혀야만 한다.\r'),(184266,'한낮의 피크닉',79,'드라마','12세 관람가',' 2019.07.04',30000000,36516012,'./data/poster/184266.png','“누군가 곁에 있어 괴롭고 <br/>곁에 있어 행복한<br/>모두의 오늘에 만나는 뜻밖의 여행록”<br/><br/>함께 있으면 괴롭지만 자꾸만 신경 쓰이는 가족과의 예기치 못한 캠핑 여행,<br/>막막한 미래와 잔뜩 구겨진 인생 속 청춘들의 치기 어린 여행 <br/>혼자여도 괜찮은 줄만 알았던 나를 찾아가는 여행까지… <br/><br/>활기 가득한 여름의 맛, 당신도 지금은 떠나야 할 시간!\r'),(184320,'전주에서 길을 묻다',91,'드라마','12세 관람가',' 2021.06.01',8000000,52287414,'./data/poster/184320.png','끊임없이 배워야 성장하는 배우라는 직업을 가진 사람들의 일탈 전주로드무비<br/>또한 연기자로서 상처받고 외로운 배우들의 새로운 탈 바뀜 성장 프로젝트 여행기\r'),(184366,'아무도 없는 곳',83,'드라마','15세 관람가',' 2021.03.31',114000,30000000,'./data/poster/184366.png','어느 이른 봄,<br/>7년 만에 서울로 돌아온 소설가 ‘창석’이<br/>우연히 만나고 헤어진<br/>여기, 길 잃은 마음의 이야기\r'),(184519,'비상선언',140,'드라마','12세 관람가',' 2022.08.03',8000000,553171,'./data/poster/184519.png','베테랑 형사 팀장 인호(송강호)는 비행기 테러 예고 영상 제보를 받고 사건을 수사하던 중<br/>용의자가 실제로 KI501 항공편에 타고 있음을 파악한다.<br/><br/>딸의 치료를 위해 비행 공포증임에도 불구하고 하와이로 떠나기로 한 재혁(이병헌)은<br/>주변을 맴돌며 위협적인 말을 하는 낯선 이가 신경 쓰인다.<br/><br/>인천에서 하와이로 이륙한 KI501 항공편에서 원인불명의 사망자가 나오고,<br/>비행기 안은 물론 지상까지 혼란과 두려움의 현장으로 뒤바뀐다.<br/><br/>이 소식을 들은 국토부 장관 숙희(전도연)는 대테러센터를 구성하고<br/>비행기를 착륙시킬 방법을 찾기 위해 긴급회의를 소집하는데…\r'),(184630,'세트플레이',84,'드라마','청소년 관람불가',' 2020.12.10',30000000,102616183,'./data/poster/184630.png','파업에 참여했다가 회사로부터 보복 소송을 당해 빚만 지고 집 나간 해고노동자 아버지. <br/>한때 집안의 미래였지만 반신불수가 된 형. <br/>그의 간병이 삶의 목적이 된 엄마.<br/>그리고 가난한 가정에 방치된 채 자란 고등학생 ‘성철\'.<br/>그들의 집은 점점 작아지고 빚만 늘었다.<br/><br/>네가 뭘 할 건데? 뭘 할 수 있는데?<br/>죽어가는 형, 무너져버린 엄마.<br/>갑작스런 형의 상태 악화로 당장 수술비가 필요하다.<br/>그리고 자신이 곧 성인이 되면 이 영구임대아파트에서 모두 나가야 한다.<br/><br/>‘성철’은 영구임대아파트에서 쫓겨나도 살아남기 위해<br/>자신보다 어린 ‘기준’과 한 팀이 되어 미성년자 신분을<br/>돈벌이에 이용하며 크게 한탕을 노린다.<br/>사회적 빈곤, 그들의 삶을 헤아려 주지 않는 현실.<br/>‘성철’이 할 수 있는 일은 유일한 ‘그 것’ 뿐이었다.\r'),(184859,'물의 기억',100,'다큐멘터리/드라마','전체 관람가',' 2019.05.15',2000000,1275000,'./data/poster/184859.png','비밀스러운 자연의 법칙이 펼쳐지면 경이로운 아름다움이 된다<br/>물은 이 모든 것을 기억하고 비춰주는 생명 그 자체다 <br/>이러한 물의 기억에 담긴 자연과 생태계의 신비로운 기록들을 따라가다 보면<br/>봉하 마을의 아름다운 사계절과 故 노무현 대통령의 원대한 비전을 마주치게 된다<br/>고향으로 내려온 그가 ‘생명 농법’을 시작하며 꿈꿨던 미래는 과연 어떤 모습일까?<br/><br/>“할아버지가 손녀에게 줄 수 있는 가장 좋은 선물은<br/>어릴 때 개구리 잡고 가재 잡던 마을을 복원시켜 <br/>아이들한테 물려주는 것이 제일 좋겠다”<br/>- <물의 기억> 중 故 노무현 대통령\r'),(185131,'김복동',101,'다큐멘터리','12세 관람가',' 2019.08.08',15000000,6700000,'./data/poster/185131.png','일본의 사죄를 받기 위한 김복동 할머니의 27년 간의 기나긴 여정<br/>포기할 수 없고, 포기해서도 안 될 희망을 위한 싸움<br/>결코 잊어서는 안될, 아직 끝나지 않은 이야기<br/>“희망을 잡고 살자. 나는 희망을 잡고 살아”\r'),(185134,'삽질',94,'다큐멘터리','12세 관람가',' 2019.11.14',20000000,50012507,'./data/poster/185134.png','세계 어디에도 유례없는 ‘삽질’ 사업 대국민 뒤통수 프로젝트.<br/>대운하를 4대강 살리기로 둔갑시켜 대한민국을 속인 희대의 사기극.<br/>정부가 기획하고 언론이 참여하고 건설 업체가 판 벌린 총 판돈 22조 2000억 원의 도박판.<br/>금강, 영산강, 한강, 낙동강에 나타난 녹조라떼, 60만 물고기 떼죽음, 괴생물체...<br/>4대강 사업으로 돈 잔치가 펼쳐지는 동안 강은 죽어가고 있었다!\r'),(185139,'동아시아반일무장전선',74,'다큐멘터리','15세 관람가',' 2020.08.20',40000000,116300000,'./data/poster/185139.png','어떻게 살아야 좋을지 생각했습니다.<br/>어떤 일본인도 우리를 이해하지 않을 거라 생각했습니다.<br/>가해의 기억은 우리를 꽃샘추위 속에 가두고 등을 짓누르지만<br/>지금 일본에 살고 있는 우리는, 마음을 전하고 싶었습니다.<br/>1974년 8월 30일 도쿄 미쓰비시중공업 빌딩을 시작으로 <br/>1975년까지 이어진 일제 전범기업 연속폭파사건의 가해자.<br/>우리는 ‘동아시아반일무장전선’입니다.<br/><br/>일본사회의 거대한 성찰을 만난다\r'),(185148,'흩어진 밤',81,'드라마','전체 관람가',' 2021.06.24',25000000,46836394,'./data/poster/185148.png','갑자기 집에 찾아드는 낯선 사람들.<br/>엄마와 함께 공부에 집중하는 오빠.<br/>일주일에 한 번 볼까 말까 한 아빠.<br/>그리고 원치 않게 떠맡게 된 힘든 선택.<br/>어둠 속에서 흩어지는 마음들을 바라보는 수민.\r'),(185149,'이타미 준의 바다',112,'다큐멘터리','전체 관람가',' 2019.08.15',14000000,18090181,'./data/poster/185149.png','자연과 시간의 결이 깃든 건축을 선물했던 재일 한국인 건축가 이타미 준-유동룡.<br/>경계에서 길을 만든 그의 삶, 그곳에 머무는 사람들의 시간과 삶의 터전을 존중한 건축이야기를 통해 끝나지 않은 그의 ‘집’을 들여다보다!\r'),(185150,'이장',94,'드라마','12세 관람가',' 2020.03.25',47000000,102825796,'./data/poster/185150.png','a.k.a 살림 밑천 장녀 혜영<br/>믿을 건 돈이라고 외치는 둘째 금옥<br/>결혼을 앞둔 참견의 여왕 금희<br/>아무도 못 말리는 돌직구 혜연<br/>그리고 VIP 막내 아들 승락<br/><br/>아버지 묘 이장을 위해 흩어져 지낸 오남매가 오랜만에 모이며<br/>세기말적 가부장제와 작별을 고하는 이야기\r'),(185151,'욕창',99,'드라마','12세 관람가',' 2020.07.02',50000000,113309743,'./data/poster/185151.png','퇴직 공무원 창식은 간병인 수옥과 함께 뇌출혈로 쓰러진 아내 길순을 돌보며 지내던 중<br/>길순에게 욕창이 생긴 것을 발견한다.<br/><br/>욕창과 함께 길순의 건강이 점점 악화되자 애써 감춰두었던 각자의 욕망이 드러나며,<br/>마음속 상처들이 덧나기 시작한다.\r'),(185153,'파도를 걷는 소년',97,'드라마','15세 관람가',' 2020.05.14',2962051,3011195,'./data/poster/185153.png','제주에서 외국인 불법 취업 브로커 일을 하는 이주노동자 2세 김수.<br/>폭력전과로 출소한 수는 사회봉사로 해안을 청소하다가<br/>바다에서 서핑하고 있는 서퍼들의 모습에 빠진다.<br/>쓰레기통에서 우연히 주운 보드를 가지고 무작정 바다에 뛰어든 수.<br/>그런데 제주 서퍼 해나가 위험하다며 수에게 태클을 건다.<br/>수는 서프숍을 운영하는 똥꼬와 서퍼 해나에게 천천히 서핑을 배우게 되고,<br/>서핑에 빠져들수록 외국인 불법 취업 브로커 일은 점점 잊게 되는데….<br/><br/>수의 새로운 제주 서핑라이프는 무사히 지속될 수 있을까?\r'),(185155,'굿바이 썸머',71,'드라마/멜로/로맨스','12세 관람가',' 2019.07.25',30250000,115101622,'./data/poster/185155.png','현재는 고백한 수민에게 차이고 지훈에게 절교 선언을 듣는다.<br/>모두 언제 죽을지 모를 현재 보다 자기들 생각뿐이다.<br/>그렇게 무슨 일이 있었는지 알 수 없는 날들 사이로 발음이 이상한 병재가 나타나고,<br/>뒤섞인 날들은 현재의 시간으로 다시 자연스럽게 이어진다.\r'),(185192,'북간도의 십자가',84,'다큐멘터리','전체 관람가',' 2019.10.17',90000000,113493481,'./data/poster/185192.png','나라를 잃고 고향을 떠나왔지만 대신 복음을 받아들인 북간도의 기독교인들. 그들이 손에 쥔 십자가는 독립을 향한 담대함의 상징이자 짊어져야할 시대의 소명이었다. 역사학자 심용환이 마지막 북간도 후예 故 문동환 목사의 회고를 따라 북간도 곳곳에 숨겨진 항일 독립 운동의 흔적과 의미를 좇는다.\r'),(185264,'장르만 로맨스',113,'드라마/코미디','15세 관람가',' 2021.11.17',2883848,25000000,'./data/poster/185264.png','매일매일 버라이어티한 그 작가의 사생활 개봉박두!<br/><br/>쿨내진동 이혼부부<br/>일촉즉발 비밀커플<br/>주객전도 스승제자<br/>알쏭달쏭 이웃사촌<br/><br/>평범하지 않은 로맨스로 얽힌<br/>이들의 사생활이 밝혀진다!\r'),(185293,'내일의 기억',99,'미스터리/스릴러','15세 관람가',' 2021.04.21',17000000,72070731,'./data/poster/185293.png','사고로 기억을 잃은 채 깨어난 수진 옆엔<br/>자상한 남편 지훈이 그녀를 세심하게 돌봐주고 있다.<br/>그리고 집에 돌아온 후,<br/>마주친 이웃들의 위험한 미래가 보이기 시작하자 수진은 혼란에 빠진다.<br/><br/>그러던 어느 날 길에서 만난 옛 직장 동료는<br/>수진을 걱정하며 지훈에 대한 믿기 힘든 소리를 하고,<br/>때마침 발견한 사진에서 사진 속 남편 자리엔 지훈이 아닌 다른 남자가 있다.<br/><br/>설상가상 수진은 알 수 없는 남자가 자신을 위협하는 환영에 시달리는데……\r'),(185378,'앙상블',119,'드라마','12세 관람가',' 2020.11.05',25000000,10070000,'./data/poster/185378.png','사랑에 실패한 후 의기소침해진 극단 연출자 ‘영로’와<br/>그런 그에게 힘이 되고 싶은 ‘세영’<br/><br/>새로운 사랑은 없을 것 같은 ‘민우’와<br/>운명 같은 순간을 꿈꾸는 ‘주영’<br/><br/>변치 않은 사랑을 꿈꾼 ‘혜영’과<br/>다시 한번 이어가고 싶은 ‘만식’<br/><br/>“여기서라면 우린, 괜찮을 거야”\r'),(185450,'우리집',92,'드라마/가족','전체 관람가',' 2019.08.22',45000000,117615211,'./data/poster/185450.png','매일 다투는 부모님이 고민인 12살 하나와<br/>자주 이사를 다니는 게 싫기만 한 유미, 유진 자매는<br/>여름방학, 동네에서 우연히 만나 마음을 나누며 가까워진다.<br/>풀리지 않는 ‘가족’에 대한 고민을 터놓으며 단짝이 된 세 사람은<br/>무엇보다 소중한 각자의 ‘우리집’을 지키기 위해 모험을 감행한다.<br/><br/>“우리집은 내가 지킬 거야. 물론 너희 집도!”\r'),(185614,'인질',94,'액션/스릴러','15세 관람가',' 2021.08.18',2723903,4500000,'./data/poster/185614.png','평소와 똑같던 어느 새벽,<br/>서울 한복판에서 증거도, 목격자도 없이 대한민국 톱배우 \'황정민\'이 납치된다.<br/><br/>한 치 앞을 알 수 없는 상황 속<br/>살기 위한 극한의 탈주가 시작되는데…<br/><br/>관객들을 사로잡을 리얼리티 액션스릴러가 온다!\r'),(185838,'히트맨',110,'코미디/액션','15세 관람가',' 2020.01.22',40000000,49627779,'./data/poster/185838.png','웹툰 작가가 되고 싶어 국정원을 탈출한 <br/>비밀 프로젝트 방패연 출신 전설의 암살요원 \'준\'.<br/>그러나 현실은 연재하는 작품마다 역대급 악플만 받을 뿐이다.<br/>술김에 그리지 말아야 할 1급 기밀을 그려버리고<br/>예상치 않게 웹툰은 하루아침에 초대박이 나지만,<br/>그로 인해 \'준\'은 국정원과 테러리스트의 더블 타깃이 되는데...<br/><br/>웹툰 작가가 된 전설의 암살요원, 그의 히트 본능이 깨어난다!\r'),(185913,'극장판 반지의 비밀일기',72,'애니메이션','전체 관람가',' 2019.09.11',12000000,27400000,'./data/poster/185913.png','요즘 비가 오는 날이면 방울 소리와 함께<br/>친구들이 하나 둘 씩 사라지기 시작했다.<br/>그런데… 우리 아빠도 사라졌다! ㅠ_ㅠ<br/><br/>베프 ‘응심이’ ‘냠냠이’와 아빠를 찾던 그때, <br/>미스터리한 빵 장수가 나타나 순식간에 이상한 세계로 빨려 들어왔다!<br/><br/>아이스크림 동산과 초콜릿 동굴이 있고<br/>슈크림 대마왕과 바게트 병사들이 지키는 <br/>달콤하고 수상한 여기는 도대체 어디지!?\r'),(185917,'반도',116,'액션/드라마','15세 관람가',' 2020.07.15',100000000,520000000,'./data/poster/185917.png','[전대미문의 재난 그 후 4년<br/>폐허의 땅으로 다시 들어간다!]<br/><br/>4년 전, 나라 전체를 휩쓸어버린 전대미문의 재난에서 가까스로 탈출했던 ‘정석’(강동원).<br/>바깥세상으로부터 철저히 고립된 반도에 다시 들어가야 하는 피할 수 없는 제안을 받는다.<br/>  <br/>제한 시간 내에 지정된 트럭을 확보해 반도를 빠져 나와야 하는 미션을 수행하던 중<br/>인간성을 상실한 631부대와 4년 전보다 더욱 거세진 대규모 좀비 무리가 정석 일행을 습격한다.<br/>  <br/>절체절명의 순간,<br/>폐허가 된 땅에서 살아남은 ‘민정’(이정현) 가족의 도움으로 위기를 가까스로 모면하고<br/>이들과 함께 반도를 탈출할 수 있는 마지막 기회를 잡기로 한다.<br/>  <br/>되돌아온 자, 살아남은 자 그리고 미쳐버린 자<br/>필사의 사투가 시작된다!\r'),(185924,'발광하는 현대사',93,'드라마','청소년 관람불가',' 2019.07.18',50000000,287928194,'./data/poster/185924.png','한 사람의 결혼으로 관계가 끝난 줄 알았던 섹스파트너 ‘현대’와 ‘민주’.<br/>하지만 멈출 수 없는 욕망에 성적으로 타락해가는 ‘현대’와<br/>가질 수 없는 것에 대한 욕망을 포기하지 못하는 ‘민주’,<br/>그리고 두 사람과 복잡하게 얽힌 인물들의 적나라하고 추악한 욕망까지…<br/><br/>‘섹스’에 ‘발광’하는 혼돈의 현대사!<br/>추악한 욕망 속에 숨겨진 자극적이고도 씁쓸한 이야기가 시작된다.\r'),(185925,'극장판 샤이닝스타:새로운 루나퀸의 탄생!',77,'애니메이션','전체 관람가',' 2019.07.18',18000000,1738611,'./data/poster/185925.png','세계 최고의 아이돌 학교 샤이닝스타 스쿨!<br/>데뷔반의 완성형 연습생 \'헤라\'와 노력형 연습생 \'나라\'는<br/>세계 최고의 아이돌 스타 타이틀 \'루나퀸\'이 되기 위한 오디션에 돌입한다.<br/>그러던 중 \'헤라\'는 자신이 속한 그룹 \'돌스\'에서 돌연 탈퇴하고<br/>‘나라’가 속해 있는 그룹에 합류, 새로운 팀 \'뉴 멜로디\'가 결성된다.<br/>하지만 실력지상주의 이사장 \'칼리오페\'는 \'헤라\'에게 솔로로 루나퀸 결승 무대에 오르면<br/>단독 우승을 할 수 있다며 \'뉴 멜로디\'와 \'헤라\'를 갈라 놓으려 하고,<br/>‘뉴 멜로디’의 우정이 흔들리기 시작 하는데…<br/> <br/>루나퀸과 우리의 우정 모두를 지킬 수 있을까!\r'),(186114,'밥정',82,'다큐멘터리/드라마','전체 관람가',' 2020.10.07',22000000,424208848,'./data/poster/186114.png','잔디, 잡초, 이끼, 나뭇가지.. 자연을 재료 삼아 요리를 만드는 방랑식객 임지호 셰프. <br/>친어머니와 양어머니에 대한 아픈 사연을 간직한 그는 길에서 인연을 맺은 사람들에게 기꺼이 음식을 대접한다.<br/>지리산에서 만난 김순규 할머니를 길 위의 어머니로 10년간 모시지만, 끝끝내 찾아온 3번째 이별.<br/>임지호 셰프는 낳아주신, 길러주신, 그리고 마음을 나눠주신 3명의 어머니를 위해 3일 동안 108접시의 음식을 장만한다.<br/>‘밥’으로 ‘정’을 나누는 인생의 참맛, 더 늦기 전에 당신과 나누고 싶습니다…\r'),(186219,'열두 번째 용의자',102,'미스터리/스릴러','12세 관람가',' 2019.10.10',22000000,189833357,'./data/poster/186219.png','한국전쟁의 전운이 채 가시지 않은 1953년 가을 밤, <br/>남산에서 유명 시인 ‘백두환’이 살해당했다. <br/>다음날, 그가 자주 출몰하던 ‘오리엔타르 다방’에<br/>사건수사관 ‘김기채’가 들이닥치고,<br/>다방 안 모든 이들을 용의자로 지목하는데…<br/><br/>점차 밝혀지는 살인사건의 진실, 누가 진짜 범인인가?\r'),(186233,'특송',108,'범죄/액션','15세 관람가',' 2022.01.12',12000000,22244207,'./data/poster/186233.png','예상치 못한 배송사고로 걷잡을 수 없는 사건에 휘말린<br/>특송 전문 드라이버 ‘은하’.<br/>어쩌다 맡게 된 반송 불가 수하물에 출처를 알 수 없는 300억까지!<br/>경찰과 국정원의 타겟이 되어<br/>도심 한복판 모든 것을 건 추격전을 벌이게 되는데…<br/><br/>NO브레이크! FULL엑셀!<br/>성공률 100% 특송 전문 드라이버가 온다!\r'),(186235,'팡파레',88,'드라마/스릴러/범죄','청소년 관람불가',' 2020.07.09',45000000,53854588,'./data/poster/186235.png','\"할로윈 파티의 흥분이 아직 가시지 않은 깊은 밤.<br/>셔터가 닫힌 바에 불청객의 등장과 함께 예기치 못한 살인사건이 일어난다.<br/>사태 수습을 위해 하나 둘 모여드는 정체불명의 빌런들.<br/>돌이킬 수 없는 악몽으로 바뀐 하루!<br/>\"\"죽을 때까지 오늘 일만큼은 잊혀지지 않을 걸?\"\"\"\r'),(186236,'영화로운 나날',87,'멜로/로맨스/판타지/드라마','12세 관람가',' 2019.12.12',25000000,4064495,'./data/poster/186236.png','보통의 ‘영화’가 특별한 ‘아현’을 떠난 날, 우연하고 기묘하게 누군가와 만나고 헤어지며 펼쳐지는 어쩐지 마법 같은 어드벤처 로맨스 FILM\r'),(186239,'어서오시게스트하우스',99,'코미디/드라마','15세 관람가',' 2020.08.13',25530000,20080020,'./data/poster/186239.png','꿈도 졸업도 미룬 채 대학교 5학년이 된 준근.<br/>계절학기 신청 클릭전쟁에도 실패하고 기숙사에서도 쫓겨나자,<br/>얼떨결에 서핑 게스트하우스 [어서오시게스트하우스]에서 숙식 알바를 시작한다.<br/><br/>그러다 우연히 바닷가에서 만난 금수저 서퍼 성민과 시비가 붙은 준근은<br/>홧김에 양양 바다를 걸고 서핑 배틀을 벌이기로 한다.<br/>서핑이라곤 1도 모르는 준근을 위해 게하 베테랑 서퍼 3인방이 나서지만<br/>준근의 몸은 도무지 보드 위에서 일어설 기미조차 보이지 않는데…<br/><br/>서핑도 취업도 제자리 걸음, 열정만렙 준근의<br/>객기 충만한 서핑 도전기가 지금 시작된다!\r'),(186241,'나만 없어 고양이',97,'가족/판타지/드라마','전체 관람가',' 2019.08.22',50000000,11534477,'./data/poster/186241.png','생애 첫 이별을 극복 중인 20살 청춘 나래 집사에겐 사랑가득 남친냥이 ♥사랑이,<br/>갑작스럽게 직장을 잃은 기러기 아빠 김과장에겐 희망가득 홉냥이 ♥복댕이,<br/>고양이 동생을 키우고 싶은 발레 소녀 수정이에겐  멋짐가득 낭만냥이 ♥수연이,<br/>어쩌다 고양이 아내를 둔 할아버지 석봉 집사에겐 정이가득 여보냥이 ♥순자…<br/><br/>기쁘고, 화나고, 슬프고, 즐거운 이 모든 감정을 보는 순간 빠져드는 ♥갓냥이들과 함께 하세요.\r'),(186259,'별의 정원',75,'애니메이션','전체 관람가',' 2019.07.04',55000000,127600435,'./data/poster/186259.png','어둠을 무서워하고 엄마와 사이도 좋지 못한 사춘기 도시 소녀 ‘수하’.<br/>‘별 볼 일 없는 곳’이라 여긴 수하리의 외갓집에서 방학을 보내게 된 ‘수하’는 우주의 별이 담긴 ‘어둠의 돌’을 통해 별의 정원으로 들어가게 되고, 정원사 ‘오무’와 함께 사라질 위기에 처한 우주를 구하기 위해 떠나게 되는데…<br/>그리운 아빠와 엄마에 대한 마음, 그리고 자신이 품은 어둠의 비밀과 마주하게 된 ‘수하’는 ‘오무’와 함께 빼앗긴 어둠을 되찾고 우주의 별들을 구할 수 있을까?\r'),(186658,'프린세스 아야',90,'판타지/뮤지컬','전체 관람가',' 2022.09.21',55000000,141047179,'./data/poster/186658.png','동물로 변하는 저주를 가진 아이들이 태어나는 연리지 왕국.<br/>연리지의 공주 ‘아야’(백아연)는 어린 시절 엄마가 남겨주신 신비로운 힘을 가진 팔찌로 정체를 숨기며 산다.<br/><br/>이웃나라 바타르가 강력한 군사력으로 영토를 확장하며 주변국들을 위협하자<br/>‘아야’는 연리지를 지키기 위해 얼굴도 모르는 바타르의 왕자 ‘바리’(박진영)와 정략결혼을 결심한다.<br/>한편, 바타르의 장군 ‘섭정’은 왕자를 제거하고 전쟁을 일으키려는 음모를 꾸미는데…<br/><br/>저주의 비밀을 풀고 평화를 지키려는 ‘아야 공주’와 전쟁을 막고자 하는 ‘바리 왕자’의<br/>운명을 넘어선 환상적인 모험이 펼쳐진다!\r'),(186704,'열혈형사',96,'코미디','12세 관람가',' 2020.06.18',92000000,494471524,'./data/poster/186704.png','경찰서 내에서 허세는 가장 세고 <br/>이론보다 구강 수사 하기 바쁜 날라리 형사 ‘동민’<br/>편안하게 출세하나 싶은 순간, 수사과에 발령 난다. <br/><br/>발령 난 것도 서러운데, 오로지 직진만 하는 FM 형사 ‘몽허’(얀츠카)와 <br/>모델 실종 사건의 공조 수사를 맡게 된다.<br/><br/>수사가 진전될수록 단순한 실종이 아님을 직감한 ‘동민’은<br/>오랜만에 형사의 본능을 깨우는데…<br/><br/>이보다 환상적일 수 없다!<br/>코믹뺨타격 날릴 콤비 수사가 시작된다!\r'),(186821,'정직한 후보',104,'코미디','12세 관람가',' 2020.02.12',5000000,13269963,'./data/poster/186821.png','거짓말이 제일 쉬운 3선 국회의원 ‘주상숙’에게 청천벽력이 떨어진다.<br/>하루아침에 거짓말은 1도 할 수 없는 ‘진실의 주둥이’를 갖게 된 것!<br/><br/>최고의 무기인 ‘거짓말’을 잃자<br/>그녀의 인생은 송두리째 흔들리게 되는데…<br/><br/>웃음 빵! 속이 뻥! 뚫리는<br/>통쾌한 웃음 폭격이 시작된다!\r'),(187051,'브링 더 소울 : 더 무비',101,'다큐멘터리','전체 관람가','2020.08.28 2019.08.07',15000000,66000000,'./data/poster/187051.png','서울을 시작으로 북미와 유럽까지 LOVE YOURSELF 투어를 마친 방탄소년단!<br/>전세계의 팬들과 함께 호흡하고 열광했던 유럽에서의 콘서트가 파리를 마지막으로 끝났다.<br/><br/>그리고 모든 긴장이 풀어진 다음날, 파리의 작은 루프탑 테이블에서 멤버와 팬들에게 <br/>하지 못했던 그들만의 이야기를 나누는 작은 뒤풀이가 시작된다.<br/><br/>방탄소년단의 솔직담백한 이야기를 한 테이블에 둘러 앉아 들을 수 있는<br/>설렘 가득한 시간이 펼쳐진다.\r'),(187338,'대무가',108,'드라마/코미디','15세 관람가',' 2022.10.12',60000000,129832389,'./data/poster/187338.png','유아독존 신빨 대신 술빨로 버티는 40대 마성의 무당 \'마성준\'(박성웅)<br/>백발백중 1타 무당을 꿈꾸며 역술계를 평정한 30대 스타트업 무당 \'청담도령\'(양현민)<br/>인생역전 갓생을 노리며 10주 완성 무당학원을 등록한 20대 취준생 무당 \'신남\'(류경수)<br/>신빨 떨어진 무당들이 용하다 소문난 전설의 \'대무가\' 비트로 뭉쳤다!<br/><br/>그리고 그들을 이용해서 50억 원을 손에 넣으려는 이 구역 미친X \'익수\'가 판을 벌리고<br/>\'대무가\' 무당즈는 각자 일생일대의 한탕을 위해 비트에 몸을 맡긴 채 프리스타일 굿판 대결을 펼치는데…\r'),(187357,'럭키 몬스터',92,'드라마','청소년 관람불가',' 2020.12.03',7400000,7690013,'./data/poster/187357.png','산더미 같은 빚 때문에 사채업자에게 쫓기고,<br/>아내 ‘성리아’(장진희)씨와 위장이혼까지 감행해야만 했던<br/>실적제로 녹즙기 판매원 ‘도맹수’(김도윤)씨.<br/><br/>그런 그가 며칠 뒤, 로또 1등! 무려 50억에 당첨이 됐다고 하는데요!<br/>심지어 당첨 과정이 아주 특별하다고 합니다.<br/>글쎄 오직 ‘도맹수’씨에게만 들리는 라디오 방송, DJ ‘럭키 몬스터’(박성준)의 환청이 당첨 번호를 알려줬다고!<br/><br/>당첨금으로 드디어 사라진 아내를 찾아 나설 수 있게 된 ‘도맹수’씨!<br/>그가 아내 ‘성리아’님을 애타게 찾고 계십니다. 혹시 듣고 계시나요?<br/><br/>믿을 수 없는 이 기묘한 사연의 스토리가 궁금하시다면,<br/>“도맹수를 위한, 도맹수에 의한, 도맹수만이 듣는 다이다이 방송!<br/>161803398MHz!”<br/>지금까지 <럭키 몬스터> 럭디였습니다. 굿럭!\r'),(187366,'극장판 헬로카봇 : 달나라를 구해줘!',76,'애니메이션','전체 관람가',' 2019.09.04',30000000,254134910,'./data/poster/187366.png','평화로웠던 지구에는 타워크레인, 우주정거장이 사라지고,<br/>달의 뒷면에서 살던 토끼족 마을은 외계 로봇의 공격으로 위기에 처하게 된다.<br/>이 모든 것은 바로 지구를 정복하려는 치올라 외계인들의 공격이었던 것!<br/><br/>평화를 수호하는 차탄과 카봇들은 달을 넘어 지구까지 혼란에 빠뜨린 <br/>치올라 외계 군단에 맞서기 위해 달나라로 떠나게 되는데…!<br/><br/>지구와 달을 구하기 위한 <br/>카봇과 토끼족들의 지상최대 연합작전이 시작된다!\r'),(187390,'아직 사랑하고 있습니까?',99,'코미디','청소년 관람불가',' 2019.12.04',14000000,2474000,'./data/poster/187390.png','의리로 사는 10년 차 부부 ‘연경’과 ‘영욱’<br/>빨간 불 들어온 그들 사이에 색(!)다르게 사는 이들이 끼어들었다!<br/><br/>본능대로 사는 남자 ‘민식’ &amp, 즐기면서 사는 여자 ‘재순’ &amp, 참지 않고 사는 여자 ‘혜인’ <br/>‘연경’과 ‘영욱’의 무미건조한 결혼 생활은 그들과의 짜릿한 일탈로 살(!) 맛을 찾아가는데…\r'),(187420,'로또쉐어',89,'스릴러/액션/범죄','15세 관람가',' 2021.11.24',18500000,183316455,'./data/poster/187420.png','해마다 함께 여행을 떠나는 여섯 명의 친구들<br/>이번 여행지에서는 또 어떤 즐거운 추억을 만들지 들뜬 설렘 속<br/>갑자기 등장한 낯선 이방인 네 명과 조우한다.<br/>그리고, 예상치 못한 거액의 상금에 덜컥 당첨된 로또 한장<br/>하지만 로또의 행방이 묘연해지고 점차 그들 사이에는 기괴한 분위기가 감도는데...<br/><br/>우리 중, 범인이 있다!\r'),(187549,'파이프라인',108,'범죄','15세 관람가',' 2021.05.26',4000000,400176459,'./data/poster/187549.png','손만 대면 대박을 터트리는 도유 업계 최고 천공기술자 ‘핀돌이’는<br/>수천억의 기름을 빼돌리기 위해 거대한 판을 짠 대기업 후계자 ‘건우’의<br/>거부할 수 없는 제안에 빠져 위험천만한 도유 작전에 합류한다.<br/><br/>프로 용접공 \'접새\', 땅 속을 장기판처럼 꿰고 있는 \'나과장\',<br/>괴력의 인간 굴착기 \'큰삽\', 이 모든 이들을 감시하는 \'카운터\'까지!<br/><br/>그러나 저마다 다른 목적을 가진 이들이 서로를 속고 속이면서<br/>계획은 예상치 못한 방향으로 흘러가기 시작하는데...<br/><br/>인생 역전을 꿈꾸는 여섯 명의 도유꾼들<br/>그들의 막장 팀플레이가 시작된다!\r'),(187629,'양자물리학',119,'범죄','15세 관람가',' 2019.09.25',34000000,50282766,'./data/poster/187629.png','‘생각이 현실을 만든다’라는 양자물리학적 신념을 인생의 모토로 삼은 유흥계의 화타 ‘이찬우’<br/><br/>어느 날 유명 연예인이 연루된 마약 파티 사건을 눈치챈다.<br/>“불법 없이! 탈세 없이!” 이 바닥에서도 혁신이 일어나야 한다고 믿는 그는<br/>오랫동안 알고지낸 범죄정보과 계장 ‘박기헌’에게 이 정보를 흘린다.<br/>단순한 사건이라고 생각했던 마약파티가 연예계는 물론 검찰, 정치계까지 연루된 <br/>거대한 마약 스캔들임을 알게 된 \'이찬우\'.<br/>이제는 살기 위해 거대 권력과 맞서야 하는 상황.<br/>\'이찬우’는 ‘박기헌’ 계장을 비롯해 황금인맥을 자랑하는 업계 퀸 ‘성은영’ 등 업계 에이스들과 함께 이 사건을 파헤치기로 한다.<br/><br/>부패 권력에 통쾌하게 맞서라! 생각은 현실을 만드니까!\r'),(187637,'은지: 돌이킬 수 없는 그녀',90,'미스터리/스릴러','청소년 관람불가',' 2019.12.19',45000000,788241776,'./data/poster/187637.png','평화롭고 아담한 섬, 연모도<br/>그 섬에 기타 하나와 스쿠버 장비를 들고 은지가 힐링을 위해 찾아온다.<br/>미모의 여성 출현에 음산하게 술렁이는 어촌 계 남자들.<br/>특히, 연모도의 대통령 용태와 그의 수족 <br/>윤길, 병삼이 은지를 음흉하게 쳐다본다.<br/><br/>그런 스산함이 계속되던 어느 날, <br/>은지는 어촌 계 남자들이 자신이 타고 나갈 배를 <br/>차단시켰다는 사실을 알게 되는데… <br/><br/>은지 주변으로 하나 둘 모이기 시작하는 사람들,<br/>주민도, 경찰도, 모두가 수상하다!\r'),(187821,'인생은 아름다워',122,'뮤지컬','12세 관람가',' 2022.09.28',2500000,4736202,'./data/poster/187821.png','무뚝뚝한 남편 ‘진봉’과 무심한 아들 딸을 위해 헌신하며 살아온 ‘세연’은<br/>어느 날 자신에게 시간이 얼마 남지 않았다는 것을 알게 된다.<br/>한 치 앞도 알 수 없는 인생에 서글퍼진 ‘세연’은 마지막 생일선물로<br/>문득 떠오른 자신의 첫사랑을 찾아 달라는 황당한 요구를 한다.<br/>막무가내로 우기는 아내의 고집에 어쩔 수 없이 여행길에 따라나선 ‘진봉’은<br/>아무런 단서도 없이 이름 석 자만 가지고 무작정 전국 방방곡곡을 누빈다.<br/>시도 때도 없이 티격태격 다투던 두 사람은 가는 곳곳마다<br/>자신들의 찬란했던 지난날 소중한 기억을 하나 둘 떠올리는데...<br/>과연 ‘세연’의 첫사랑은 어디에 있으며 그들의 여행은 무사히 마칠 수 있을까?\r'),(187849,'여고괴담 여섯번째 이야기 : 모교',108,'미스터리/공포','15세 관람가',' 2021.06.17',1400000,63463,'./data/poster/187849.png','고교시절의 기억을 잃은 ‘은희(김서형)’는 <br/>모교에 교감으로 부임한 후부터 <br/>알 수 없는 환영과 환청에 시달리기 시작한다. <br/><br/>피해자임에도 불구하고 문제아로 내몰린 ‘하영(김현수)’은 <br/>홀리듯 들어간 학교의 폐쇄된 화장실에서 귀신 소리를 듣게 되고<br/>그 곳에서 같은 아픔을 가진 ‘은희(김서형)’와 마주친다. <br/><br/>두 사람은 학교에서 벌어지는 기이한 일들이 <br/>화장실에 있는 존재와 연관됐음을 알게 되고, <br/>곧 죽음의 공포와 마주하게 된다. <br/><br/>기억 속에 감춰진 충격적인 진실이 밝혀진다!\r'),(187893,'소리도 없이',99,'범죄/드라마','15세 관람가',' 2020.10.15',12000000,4939939,'./data/poster/187893.png','범죄 조직의 하청을 받아 근면성실하고 전문적으로 시체 수습을 하며 살아가는 ‘태인’과 ‘창복’.<br/>어느 날 단골이었던 범죄 조직의 실장 ‘용석’에게 부탁을 받고<br/>유괴된 11살 아이 ‘초희’를 억지로 떠맡게 된다.<br/><br/>그런데 다음 날 다시 아이를 돌려주려던 두 사람 앞에 \'용석\'이 시체로 나타나고,<br/>두 사람은 예기치 못한 사건에 휘말리게 되는데…\r'),(187940,'백두산',128,'드라마/액션','12세 관람가',' 2019.12.19',53000000,157387195,'./data/poster/187940.png','대한민국 관측 역사상 최대 규모의 백두산 폭발 발생.<br/>갑작스러운 재난에 한반도는 순식간에 아비규환이 되고,<br/>남과 북 모두를 집어삼킬 추가 폭발이 예측된다.<br/><br/>사상 초유의 재난을 막기 위해 ‘전유경’(전혜진)은<br/>백두산 폭발을 연구해 온 지질학 교수 ‘강봉래’(마동석)의 이론에 따른 작전을 계획하고,<br/>전역을 앞둔 특전사 EOD 대위 ‘조인창’(하정우)이 남과 북의 운명이 걸린 비밀 작전에 투입된다.<br/>작전의 키를 쥔 북한 무력부 소속 일급 자원 ‘리준평’(이병헌)과 접선에 성공한 ‘인창’.<br/>하지만 ‘준평’은 속을 알 수 없는 행동으로 ‘인창’을 곤란하게 만든다.<br/>한편, ‘인창’이 북한에서 펼쳐지는 작전에 투입된 사실도 모른 채 <br/>서울에 홀로 남은 ‘최지영’(배수지)은 재난에 맞서 살아남기 위해 고군분투하고<br/>그 사이, 백두산 마지막 폭발까지의 시간은 점점 가까워 가는데…!\r'),(187979,'나의 노래는 멀리멀리',83,'다큐멘터리','전체 관람가',' 2019.10.03',20000000,5781885,'./data/poster/187979.png','깔끔하고 섬세한 연주가 장기인 풋내기 기타리스트 김지희.<br/>기타를 잘 치는 것 말고는 다른 꿈이 없는 스물넷 소녀지만,<br/>감정 표현이 서툴러 연주가 제자리인 것이 조금 고민이다.<br/>무대 위에서는 기타에, 일상에서는 엄마 뒤에 숨었던 지희가<br/>어느 날 불쑥, 자신의 노래를 만들고 싶다며 목소리를 내는데…<br/><br/>마음 깊은 곳, 오래오래 간직했던 소녀의 꿈과 희망 <br/>멀리멀리 전하고픈 풋내기 기타리스트의 노래가 시작된다!\r'),(188178,'개와 고양이를 위한 시간',83,'다큐멘터리','전체 관람가',' 2020.08.27',25000000,133752825,'./data/poster/188178.png','시작은 ‘들개’였다. 2017년 봄, 매스컴에서는 들개 관련 뉴스가 유독 많이 흘러나왔다. <br/>도시의 재개발 지역에는 사람들이 떠나면서 키우던 개들을 버리고 갔고 그렇게 주인을 잃은 개들은 산으로 올라가 들개 무리가 되었다는 얘기였다. <br/>도시에 들개라니. 왠지 모순된 이야기로만 들렸고 그래서 들개를 찾아 서울에 마지막 남은 달동네 백사마을을 찾았다. 한집 걸러 빈집인 마을은 떠돌이 개들과 1m 목줄에 묶인 채 고통 받는 개들이 저마다 힘겨운 시간들을 견대내고 있었다. 과연 도시에서 인간과 동물이 함께 행복해질 수는 없는 걸까? 카메라에는 그 답을 찾아 나선 1년여의 시간이 고스란히 담겼고, 그 여정의 끝에는 길 위의 고단한 생명들을 위로하기 위한 아름다운 음악회가 열린다.\r'),(188192,'재혼의 기술',82,'멜로/로맨스/코미디','12세 관람가',' 2019.10.17',8000000,2000000,'./data/poster/188192.png','호적상 ‘이혼남’인 것만 빼면 나름 완벽한(?) 남자 ‘경호’.<br/>어느 날 그의 앞에 아끼는 후배이자 영화감독 ‘현수’가 나타나면서<br/>외롭지만 순탄한 일상을 이어가던 그의 삶에 변화가 생기기 시작한다.<br/>영화 시나리오처럼 경호의 인생을 다시 써주려는 ‘현수’<br/>이름하여, ‘재혼 프로젝트’가 시작되는데!<br/><br/>판단력도, 인내심도, 기억력도 부족한 돌싱,<br/>인생의 2막을 함께 열고 싶은 여자를 만났다!<br/>알 수 없는 마음으로 경호를 애태우는 여인 ‘성산댁’,<br/>그리고 예측할 수 없는 매력으로 늘 경호를 자극하는 ‘은정’.<br/>둘 중, 그의 진짜 인연이 있을까?!<br/><br/>‘결혼’만 한 것들은 절~대 모르는 리얼 ‘재혼’의 기술이 시작된다!\r'),(188195,'우리는 매일매일',75,'다큐멘터리','12세 관람가',' 2021.06.30',2400000,5731103,'./data/poster/188195.png','미투운동이 한창이던 어느 날, 옛 친구들이 떠올랐다<br/>90년대 말 함께 페미니즘을 외쳤던 친구들은 지금 어떻게 살고 있을까.<br/>삶터, 일터, 가족형태 모두 다른 친구들을 찾아가 던진 질문 하나.<br/>“한국사회에서 페미니스트로 산다는 건 뭘까?”<br/>  <br/>그때나 지금이나 세상을 향해 목소리를 내는<br/>아직 끝나지 않은 우리들의 이야기가 다시 시작된다!\r'),(188345,'극장판 타오르지마 버스터 - 블랙어썰트의 귀환',73,'애니메이션/코미디/액션/모험','전체 관람가',' 2019.12.05',29500000,168840000,'./data/poster/188345.png','평화롭던 지구 생활을 즐기던 어느 날, 우주 용병 회사 EXIT의 긴급 소환 명령!!<br/>우주로 돌아갈 팀을 가리는 운명을 건 대결이 시작된다.<br/>한편, 우주 전설이라 불리던 ‘블랙어썰트’가 지구에 돌아온다.<br/>그리고 그를 뒤쫓는 우주해적단과 버스터 용병들의 피할 수 없는 대격돌이 펼쳐진다!\r'),(188415,'박강아름 결혼하다',86,'다큐멘터리','전체 관람가',' 2021.08.19',3000000,108981275,'./data/poster/188415.png','“일도 사랑도 다 가지고 싶어!” 의욕 충만 아름<br/>“아름이 하고 싶은 거 다 해!” 사랑 하나만 믿고 떠난 로맨티스트 성만<br/>오직 의욕과 사랑만 가지고 프랑스로 떠나다!<br/><br/>그들이 마주한 현실은 학업, 생활비, 육아, 가사 노동…<br/>우리는 왜 결혼했을까?<br/>결혼, 도대체 뭘까?<br/><br/>에펠탑 아래에서 시작된 아름♥성만의 좌충우돌 결혼살이 START!\r'),(188436,'애월',101,'멜로/로맨스/드라마','12세 관람가',' 2019.09.26',45000000,112006296,'./data/poster/188436.png','오토바이로 전국 일주를 하던 수현은 <br/>제주도 애월에서 비운의 사고로 목숨을 잃는다.<br/>사고 이후, 수현의 연인 소월은 그리움에 잠겨 <br/>애월을 떠나지 않은 채 살아가고 있다.<br/>한편, 둘의 가장 친한 친구였던 철이는 수현이 죽기 전 보낸 편지를 <br/>3년이 지나서 받게 되고 무작정 애월로 떠난다.<br/>소월을 찾아와 그녀의 집에 잠시 머물게 되는 철이는<br/>마을 사람들과 함께 어울리며 애월에서의 소소한 일상을 보내고, <br/>철이와 소월은 그렇게 함께 지내며 <br/>죽은 수현에 대한 그리움을 각자의 방식으로 극복하기 시작하는데...<br/><br/>모든 걸 놓고 싶은 당신을 위로해줄 특별한 순간이 찾아옵니다\r'),(188472,'싱크홀',113,'드라마','12세 관람가',' 2021.08.11',5000000,15116634,'./data/poster/188472.png','서울 입성과 함께 내 집 마련의 꿈을 이룬 가장 ‘동원(김성균)’ <br/>이사 첫날부터 프로 참견러 ‘만수’(차승원)와 사사건건 부딪힌다.<br/> <br/>‘동원’은 자가취득을 기념하며 직장 동료들을 집들이에 초대하지만<br/>행복한 단꿈도 잠시, 순식간에 빌라 전체가 땅 속으로 떨어지고 만다.<br/> <br/>마주치기만 하면 투닥거리는 빌라 주민 ‘만수’와 ‘동원’<br/>‘동원’의 집들이에 왔던 ‘김대리’(이광수)와 인턴사원 ‘은주’(김혜준)까지!<br/>지하 500m 싱크홀 속으로 떨어진 이들은 과연 무사히 빠져나갈 수 있을까?<br/><br/>“한 500m 정도는 떨어진 것 같아”<br/>“우리… 나갈 수 있을까요?”\r'),(188826,'그림자꽃',108,'다큐멘터리','12세 관람가',' 2021.10.27',10500000,792965326,'./data/poster/188826.png','일종의 사고였다. 2011년, 평양시민 김련희 씨는 지병인 간 치료 차 중국의 친척집을 방문했지만<br/>생각보다 만만치 않은 병원비로 식당 일을 하던 중 남한에 가서 돈을 벌라는 브로커 말에 속아 북한 여권을 빼앗겼다.<br/>탈북하지 않겠다고 해도 이미 늦었다. 남한에 들어오자마자 북송을 요청했지만 국가보안법은 억지로 남한시민으로 만들었다.<br/>검찰은 김련희 씨를 국가보안법 위반 혐의로 기소했고 법무부는 보호관찰 대상자로 가둬 출국금지로 묶어놨다.<br/>베트남대사관에 망명 신청도 해보고, 북한선수단에 사정도 해봤다. 새 정권으로 희망을 가져봤다.<br/>번번히 실패해도 매년 희망을 포기하지 않고, 행복을 꿈꾼다.<br/>“그런 날이 오겠죠, 우리 함께 대동강변에서 꽃이 되는 그날...”\r'),(188831,'녹턴',98,'다큐멘터리','12세 관람가',' 2022.08.18',60000000,16000000,'./data/poster/188831.png','오직 음악만 잘할 뿐, <br/>자폐 스펙트럼 장애가 있는 ‘성호’는 <br/>엄마 ‘민서’가 없으면 혼자서 면도도 하지 못한다.<br/>엄마는 단 하나, ‘성호’의 음악을 위해 모든 걸 바쳤지만 <br/>동생 ‘건기’는 그런 형이 \'하찮고 쓸모 없다\'고 생각한다. <br/><br/>그러나, 시간이 흐르면서 형의 음악은 점점 빛을 발하고<br/>동생은 형과 엄마의 인생에서 무언가를 발견하게 되는데...\r'),(188834,'증발',115,'다큐멘터리','전체 관람가',' 2020.11.12',25000000,17193231,'./data/poster/188834.png','20여 년을 하루같이 딸의 행방을 쫓고 있는 용진씨.<br/>세상은 벌써 준원이를 잊은 것 같지만 아빠에겐 포기란 없다.<br/>드디어 장기실종 전담수사팀이 생기고 새 제보자까지 등장!<br/>수사는 큰 전환점을 맞고, 용진 씨와 가족들은<br/>다시 한번 희망의 끈을 부여잡는데…\r'),(188872,'사막을 건너 호수를 지나',105,'다큐멘터리','전체 관람가',' 2021.12.30',16400000,235860116,'./data/poster/188872.png','열 명의 ‘평화하는’ 청년들, 레츠피스.<br/>드럼통 같은 북을 허리에 매고 희망찬 여행을 떠난다.<br/><br/>경계 너머의 세상을 상상하고, 춤추고 북을 치며 노래하는 여정.<br/>목포에서 출발해 블라디보스토크를 지나, 베를린까지 이어지는 피스 로드!<br/><br/>여덟 번의 여행과 아홉 편의 글, 그리고, 노래!<br/>Let’s Peace! 사막을 건너 호수를 지나, 우리를 위한 노래를 부르자!\r'),(188909,'강철비2: 정상회담',142,'드라마/액션','15세 관람가',' 2020.07.29',35000000,18635620,'./data/poster/188909.png','북미 평화협정 체결을 위한 대한민국 대통령(정우성), 북한의 최고지도자인 위원장(유연석)과 미국 대통령(앵거스 맥페이든)간의 남북미 정상회담이 북한 원산에서 열린다. 북미 사이 좀처럼 이견이 좁혀지지 않는 가운데, 핵무기 포기와 평화체제 수립에 반발하는 북 호위총국장(곽도원)의 쿠데타가 발생하고, 납치된 세 정상은 북한 핵잠수함에 인질로 갇힌다. 그리고, 좁디 좁은 함장실 안, 예기치 못한 진정한 정상회담이 벌어지게 되는데…<br/><br/>동북아시아의 운명이 핵잠수함에 갇혔다!<br/>과연, 남북미 세 지도자는 전쟁 위기를 막을 수 있을 것인가?\r'),(189046,'신비아파트 극장판 하늘도깨비 대 요르문간드',97,'애니메이션','전체 관람가',' 2019.12.19',18000000,5887457,'./data/poster/189046.png','겨울방학을 맞아 가족여행을 떠난 ‘하리’와 ‘두리’ 남매는<br/>비행기 날개에 쓰러진 하늘도깨비 ‘주비’를 발견하고 ‘신비’와 ‘금비’를 소환한다.<br/>‘주비’를 구해준 순간, 정체를 알 수 없는 ‘스큐트’들의 공격이 시작되고,<br/>깊은 바닷속 관에서 부활한 전설의 괴수 ‘요르문간드’는 비행기를 집어 삼키려 한다.<br/><br/>한편 창공의 퇴마사로 선택된 ‘강림’이 친구들을 구하기 위해 합류하지만<br/>세상을 파괴하려는 ‘요르문간드’는 하늘도깨비들의 왕국까지 거세게 공격하고<br/>‘하리’와 친구들의 피할 수 없는 하늘 위 모험이 시작되는데...\r'),(189053,'블랙머니',113,'범죄/드라마','12세 관람가',' 2019.11.13',2,1,'./data/poster/189053.png','일명 서울지검 ‘막프로’! 검찰 내에서 거침없이 막 나가는 문제적 검사로 <br/>이름을 날리는 ‘양민혁’은 자신이 조사를 담당한 피의자가 자살하는 사건으로 인해 <br/>하루 아침에 벼랑 끝에 내몰린다. 억울한 누명을 벗기 위해 내막을 파헤치던 그는 <br/>피의자가 대한은행 헐값 매각사건의 중요 증인이었음을 알게 된다. <br/><br/>근거는 의문의 팩스 5장! 자산가치 70조 은행이 1조 7천억원에 넘어간 <br/>희대의 사건 앞에서 ‘양민혁’ 검사는 금융감독원, 대형 로펌, 해외펀드 회사가 뒤얽힌 <br/>거대한 금융 비리의 실체와 마주하게 되는데… <br/><br/>대한민국 최대의 금융스캔들, 사건은 아직 끝나지 않았다!\r'),(189068,'행동하는 양심 김대중',72,'다큐멘터리','12세 관람가',' 2019.11.28',40000000,19726050,'./data/poster/189068.png','5번의 죽을 고비, 55차례의 가택연금,<br/>6년의 감옥생활, 777일의 국외 망명.<br/>시대의 불의를 견디며 이 땅의 민주주의와 <br/>한반도 평화를 위해 일생을 바친 행동하는 양심 김대중.<br/><br/>하의도의 섬 소년에서 대한민국 15대 대통령을 거쳐 <br/>노벨평화상 수상까지, 모두 다 안다고 생각하지만 <br/>사실은 모두 잘 모르는 인간 김대중의 <br/>찬란했던 시작과 끝을 만난다.\r'),(189069,'다만 악에서 구하소서',108,'범죄/액션','15세 관람가',' 2020.08.05',20000000,35739755,'./data/poster/189069.png','태국에서 충격적인 납치사건이 발생하고 <br/>마지막 청부살인 미션을 끝낸 암살자 인남(황정민)은 그것이 자신과 관계된 것임을 알게 된다.<br/>인남은 곧바로 태국으로 향하고, 조력자 유이(박정민)를 만나 사건을 쫓기 시작한다.<br/>한편, 자신의 형제가 인남에게 암살당한 것을 알게 된 레이(이정재). <br/>무자비한 복수를 계획한 레이는 인남을 추격하기 위해 태국으로 향하는데...<br/><br/>처절한 암살자 VS 무자비한 추격자<br/>멈출 수 없는 두 남자의 지독한 추격이 시작된다!\r'),(189071,'대통령의 7시간',79,'다큐멘터리','12세 관람가',' 2019.11.14',24000000,182016617,'./data/poster/189071.png','한 국가의 대통령이 사이비 교주에게 혼을 빼앗겼다면 무슨 일이 벌어질까? <br/>생각만으로도 끔찍한 일이 21세기 현대 민주국가 대한민국에서 벌어졌다. <br/>정치와 꿈, 주술과 합리의 대결을 무려 7년 동안 좇은 현장 추적 다큐멘터리.\r'),(189075,'자산어보',126,'드라마','12세 관람가',' 2021.03.31',4000000,13275000,'./data/poster/189075.png','\"“이 양반은 대역 죄인이니 너무 잘해줄 생각들 말어”<br/>순조 1년, 신유박해로 세상의 끝 흑산도로 유배된 ‘정약전’.<br/>호기심 많은 \'정약전\'은 그 곳에서 바다 생물에 매료되어 책을 쓰기로 한다.<br/>이에 바다를 훤히 알고 있는 청년 어부 ‘창대’에게 도움을 구하지만<br/>‘창대’는 죄인을 도울 수 없다며 단칼에 거절한다.<br/><br/>“내가 아는 지식과 너의 물고기 지식을 바꾸자\"\"<br/>‘창대’가 혼자 글 공부를 하며 어려움을 겪고 있다는 것을 알게 된 ‘정약전’은 <br/>서로의 지식을 거래하자고 제안하고<br/>거래라는 말에 ‘창대’는 못 이기는 척 받아들인다.<br/>둘은 티격태격하면서도 점차 서로의 스승이자 벗이 되어 간다.<br/><br/>\"\"너 공부해서 출세하고 싶지?\"\"<br/>그러던 중 \'창대\'가 출세하기 위해 공부에 매진했다는 사실을 알게 된 \'정약전\'은 크게 실망한다.<br/>‘창대’ 역시 \'정약전\'과는 길이 다르다는 것을 깨닫고<br/>\'정약전\'의 곁을 떠나 세상 밖으로 나가고자 결심하는데...\"\r'),(189119,'초미의 관심사',92,'드라마','15세 관람가',' 2020.05.27',80000000,309492681,'./data/poster/189119.png','가수 ‘블루로 활동하며 주가를 올리고 있는 ‘순덕’(김은영).<br/>어느 날 성격 차이로 별거(?) 중이었던 엄마(조민수)가 들이닥쳐 엄청난 소식을 전한다.<br/>막내가 엄마의 가겟세와 ‘순덕’의 비상금을 들고 튀었다는 것!<br/><br/>괘씸한 막내를 쫓기 위해 두 사람은 단 하루, 손을 잡기로 합의하고 도시를 누비기 시작한다.<br/>그러나 극과 극의 성격을 가진 두 사람은 사사건건 부딪히기 시작하고,<br/>추적 끝에 밝혀지는 막내의 비밀은 수상하기 짝이 없는데...<br/><br/>“가족은 다 같아야 하니?!”<br/>달라도 너무 다른 극과 극 모녀의 예측불허 추격전이 시작된다!\r'),(189120,'미드나이트',103,'스릴러','15세 관람가',' 2021.06.30',3000000,25000000,'./data/poster/189120.png','청각장애를 가진 \'경미\'는 귀가하던 길에 피를 흘리며 쓰러져 있는 \'소정\'을 목격하고,<br/>그녀를 도와주려다 연쇄살인마 \'도식\'의 새로운 타겟이 된다.<br/><br/>살고 싶다는 의지로 미친듯이 도망치는 \'경미\' 하지만 살인마의 발소리조차 들을 수 없고,<br/>\'도식\'은 또 다른 얼굴로 나타나 경미를 위협하는데...<br/><br/>한밤중, 서울 한복판에서 펼쳐지는 연쇄살인마와 그의 타겟이 된 \'경미\'의 멈출 수 없는 추격전!<br/>극강의 음소거 추격 스릴러가 온다!\r'),(189124,'미션 파서블',105,'코미디/액션','15세 관람가',' 2021.02.17',2238813,10000000,'./data/poster/189124.png','“돈 되니까” VS “국가를 위해”<br/>우린, 한다면 한다!<br/>입금만 되면 뭐든 가능해지는 흥신소 사장 ‘우수한’ 앞에<br/>어느 날 열정 충만 비밀 요원 ‘유다희’가 현금 천 만원과 함께 찾아 온다.<br/>무기 밀매 사건을 해결하자며, 대놓고 공조를 요청해 온 것!<br/><br/>티격태격 하는 말마다 태클,<br/>우당탕탕 하는 짓마다 사건!<br/>혼자일 때보다 둘일 때 더 눈에 띄는 두 사람.<br/>작전을 거듭해 갈수록 사건은 커져만 가고,<br/>형사들이 오해할만한 단서를 여기저기 흘리고 다녀 수배 목록에 오르기도 하지만<br/><br/>우수한X유다희,<br/>아찔한 이 공조를 멈출 수는 없다!\r'),(189137,'스텔라',98,'코미디/드라마','15세 관람가',' 2022.04.06',6000000,25792310,'./data/poster/189137.png','막다른 인생 제대로 한 번 달려본 적 없는 차량담보업계 에이스 ‘영배’(손호준). 보스 ‘서사장’(허성태)이 하룻밤 맡긴 슈퍼카가 절친 ‘동식’(이규형)과 함께 감쪽같이 사라지고 영배는 범인으로 몰려 서사장 일당에게 쫓기기 시작한다. 믿을 사람 하나 없고, 도망칠 곳도 없는 그의 앞에 나타난 건 바로 1987년식 오래된 자동차 ‘스텔라’.<br/><br/>최대 시속 50km, 남은 시간은 3시간…<br/>유일한 희망인 스텔라와 함께 보스의 슈퍼카를 반드시 찾아야만 한다!\r'),(189141,'삼진그룹 영어토익반',110,'드라마','12세 관람가',' 2020.10.21',7000000,60611975,'./data/poster/189141.png','입사 8년차 동기인 말단 여직원들이 ‘삼진그룹 영어토익반’에 모인다!<br/>실무 능력 퍼펙트, 현실은 커피 타기 달인인 생산관리3부 오지랖 ‘이자영’(고아성),<br/>추리소설 마니아로 뼈 때리는 멘트의 달인 마케팅부 돌직구 ‘정유나’(이솜),<br/>수학 올림피아드 우승 출신, 실체는 가짜 영수증 메꾸기 달인 회계부 수학왕 ‘심보람’(박혜수)은<br/>대리가 되면 진짜 ‘일’을 할 수 있을 것이라는 희망에 부푼다. <br/><br/>내부고발이라도 하게? 나서지 마. 우리만 다쳐<br/><br/>잔심부름을 하러 간 공장에서 검은 폐수가 유출되는 것을 목격한 ‘자영’은<br/>‘유나’, ‘보람’과 함께 회사가 무엇을 감추고자 하는지, 결정적 증거를 찾으려 한다.<br/>불가능해 보이는 싸움, 세 친구는 해고의 위험을 무릅쓰고 고군분투를 시작하는데… <br/><br/>아이 캔 두 잇, 유 캔 두 잇, 위 캔 두 잇! 회사와 맞짱 뜨는 용감한 세 친구!\r'),(189264,'오늘, 우리',104,'드라마','12세 관람가',' 2019.10.31',6000000,12000000,'./data/poster/189264.png','사랑도 헤어짐도 어려운 지은,<br/>날 위한 하루를 원하는 민정,<br/>평범한 삶을 위해 고군분투하는 수진,<br/>이해할 수 없는 상황에 놓인 혜리와 민영까지..<br/><br/>어제와 오늘, 그리고 내일을 살아가고 있는 우리들의 짧은 4가지 이야기\r'),(189373,'69세',100,'드라마','15세 관람가',' 2020.08.20',42000000,270248367,'./data/poster/189373.png','“인생 그렇게 쉽게 끝나지 않아…”<br/>69세 효정은 병원에서 치료를 받다가 29세의 남자 간호조무사에게 치욕적인 일을 당한다. 긴 고민 끝에 효정은 동거 중인 동인에게 이 사실을 알리고 경찰에 신고한다. 하지만 경찰과 주변 사람 모두 말도 안 되는 일이라며 효정을 치매 환자로 매도하고, 법원 역시 나이 차이를 근거로 사건의 개연성이 부족하다며 구속영장을 기각한다. 효정은 피해자가 더 고통 받는 현실에 굴하지 않고 용기를 내어 가해자를 향한 일갈을 준비하는데… 아직 살아있는 69세의 나를, 당신은 어떻게 보고 있습니까?\r'),(189438,'바람의 언덕',106,'드라마','전체 관람가',' 2020.04.23',28000000,504050219,'./data/poster/189438.png','엄마가 되는 것이 두려워 새 삶을 위해 떠났던 여자 \'영분\'은 다시 돌아온 고향 태백에서 오래 전 연이 끊겼던 딸 \'한희\'의 소식을 듣고 그녀를 찾아간다. 차마 엄마라고 말하지 못하는 \'영분\'과 엄마를 알아보지 못하는 \'한희\'. 각자 다른 곳을 바라보며 살던 두 사람은 서로의 인생이 스치듯 교차되는 바람의 언덕에서 비로소 마주 보게 되는데...\r'),(189440,'구르는 수레바퀴',130,'드라마','12세 관람가',' 2020.09.23',85000000,137298489,'./data/poster/189440.png','도법은 종단에서 존경받는 큰스님이자 여러 상좌를 둔 노승이다.<br/>맏상좌 혜진은 서울에 있는 큰절 주지스님이다. 어려서 부모로부터 버려져 도법의 손에서 자랐다. 불가의 계율을 따르기보다는 인연에 집착해 도법을 아버지라 여기며 맏상좌로 인정받길 원하지만 생과 연 이라는 이원적 고뇌가 혜진을 괴롭힌다.<br/>어느 날, 상좌스님들은 도법스님이 위중하다는 소식을 전해 듣고 산골 암자로 모이게 된다. 서로 각자의 문제를 안고 있는 이들이 오랜만에 노스승을 찾은 이유는 스승의 안위 문제가 아니라 무언가 본인에게 이득이 될 만한 분명한 목적이 있었기 때문이다. 하지만 이들이 맞닥뜨린 것은 과거 위엄으로 호령하던 큰스님이 아닌 치매와 중풍으로 병든 노인이었다.<br/>중생과 부처, 진제(眞際)와 속제(俗諦), 생과 사는 어느 순간 사라지고 스님들은 도법의 봉양 책임과 절 재산을 가지고 서로 다투게 된다.<br/>이 와중에 혜진은 그동안 자신을 괴롭혀 왔던 과거, 자신의 상(像)과 마주하게 되고 현재 자신의 모습이 되기까지에 과정을 되돌아보게 되는데...<br/><br/>Religion Today FilmFestival SIGNIS AWARD (2020)\r'),(189563,'우리를 갈라놓는 것들',100,'다큐멘터리','12세 관람가',' 2019.11.28',62000000,215887717,'./data/poster/189563.png','독립운동가, 빨치산, 투쟁가<br/>믿음과 신념을 가지고 하나를 꿈꿨던<br/>위대하고 찬란했던 여성들의 대서사시\r'),(189568,'웰컴 투 X-월드',81,'다큐멘터리','전체 관람가',' 2020.10.29',4000000,16491080,'./data/poster/189568.png','구로동 집에는 나, 엄마 그리고 친할아버지가 산다.<br/>12년 전 아빠가 돌아가신 후에도<br/>엄마는 시아버지를 모시고 산다.<br/>희생하는 엄마를 보고 자란 나는 결혼이 싫다\r'),(189569,'언더그라운드',97,'다큐멘터리','12세 관람가',' 2021.08.19',15000000,50000000,'./data/poster/189569.png','모두가 잰걸음으로 땅 위 삶을 향해 지하를 거쳐만 갈 때<br/>\'언더그라운드\'에는 이 반듯한 공간을 움직이는 사람들이 있다<br/><br/>오늘도 시끄럽게만 돌아가는 세상 아래<br/>지하에서의 삶은 어떠한지 그들에게 다가간다<br/><br/>도시를 지탱하는 지하의 노선도, 언더그라운드\r'),(189586,'당신의 사월',87,'다큐멘터리','전체 관람가',' 2021.04.01',3000000,17570324,'./data/poster/189586.png','쓰러져 가던 배를 바라보며 슬퍼하던 교사<br/>대통령을 만나러 온 유가족을 보며 말 한마디 못 건넨 카페 사장.<br/>유가족 곁을 지키며 버텨온 인권 활동가<br/>사고 해역에서 시신을 수습했던 기억에 힘들어하는 진도 어민<br/>수업 시간에 소식을 접하고 그저 뉴스를 바라본 학생.<br/><br/>시간이 흘렀지만 여전히 흉터처럼 남아 있는<br/>세월호 참사의 기억을 꺼내놓는다.<br/>당신과 나처럼…\r'),(189620,'비밀의 정원',110,'드라마','12세 관람가',' 2021.04.08',6788000,13878334,'./data/poster/189620.png','이사를 준비하며 행복한 미래를 꿈꾸는 정원과 상우 부부<br/>다정하고 든든한 이모와 이모부<br/>10년 전 비밀을 간직하고 있는 엄마와 동생<br/><br/>어느 날 걸려온 전화 한 통이 말하고 싶지 않았던 정원의 과거를 떠올리게 하고<br/>평화롭던 가족들의 일상에도 변화를 가져온다.\r'),(189621,'임신한 나무와 도깨비',115,'드라마/판타지','15세 관람가',' 2022.01.27',19000000,6682098,'./data/poster/189621.png','한 번 들어오면 빼도 박도 못하고 죽어야 나갈 수 있는 곳 ‘뺏벌’.<br/>그곳엔 누구보다 죽음을 많이 본 여자, 인순이 있다.<br/><br/>저승사자들은 뺏벌의 유령들을 데려가기 위한 이야기를 만들어내고<br/>인순은 그들에게 맞서기 위해 자신만의 이야기를 펼치기 시작한다.\r'),(189622,'루비',70,'드라마','12세 관람가',' 2020.07.30',18000000,75634409,'./data/poster/189622.png','꿈은 유익한 과학 프로그램의 메인 PD! 현실은 낮은 시청률로 폐지 압박!<br/>꿈은 멋진 어시스트, 미래의 스타 PD! 현실은 메인 PD의 꼭두각시 조연출!<br/>꿈은 정규직 방송 작가! 현실은 언제 잘릴지 모르는 불안한 계약직!<br/><br/>“대차게 개기고 깔끔하게 사라질까?”<br/>쓴맛 가득한 암담한 현실과 마주한 우리 청춘들의 흑백 드라마\r'),(189623,'남매의 여름밤',104,'드라마','전체 관람가',' 2020.08.20',14000000,27515786,'./data/poster/189623.png','방학 동안, 아빠와 함께 할아버지 집에서 지내게 된 남매 옥주와 동주,<br/>그렇게 오래된 2층 양옥집에서의 여름이 시작되고<br/>한동안 못 만났던 고모까지 합세하면서<br/>기억에 남을 온 가족의 이야기가 펼쳐진다.<br/><br/>제24회 토론토릴아시안국제영화제 오슬러 최우수 장편 영화상 (2020)<br/>제17회 홍콩아시안영화제 뉴탤런트상 (2020)<br/>제38회 이탈리아토리노영화제 최고 작품상 (2020)\r'),(189625,'종이꽃',103,'드라마','12세 관람가',' 2020.10.22',3500000,9482579,'./data/poster/189625.png','평생 ‘종이꽃’을 접으며 죽은 이들의 넋을 기려온 장의사 성길(안성기)은<br/>사고로 거동이 불편해져 삶에 대한 의지를 잃은 아들 지혁(김혜성)과<br/>녹록치 않은 형편 때문에 대규모 상조회사에서 새롭게 일을 시작하게 된다.<br/>그러던 어느 날, 앞집으로 이사 온 모녀 은숙(유진)과 노을(장재희)이<br/>불현듯 성길과 지혁의 삶에 끼어들게 되고, 밝고 거리낌 없는 모녀의 모습에<br/>두 사람은 점점 잊고 있던 희망을 다시 품게 되는데…<br/><br/>상처뿐인 세상에서 시작된 우리들의 이야기<br/>서로의 희망이 되어준 기적 같은 순간이 찾아옵니다.\r'),(189628,'젊은이의 양지',114,'드라마','15세 관람가',' 2020.10.28',30000000,29359216,'./data/poster/189628.png','채권추심 콜센터의 계약직 센터장 세연은 업무실적과 정규직 채용을 빌미로 자리를 위협받는다. 세연의 콜센터에서 현장 실습을 하게 된 19살의 준은 사진이라는 자신의 전공과는 너무나도 무관한 일에 적응하지 못한다. 그런 준에게 세연은 자신도 힘든 시절이 있었다며 꿈을 포기하는 게 아닌, 잠시 세상을 배우는 ‘인생실습’한다 생각하라고 조언한다.<br/>여느 날처럼 늦은 밤까지 독촉 전화를 하던 준은 얼떨결에 직접 카드 연체금을 받으러 가게 된다. 엄마 회사에 취직하면 안 되냐는 취준생 딸 미래와 다투고 있던 세연은 도저히 못 하겠다고 울먹이며 전화한 준에게 어떻게든 돈을 받아오라며 윽박지른다. 그리고 다시 걸려온 전화. “…연체자가 죽었어요”<br/>그날 밤, 유서를 남긴 채 사라진 준이 변사체로 발견된 후 세연에게는 준으로부터 사건의 단서가 담긴 메시지가 하나씩 도착하는데…<br/><br/>제 44회 홍콩국제영화제 글로벌비전 초청 (2020)<br/>제 27회 페비오 페스트- 프라하 국제영화제 부산 인 포커스와 엠네스티 어워드 경쟁 부문 초청 (2020)<br/>제 25회 일본 아이치 국제여성영화제 초청(2020)\r'),(189630,'집 이야기',92,'드라마','12세 관람가',' 2019.11.28',10000000,29392418,'./data/poster/189630.png','혼자 서울살이를 하고 있는 신문사 편집기자 은서는 <br/>살던 집의 계약이 끝나가고 정착할 마음에 드는 집을 찾지 못하자 <br/>아버지가 살고 있는 고향 집에 잠시 머물기로 한다. <br/>인천에서 24시간 출장 열쇠를 전문으로 하는 아버지 진철은 <br/>가족들이 떠나버린 집에서 혼자 살고 있다. <br/><br/>함께였던 \'우리 집\'을 떠나 각자의 \'집\'이 생겨버린 은서의 가족.<br/><br/>예상치 못하게 아버지와 단 둘이 지내게 된 은서는 <br/>고향 집에서 지내는 동안 잊고 있었던 가족의 흔적들을 마주하게 되고, <br/>평생 남의 집 닫힌 문만 열던 진철은 은서를 통해 <br/>자신의 가족들에게 조금씩 닫혔던 마음의 문을 열기 시작한다.\r'),(189631,'갱',94,'액션','15세 관람가',' 2020.01.16',40000000,176997168,'./data/poster/189631.png','교도소를 개조해 만든 국내 최악의 고등학교 ‘대훈고’<br/>그리고 그 곳에 온 강제전학생 최지훈.<br/>그의 목표는 단 하나, 이곳에서 ‘짱’이 되는 것!<br/>하지만 현실은 그리 만만치 않다.<br/>종소리가 울리면 매점 대신 지하실로 몰려가는 학생들.<br/>그 곳에는 매일 비밀리에 그들만의 배틀이 시작되고 있었는데…<br/>선생은 물론 학생들까지 싸움에 미쳐있는 곳.<br/>우승하는 자만이 ‘짱‘이 될 수 있는 곳.<br/>여기는 학교인가? 아니, 파이트 클럽이다!\r'),(189633,'야구소녀',105,'드라마','12세 관람가',' 2020.06.18',31000000,74151346,'./data/poster/189633.png','고교 야구팀의 유일한 여자이자 최고구속 134km, 볼 회전력의 강점으로 ‘천재 야구소녀’라는 별명을 얻으며 주목받았던 야구선수 ‘주수인’(이주영). 고교 졸업 후 오로지 프로팀에 입단해 계속해서 야구를 하는 것이 꿈이지만 여자라는 이유로 제대로 된 평가도 기회도 잡지 못한다. 엄마, 친구, 감독까지 모두가 꿈을 포기하라고 할 때, 야구부에 새로운 코치 ‘진태’(이준혁)가 부임하고 수인에게도 큰 변화가 찾아오는데…<br/>“전 해보지도 않고 포기 안 해요”<br/>꿈을 향해 던지는 단 하나의 스트라이크<br/>주수인 파이팅!\r'),(189634,'에듀케이션',98,'드라마','12세 관람가',' 2020.11.26',4800000,3014000,'./data/poster/189634.png','사회복지학과 졸업을 앞두고 있는 ‘성희(문혜인)’는<br/>한국을 떠나 스페인에서의 새로운 삶을 꿈꾸고 있다.<br/>장애인 활동 보조 아르바이트는 필요한 자금을 모으기 위한 수단일 뿐,<br/>그저 남들처럼 덜 일하고, 더 받고 싶던 ‘성희’는<br/>하루의 대부분을 누워 생활하는 중증 장애인의 집을 새롭게 배정받는다.<br/>일이 어렵지 않을 것이라 기대했던 것과 달리, 엄마를 홀로 돌보아오던 고등학생 ‘현목(김준형)은 사사건건 ‘성희’를 성가시게 하는데… <br/><br/>관심이 싫은 ‘성희’와 관심이 필요한 ‘현목’ 두 사람의 삐뚤빼뚤 서툰 관계가 시작된다!\r'),(190012,'구원',104,'스릴러','청소년 관람불가',' 2021.04.08',4000000,20045115,'./data/poster/190012.png','깊은 어둠이 드리워진 그곳… <br/>심장도 얼어붙을 만큼 추운 겨울, 밀양호에서 진숙의 시체가 발견된다.<br/>관할서 경찰들은 자살로 사건을 종결하려 하지만 서울에서 내려온 형사 최석재는 그녀의 죽음이 석연치 않다. 홀로 사건을 파고들던 석재는 늦은 밤 교통사고를 당하고, 낯선 기도원에서 눈을 뜬다. 그곳엔 구원을 바라는 사람들과 그들을 이끄는 원장 반효정이 있다.<br/><br/>감춰진 진실이 드러난다!!<br/>외부와의 접촉이 철저히 차단된 기도원에 갇힌 석재는 매일 밤 기이한 의식을 벌이는 그곳 사람들에 대한 의심이 커지던 중, 죽은 진숙도 신도였단 사실을 알게 된다. 그리고 마침내 찾아온 구원의 날. 충격적인 진실이 밝혀지는데…<br/><br/>2020 카도마영화제 해외영화 우수작품상 수상\r'),(190320,'보이스',109,'범죄/액션','15세 관람가',' 2021.09.15',4000000,13474588,'./data/poster/190320.png','부산 건설현장 직원들을 상대로 걸려온 전화 한 통.<br/>보이스피싱 전화로 인해 딸의 병원비부터 아파트 중도금까지,<br/>당일 현장에서는 수많은 사람들이 목숨 같은 돈을 잃게 된다.<br/><br/>현장작업반장인 전직형사 서준(변요한)은 가족과 동료들의 돈 30억을 되찾기 위해<br/>보이스피싱 조직을 추적하기 시작한다.<br/><br/>마침내 중국에 위치한 본거지 콜센터 잠입에 성공한 서준,<br/>개인정보확보, 기획실 대본입고, 인출책 섭외, 환전소 작업, 대규모 콜센터까지!<br/>체계적으로 조직화된 보이스피싱의 스케일에 놀라고,<br/>그곳에서 피해자들의 희망과 공포를 파고드는 목소리의 주인공이자 기획실 총책 곽프로(김무열)를 드디어 마주한다.<br/><br/>그리고 그가 300억 규모의 새로운 총력전을 기획하는 것을 알게 되는데..<br/><br/>상상이상으로 치밀하게 조직화된 보이스피싱의 실체!<br/>끝까지 쫓아 반드시 되찾는다!\r'),(190325,'극장판 미니특공대: 공룡왕 디노',73,'애니메이션','전체 관람가',' 2020.02.06',25000000,441286195,'./data/poster/190325.png','호기심 많은 소년 \'얀\'은 공룡왕 열쇠로 \'디노\'를 만나 비밀친구가 된다. <br/>그러던 중 우주악당 \'퀸\'이 지구를 위협하고 <br/>이에 \'미니특공대\'는 공룡왕 \'디노\'와 함께 역대급 대결을 펼치는데..!<br/><br/>과연, ‘미니특공대’와 공룡왕 ‘디노’는 지구를 지켜낼 수 있을까?!\r'),(190364,'디아스포라의 노래 : 아리랑로드',86,'다큐멘터리','전체 관람가',' 2019.12.12',25000000,6278139,'./data/poster/190364.png','하루 아침에 삶의 터전과 고국을 잃어버린 우리 민족,<br/>그들에게 위로와 희망, 자긍심을 전해준 것은<br/>바로 우리 민족의 노래 ‘아리랑’<br/><br/>고개 너머 떠난 이들이 부른 노래를 통해<br/>그들이 겪어야 했던 아픔과 고통을 마주하게 된다.<br/><br/>머나 먼 땅 우리 민족에게 전해진<br/>아리랑의 모습은 과연 어떤 모습일까?\r'),(190374,'앵커',111,'스릴러','15세 관람가',' 2022.04.20',35000000,182300000,'./data/poster/190374.png','생방송 5분 전, 방송국 간판 앵커 ‘세라’(천우희)에게<br/>자신이 살해될 것이라며 죽음을 예고하는 제보전화가 걸려온다.<br/>장난전화로 치부하기에는 찝찝한 마음을 감출 수 없는 ‘세라’.<br/>진짜 앵커가 될 기회라는 엄마 ‘소정’(이혜영)의 말에<br/>‘세라’는 제보자의 집으로 향하고 제보자인 ‘미소’와 그녀의 딸의 시체를 목격한다.<br/><br/>그날 이후, ‘세라’의 눈앞에 죽은 ‘미소’의 모습이 자꾸만 떠오르기 시작한다.<br/>사건 현장에서 미소의 주치의였던 정신과 의사 ‘인호’(신하균)를 마주하게 되며<br/>그에 대한 ‘세라’의 의심 또한 깊어지는데…<br/><br/>완벽했던 앵커를 뒤흔들 충격적인 진실을 확인하라!\r'),(190381,'내가 죽던 날',116,'드라마','12세 관람가',' 2020.11.12',40000000,24332324,'./data/poster/190381.png','태풍이 몰아치던 밤, 외딴섬 절벽 끝에서 유서 한 장만을 남긴 채 소녀가 사라진다. <br/>오랜 공백 이후 복직을 앞둔 형사 ‘현수’는 범죄 사건의 주요 증인이었던 소녀의 실종을 자살로 종결 짓기 위해 그곳으로 향한다. 소녀의 보호를 담당하던 전직 형사, 연락이 두절된 가족, 그리고 소녀를 마지막으로 목격한 마을 주민 ‘순천댁’을 만나 그녀의 행적을 추적해 나가던 \'현수\'는 소녀가 홀로 감내했을 고통에 가슴 아파한다. 수사가 진행될수록 자신의 모습과 닮아있는 소녀에게 점점 더 몰두하게 된 ‘현수’는 사건 이면에 감춰진 진실 앞에 한걸음 다가서게 되는데…\r'),(190382,'새해전야',114,'멜로/로맨스','12세 관람가',' 2021.02.10',1688000,2270000,'./data/poster/190382.png','강력반에서 좌천되어 신변보호 업무를 떠 맡게 된 이혼 4년 차 자.만.추 형사 ‘지호’(김강우)와<br/>이혼 소송 중 신변보호를 요청한 완벽주의 재활 트레이너 ‘효영’(유인나)<br/> <br/>현타와 함께 찾아온 번아웃에 아르헨티나로 도망친 현지 와인 배달원 ‘재헌’(유연석)과<br/>일방적인 남친의 이별통보에 무작정 아르헨티나로 떠난 스키장 비정규직 ‘진아’(이연희)<br/><br/>사기를 당해 결혼 자금 탈탈 털린 여행사 대표 ‘용찬’(이동휘)과<br/>결혼을 앞두고 한국지사로 발령받아 온 대륙의 예비 신부 ‘야오린’(천두링)<br/>그리고 하나뿐인 남동생 국제결혼에 심란한 동생 바라기 예비 시누이 ‘용미’(염혜란)<br/><br/>세상의 편견에 부딪혀 오랜 연인에게 미안한 패럴림픽 국가대표 ‘래환’(유태오)<br/>사랑 앞에 어떤 장애도 없다고 믿는 씩씩한 긍정퀸 원예사 ‘오월’(최수영)<br/><br/>새해까지 남은 시간 일주일<br/>한 뼘 더 행복해지고 싶은 네 커플의 두렵지만 설렘 가득한 이야기가 시작된다!\r'),(190400,'경관의 피',119,'범죄/드라마','15세 관람가',' 2022.01.05',14400000,34700291,'./data/poster/190400.png','출처불명의 막대한 후원금을 받고 고급 빌라, 명품 수트, 외제차를 타며 <br/>범죄자들을 수사해온 광역수사대 반장 강윤(조진웅)의 팀에 <br/>어느 날 뼛속까지 원칙주의자인 신입경찰 민재(최우식)가 투입된다. <br/><br/>강윤이 특별한 수사 방식을 오픈하며 점차 가까워진 두 사람이 <br/>함께 신종 마약 사건을 수사하던 중<br/>강윤은 민재가 자신의 뒤를 파는 두더지, 즉 언더커버 경찰임을 알게 되고 <br/>민재는 강윤을 둘러싼 숨겨진 경찰 조직의 비밀을 마주하게 되는데…\r'),(190455,'요요현상',92,'다큐멘터리','전체 관람가',' 2021.01.14',16000000,30857814,'./data/poster/190455.png','취미도 요요, 특기도 요요!<br/>요요로 한국을 주름잡던 다섯 명의 ‘요요소년’ 대열, 동훈, 현웅, 동건, 종기.<br/>요요를 잘하면 자랑이 되었던 어린 시절을 지나<br/>20대 후반이 된 그들에게 세상은 (살길을 찾는) ‘어른’이 되길 요구한다.<br/><br/>2011년 여름, 다섯 사람은 대학 졸업을 앞두고<br/>마지막으로 자신들이 꿈꿔온 무대에 도전하고 요요를 그만두기로 결심하는데…<br/><br/>요요길만 걷고 싶은 요요덕후들의 꿈과 현실에 대한 이야기!<br/>요요, 마음 편히 그만둘 수 있을까?<br/><br/>어디로 향하든 다시 돌아오게 돼 있어!<br/>꿈과 현실의 무한루프 <요요현상>\r'),(190458,'여름날',82,'드라마','전체 관람가',' 2020.08.20',75000000,335062621,'./data/poster/190458.png','\'승희\'(김유라)는 서울 생활을 정리하고 고향 거제도에 내려왔지만 남겨진 것은 엄마의 빈자리뿐이다. 의지할 곳 없이 마을을 서성이던 ‘승희’는 ‘거제 청년(김록경)’과 우연히 만난다. 그들은 평범한 일상 속에서 자신처럼 고립되어 있는 폐왕성에 도착하고, 그곳에서 누구나 언젠가 지나쳐야만 하는 유배된 시간과 만난다.\r'),(190573,'장마',57,'다큐멘터리','전체 관람가',' 2020.02.27',54000000,128769345,'./data/poster/190573.png','북한에서 북송(北送) 재일교포의 아들로 태어나 굶주림과 인권 탄압에 시달리다<br/>자유를 찾아 대한민국으로 탈북한 북송 재일교포 2세인 시민사회운동가 이은택의<br/>탈북과정과 탈북 스토리, 좌충우돌 대한민국 정착기, 북한 인권운동가에서<br/>시민사회운동가로 변신하기까지의 우여곡절을 담은 다큐멘터리이다.\r'),(190579,'개 같은 것들',99,'드라마/스릴러/미스터리/범죄/가족','청소년 관람불가',' 2020.12.17',18000000,74189677,'./data/poster/190579.png','하루가 멀다 하고 술에 취해<br/>딸 ‘시아’를 때리기 일쑤인 남자 ‘종구’<br/>그가 사는 마을에서 아동 성폭행 범죄가 연쇄적으로 벌어진다.<br/><br/>그러던 어느 날 ‘시아’가 실종되었다가 다시 찾았지만<br/>더 이상 접근조차 하지 못하게 하는 딸의 태도에<br/>자신이 용의자라는 소문과 의심이 퍼져 나간다.<br/><br/>인생 밑바닥에 떨어진 ‘종구’는<br/>딸을 향한 뒤늦은 후회를 하는데…\r'),(190584,'메피스토',78,'드라마/스릴러','15세 관람가',' 2020.09.10',27000000,13670688,'./data/poster/190584.png','일용직으로 생계를 유지하는 \'태석\'<br/>점점 늘어나는 사채빚을 감당하지 못하는 \'수연\'<br/>자꾸만 나쁜 길로 어긋나는 \'지연\'<br/><br/>벼랑끝에 몰린 세 사람을 찾아온<br/>거절할 수 없는 달콤한 속삭임<br/><br/>인생을 담보로 한 악마와의 계약!<br/>약속을 어기는 순간<br/>끝없는 저주가 펼쳐진다!\r'),(190598,'엄마 바람피게하기',61,'코미디/드라마','12세 관람가',' 2020.01.16',15000000,24769466,'./data/poster/190598.png','다른 여자와 바람을 피우는 걸로 모자라<br/>결혼식까지 몰래 올려버린 아빠.<br/>딸 ‘예리’는 이 사실을 안 엄마를 안타깝게 생각하고<br/>엄마도 아빠처럼, 새로운 남자와 자신의 생활을 즐기라 권유한다.<br/>하지만 지극히 정상적인(?) 엄마는 아빠와의 관계를 정리하지 못하고,<br/>적반하장 아빠는 자신을 놓아 달라며 떼를 쓰기 시작한다.<br/>예리는 그런 엄마를 바람을 피게 하기 위해<br/>‘엄마 남친 만들기 프로젝트’를 세우고<br/>엄마와 바람 피울 남자들의 면접을 시작하는데..\r'),(190979,'월성',83,'다큐멘터리','전체 관람가',' 2019.12.12',55000000,677945399,'./data/poster/190979.png','원자력발전소, 폐기물처리장, 처리관리시설이 모여있는 원자력 종합세트 ‘월성’은 전국의 51%, 대한민국에서 절반 이상의 고준위핵폐기물을 떠안고 있다. 원전에서 나오는 방사능으로 인해 갑상선암에 걸린 황분희 할머니와 주민들은 오늘도 정부 당국에게 이주대책 마련을 요구하며 시위를 벌이고 있지만 아무런 응답이 없다. 원전 30년의 방사능 피폭도 억울한데 5천만 국민들의 전기 복지를 위해 핵폐기물 속에서 살아야만 하는 운명에서 황분희 할머니와 원전 주변 갑상선암 환자 618명은 원전사업자인 한수원을 상대로 갑상선암이 원전 방사능 때문임을 주장하는 공동소송을 시작한다. 손주들만은 우리 같은 피해자가 되지 않기를, 원전 옆에 살아가는 고통은 우리 세대에서 그만 끝내기 위해 마침내 나서야만 한다!\r'),(190991,'이상한 나라의 수학자',117,'드라마','12세 관람가',' 2022.03.09',3000000,20966644,'./data/poster/190991.png','학문의 자유를 갈망하며 탈북한 천재 수학자 \'이학성’(최민식).<br/>그는 자신의 신분과 사연을 숨긴 채<br/>상위 1%의 영재들이 모인 자사고의 경비원으로 살아간다.<br/><br/>차갑고 무뚝뚝한 표정으로 학생들의 기피 대상 1호인 ‘이학성’은<br/>어느 날 자신의 정체를 알게 된 뒤 수학을 가르쳐 달라 조르는<br/>수학을 포기한 고등학생 ‘한지우’(김동휘)를 만난다.<br/><br/>정답만을 찾는 세상에서 방황하던 ‘한지우’에게<br/>올바른 풀이 과정을 찾아나가는 법을 가르치며<br/>‘이학성’ 역시 뜻하지 않은 삶의 전환점을 맞게 된다.\r'),(191267,'관계의 가나다에 있는 우리는',100,'드라마','전체 관람가',' 2021.01.28',645180,14743391,'./data/poster/191267.png','언제나 잔고 제로인 미생 ‘민규’.<br/>어린 시절 캐나다로 피겨 유학을 떠났다가 은퇴를 하고 돌아온 ‘한나’.<br/>친생부모를 찾아 한국으로 온 프랑스 입양인 ‘주희’.<br/><br/>전혀 연관성이 없는 세 청춘에게<br/>냉혹하게만 보이는 한국 사회 속에서<br/>꿈을 위해 노력하는 청춘의 첫 설렘을 마주하다\r'),(191430,'자백',105,'범죄/스릴러','15세 관람가',' 2022.10.26',1746964,2181987,'./data/poster/191430.png','불륜 사실을 폭로하겠다는 협박을 받고 향한 호텔에서 의문의 습격을 당한 유민호(소지섭).<br/>정신을 차려보니 함께 있던 김세희(나나)는 죽어있고, 범인은 흔적도 없이 사라졌다.<br/><br/>하루아침에 성공한 사업가에서 밀실 살인 사건의 유일한 용의자로 누명을 쓴 유민호는 <br/>무죄를 입증하기 위해 승률 100%의 변호사 양신애(김윤진)를 찾는다.<br/><br/>눈 내리는 깊은 산속의 별장에서 마주한 두 사람,<br/>양신애는 완벽한 진술을 위해 처음부터 사건을 재구성해야 한다고 말하고, <br/>사건의 조각들이 맞춰지며 유민호가 감추고 있던 또 다른 사건이 모습을 드러내게 되는데…<br/><br/>두 개의 사건, 두 개의 시신<br/>숨겨진 진실이 밝혀진다.\r'),(191652,'나의 촛불',87,'다큐멘터리','전체 관람가',' 2022.02.10',40000000,215862692,'./data/poster/191652.png','\"부정부패와 국정농단으로 국민들을 우롱했던 날들.<br/>대한민국의 1,600만명이 한 목소리로 세상을 바꿨던 그때를 기억합니다.<br/><br/>전세계가 주목한 가장 위대했던 그때의 뒷 이야기들을<br/>김의성, 주진우가 고영태, 김성태, 박영석, 손석희, 심상정, 유시민, 윤석열, 추미애,<br/>그리고 촛불 시민들과 함께 모두 풀어냅니다.<br/><br/>\"\"모두가 불가능 할 것이라 했던 변화를 이끈 건 광화문에서 밝힌 국민들의 촛불이었다”\"\r'),(191657,'리멤버',128,'드라마','15세 관람가',' 2022.10.26',6000000,102308889,'./data/poster/191657.png','뇌종양 말기, 80대 알츠하이머 환자인 한필주. 일제강점기 때 친일파들에게 가족을 모두 잃었다.<br/>아내가 세상을 떠나자 필주는 60여 년을 계획해 온 복수를 감행하려고 한다.<br/>그는 알바 중인 패밀리 레스토랑에서 절친이 된 20대 알바생 인규에게<br/>일주일만 운전을 도와 달라 부탁한다.<br/><br/>“원래 이런 사람이었어요? 정체가 뭐예요 도대체?! 같이 접시 닦던 사람 맞아요?”<br/><br/>이유도 모른 채 필주를 따라나선 인규는 첫 복수 현장의 CCTV에 노출되어 유력 용의자로 지목된다.<br/>경찰은 수사망을 좁혀오고 사라져가는 기억과 싸우며 필주는 복수를 이어가는데…<br/><br/>60년의 계획, 복수를 위한 위험한 동행이 시작된다!\r'),(192150,'모가디슈',121,'액션/드라마','15세 관람가','2021.07.28',25000000,22611954,'./data/poster/192150.png','내전으로 고립된 낯선 도시, 모가디슈<br/>지금부터 우리의 목표는 오로지 생존이다!<br/><br/>대한민국이 UN가입을 위해 동분서주하던 시기 <br/>1991년 소말리아의 수도 모가디슈에서는 일촉즉발의 내전이 일어난다.<br/>통신마저 끊긴 그 곳에 고립된 대한민국 대사관의 직원과 가족들은<br/>총알과 포탄이 빗발치는 가운데, 살아남기 위해 하루하루를 버텨낸다.<br/>그러던 어느 날 밤, 북한 대사관의 일행들이 도움을 요청하며 문을 두드리는데…<br/><br/>목표는 하나, 모가디슈에서 탈출해야 한다!\r'),(192151,'외계+인 1부',142,'액션/판타지/SF','12세 관람가',' 2022.07.20',12000000,89800000,'./data/poster/192151.png','2022년 현재, ‘가드’(김우빈)’와 ‘썬더’는 인간의 몸에 가두어진 외계인 죄수를 관리하며 지구에 살고 있다.<br/>어느 날, 서울 상공에 우주선이 나타나고<br/>형사 ‘문도석’(소지섭)은 기이한 광경을 목격하게 되는데..<br/><br/>한편, 630년 전 고려에선 얼치기 도사 ‘무륵’(류준열)과 천둥 쏘는 처자 ‘이안’(김태리)이<br/>엄청난 현상금이 걸린 신검을 차지하기 위해 서로를 속고 속이는 가운데<br/>신검의 비밀을 찾는 두 신선 ‘흑설’(염정아)과 ‘청운’(조우진),<br/>가면 속의 ‘자장’(김의성)도 신검 쟁탈전에 나선다.<br/>그리고 우주선이 깊은 계곡에서 빛을 내며 떠오르는데…<br/><br/>2022년 인간 속에 수감된 외계인 죄수를 쫓는 이들<br/>1391년 고려 말 소문 속의 신검을 차지하려는 도사들<br/><br/>시간의 문이 열리고<br/>모든 것이 바뀌기 시작했다!\r'),(192191,'도망친 여자',77,'드라마','청소년 관람불가',' 2020.09.17',25000000,48063435,'./data/poster/192191.png','남편이 출장을 간 사이 ‘감희’는 세 명의 친구를 만난다. 두 명은 그녀가 그들의 집들을 방문한 것이고, 세 번째 친구는 극장에서 우연히 만났다. 우정의 대화가 이어지는 동안, 언제나처럼, 바다 수면 위와 아래로 여러 물결들이 독립적으로 진행되고 있다.\r'),(192608,'범죄도시2',106,'범죄/액션','15세 관람가',' 2022.05.18',19000000,381109762,'./data/poster/192608.png','가리봉동 소탕작전 후 4년 뒤,<br/>금천서 강력반은 베트남으로 도주한 용의자를 인도받아 오라는 미션을 받는다.<br/><br/>괴물형사 ‘마석도’(마동석)와 ‘전일만’(최귀화) 반장은 현지 용의자에게서 수상함을 느끼고,<br/>그의 뒤에 무자비한 악행을 벌이는 ‘강해상’(손석구)이 있음을 알게 된다.<br/><br/>‘마석도’와 금천서 강력반은 한국과 베트남을 오가며<br/>역대급 범죄를 저지르는 ‘강해상’을 본격적으로 쫓기 시작하는데...<br/><br/>나쁜 놈들 잡는 데 국경 없다!<br/>통쾌하고 화끈한 범죄 소탕 작전이 다시 펼쳐진다!\r'),(192609,'화이트데이: 부서진 결계',90,'공포','15세 관람가',' 2021.10.06',28000000,16900000,'./data/poster/192609.png','어둠이 깃든 땅을 학생들의 맑은 기운으로<br/>봉인한 연두고등학교.<br/><br/>최근의 원인을 알 수 없는 사건이 연속되는 가운데<br/>오늘 희민이라는 아이가 전학 왔다.<br/><br/>본인의 운명이 뒤바뀔 것이라는 사실은 모른 채…<br/><br/>결계가 깨진 그날 밤, 마침내 그가 각성한다!\r'),(192620,'비와 당신의 이야기',117,'드라마/멜로/로맨스','전체 관람가',' 2021.04.28',375000,1000000,'./data/poster/192620.png','\"“이건 기다림에 관한 이야기다\"\" <br/>뚜렷한 꿈도 목표도 없이 지루한 삼수 생활을 이어가던 ‘영호\'(강하늘),<br/>오랫동안 간직해온 기억 속 친구를 떠올리고 무작정 편지를 보낸다.<br/> <br/>자신의 꿈은 찾지 못한 채 엄마와 함께 오래된 책방을 운영하는 ‘소희\'(천우희)는<br/>언니 ‘소연’에게 도착한 ‘영호\'의 편지를 받게 된다.<br/> <br/>“몇 가지 규칙만 지켜줬으면 좋겠어.<br/>질문하지 않기, 만나자고 하기 없기 그리고 찾아오지 않기.”<br/> <br/>‘소희\'는 아픈 언니를 대신해 답장을 보내고 두 사람은 편지를 이어나간다.<br/>우연히 시작된 편지는 무채색이던 두 사람의 일상을 설렘과 기다림으로 물들이기 시작하고,<br/>‘영호\'는 12월 31일 비가 오면 만나자는 가능성이 낮은 제안을 하게 되는데...\"\r'),(193042,'축복의 집',79,'가족/드라마','12세 관람가',' 2022.02.24',105000000,121214377,'./data/poster/193042.png','아침에는 공장에서, 저녁에는 식당에서 일하는 해수는<br/>어느 날, 먼 동네의 의사에게 시체검안서를 발급받는다.<br/>그리고 병원과 집, 식당 등 여러 곳을 돌아다니며 온갖 서류 처리를 이어가는데...<br/><br/>불안한 표정에 말 한 마디 없는 해수의 수상한 계획,<br/>과연 무사히 마칠 수 있을까?\r'),(193043,'정말 먼 곳',115,'드라마','12세 관람가',' 2021.03.18',7000000,405000,'./data/poster/193043.png','자신만의 안식처를 찾은 진우,<br/>그에게 뜻하지 않은 방문자가 도착하며<br/>조용했던 날들이 흔들리기 시작한다.\r'),(193044,'바람아 안개를 걷어가다오',73,'드라마','12세 관람가',' 2021.10.28',27000000,21500000,'./data/poster/193044.png','엄마에게서 걸려온 전화를 받고<br/>군말 없이 집으로 내려온 아들은<br/>엄마가 들려주는 시시콜콜한 이야기와<br/>구슬픈 노래를 담담하게 듣는다.<br/><br/>엄마와 아들, 서로를 생각하는 애틋한 마음이<br/>바람이 되어 안개를 걷어갈 수 있을까?<br/><br/>때로는 지긋하고 때로는 애틋한 엄마와 아들,<br/>우리 시대 가족 이야기를 만난다\r'),(193054,'시,나리오',91,'멜로/로맨스','15세 관람가',' 2020.07.02',38000000,28921264,'./data/poster/193054.png','9년째 영화를 만들지 않고 있는 영화감독 ‘경태’(오태경)는<br/>4년 반 동거한 ‘다운’(신소율)과 헤어진 후에도 미련을 떨치지 못한 채 돌연 시 쓰기에 전념하고 있다.<br/>그녀를 다시 만나면 시가 쓰일까…? 무작정 ‘다운’의 집 앞을 찾아가 텐트를 친 ‘경태’,<br/>그의 대책 없는 행동에 어이란 어이는 다 없는 ‘다운’.<br/>철저히 무시하려고 했지만 ‘경태’는 오히려 태연하게 텐트에서 라면도 끓이고 커피도 마시며<br/>‘다운’의 주변을 떠나지 않는다.<br/><br/>이런 상황에서 ‘다운’에게 호감 있는 인디가수 ‘율’(허규), ‘다운’의 친구 ‘해림’(한은선)까지 찾아오며<br/>‘다운’과 ‘경태’의 관계는 이미 끝난 줄 알았지만 점점 꼬여만 가는데…<br/><br/>그토록 오래 함께였던 우리, 어쩌다 이렇게 되었을까?\r'),(193092,'저 산 너머',112,'드라마','12세 관람가',' 2020.04.30',80000000,159212469,'./data/poster/193092.png','1928년 일제강점기, 세상에서 가장 사랑하는 엄마와 아픈 아버지를 위해 신부보다 인삼장수가 되고 싶은 7살 소년 수환은 자신의 마음밭에 심어진 믿음의 씨앗을 키워가며 저 산 너머에 있을 고향을 찾아간다.\r'),(193116,'나의 이름',110,'멜로/로맨스/드라마','12세 관람가',' 2020.10.14',7000000,116700000,'./data/poster/193116.png','미술관장인 엄마의 성화에 자신의 작품 전시를 준비하던 ‘리애’.<br/>하지만 그녀는 부족한 그림 실력에 좌절감만 쌓여간다.<br/><br/>어느 날 우연히 길에서 그림을 팔고 있던 <br/>아마추어 화가 ‘철우’을 발견하고 그에게 위험한 제안을 하게되는데..<br/><br/>모든 것을 돈으로 해결하려는 듯한 ‘리애’의 태도가 맘에들지 않은 ‘철우’ <br/>하지만 그림을 하나씩 완성할수록 점점 ‘리애’에 대한 마음도 커져간다.<br/><br/>하지만 두사람 사이의 비밀이 하나둘씩 밝혀지며<br/>피할수 없는 운명의 소용돌이에 빠지게 되는데…\r'),(193136,'들리나요?',80,'다큐멘터리','전체 관람가',' 2020.06.10',28000000,33139618,'./data/poster/193136.png','유튜브 누적 8천만 뷰<br/>매해 평균 500회, 2,000시간 이상<br/>지난 19년간 7,000회가 넘는 강연<br/><br/>수많은 이들에게 위로와 울림 전해온<br/>대한민국 대표 소통전문가 김창옥.<br/>청각 장애인 아버지와의 화해와 치유의 여정,<br/>그리고 ‘진짜 김창옥’을 찾아가는 그의 인생로드무비\r'),(193185,'낮손님',91,'미스터리/코미디/멜로/로맨스','청소년 관람불가',' 2020.04.15',11500000,23237911,'./data/poster/193185.png','어머니로부터 모텔을 물려받은 경숙. <br/>그 묘한 분위기의 모텔에는 금요일 오후 두 시만 되면 <br/>어김없이 두 남자가 경쟁하듯 503호만을 찾는다.<br/>중년 남 ‘수민’과 또 다른 남자 ‘배관공’이 그 주인공. <br/>중후함을 풍기는 ‘수민’에게 관심이 가는 경숙은 <br/>그가 왜 같은 시간에 혼자서 같은 룸만 찾는지 궁금해진다. <br/>호기심을 못이긴 그녀는 마침내 503호에 CCTV를 설치하는데…\r'),(193194,'도굴',114,'범죄','12세 관람가',' 2020.11.04',13000000,7820688,'./data/poster/193194.png','흙 맛만 봐도 보물을 찾아내는 타고난 천재 도굴꾼 강동구(이제훈).<br/>자칭 한국의 \'인디아나 존스\'로 불리는 고분벽화 도굴 전문가 존스 박사(조우진), 전설의 삽질 달인 삽다리(임원희)를 만나 환상(?)의 팀플레이를 자랑하며 위험천만하고도 짜릿한 도굴의 판을 키운다.<br/><br/>한편, 그의 재능을 알아본 고미술계 엘리트 큐레이터 윤실장(신혜선)은<br/>강동구에게 매력적이면서도 위험한 거래를 제안하는데...!<br/><br/>황영사 금동불상, 고구려 고분벽화 그리고 서울 강남 한복판 선릉까지!<br/>팔수록 판이 커지는 도굴의 세계!<br/><br/>급이 다른 삽질이 시작된다!\r'),(193214,'서치 아웃',92,'스릴러','15세 관람가',' 2020.04.15',4000000,16675000,'./data/poster/193214.png','경찰 준비생 ‘성민’(이시언)과 취준생 ‘준혁’(김성철)은<br/>같은 고시원에 살던 소녀의 자살 사건에 의혹을 품게 되고,<br/>흥신소 해커 ‘누리’(허가윤)와 SNS 계정을 추적하게 된다. <br/><br/>의협심에 시작한 수사가 걷잡을 수 없는 결과를 초래하고,<br/>‘준혁’, ‘성민’, ‘누리’ 세 사람도 SNS 범죄의 표적이 되고 마는데…!\r'),(193324,'리미트',87,'범죄/스릴러','15세 관람가',' 2022.08.31',46000000,150000000,'./data/poster/193324.png','아동 연쇄 유괴사건 발생으로 수사를 위해<br/>피해자 엄마 대역을 맡게 된 경찰 ‘소은’(이정현)<br/><br/>사건의 실마리가 잡히지 않아 수사에 난항을 겪고 있는 도중<br/>‘소은’은 누군가로부터 의문의 전화 한 통을 받는다.<br/><br/>그리고, 수화기 너머 들려오는 익숙한 목소리<br/>범인은 대역이 아닌 ‘소은’과의 협상을 요구하는데…<br/><br/>유괴사건의 골든타임 48시간<br/>타깃이 된 그녀의 강렬한 추격이 시작된다!\r'),(193327,'빛나는 순간',95,'드라마','12세 관람가',' 2021.06.30',67000000,47267001,'./data/poster/193327.png','‘바다에서 숨 오래 참기’로 기네스북에 오른 제주 해녀 진옥(고두심)<br/>성질도, 물질도 제주에서 그를 이길 사람이 없다.<br/>진옥을 취재하기 위해 서울에서 내려온 다큐멘터리 PD 경훈(지현우)<br/>하지만 진옥의 반응은 냉담하다.<br/>경훈은 진옥의 마음을 열기 위해 그의 주위를 맴돌기 시작하고,<br/>진옥은 바다에 빠진 경훈의 목숨을 구해준 이후<br/>자신과 같은 상처를 가졌음을 알고 경훈에게 마음을 연다.<br/>제주 그리고 해녀의 삶에 깊숙이 들어가게 된 경훈<br/>그런 경훈을 통해 진옥은 생전 처음 느껴보는 감정들을 마주하기 시작하는데…<br/>당신을 만나고 비로소 알게 된,<br/>나의 가장 빛나는 순간\r'),(193328,'세자매',115,'드라마','15세 관람가',' 2021.01.27',2777000,33754967,'./data/poster/193328.png','“언니가 늘 기도하는거 알지?”<br/>완벽한 척하는 가식덩어리 둘째 ‘미연’(문소리)<br/><br/>“내가 미안하다”<br/>괜찮은 척하는 소심덩어리 첫째 ‘희숙’(김선영)<br/><br/>“나는 쓰레기야”<br/>안 취한 척하는 골칫덩어리 셋째 ‘미옥’(장윤주)<br/><br/>각자 아무렇지 않은 척 살아가던 세 자매는 <br/>아버지 생일을 맞아 오랜만에 한 자리에 모이는데... <br/><br/>내 부모에게 진정한 사과를 받고 싶었던, <br/>문제적 자매들이 폭발한다!\r'),(193330,'나를 구하지 마세요',97,'드라마','12세 관람가',' 2020.09.10',26000000,206678440,'./data/poster/193330.png','아빠가 떠난 후 <br/>도망치듯 엄마(양소민)와 함께 아무도 모르는 곳으로 이사 온 열두 살 소녀 선유(조서연)<br/>또래보다 일찍 철들어버린 선유는 엄마마저 자신을 떠날까 불안함이 앞선다.<br/><br/>전학 첫날, 말썽쟁이 정국(최로운)이는 눈치도 없이 선유 곁을 맴돌고<br/>선유는 명랑한 정국의 모습에 조금씩 웃음을 되찾아 가는데… <br/><br/>“우리 아이스크림 먹으러 가자!”<br/>정국의 한 마디는 선유를 구할 수 있을까?\r'),(193331,'내언니전지현과 나',86,'다큐멘터리','12세 관람가',' 2020.12.03',22000000,10696210,'./data/poster/193331.png','과거 국내 최대 이용자 수를 자랑했던 클래식 RPG 게임 \'일랜시아\'<br/>현재는 운영진에 버림받은 대한민국 대표 망겜!<br/><br/>감독은 매크로와 해킹이 난무하는 무법천지 게임 세계에<br/>여전히 남아있는 유저들에게 질문을 던진다.<br/><br/>“일랜시아 왜 하세요?”\r'),(193801,'범털',108,'범죄/드라마','15세 관람가',' 2020.05.14',35000000,411348924,'./data/poster/193801.png','우발적 폭력 사건에 휘말려 억울하게 수감된 ‘만희’는 <br/>교도소의 범털이 기거하는 폭력방에 입소되어,<br/>왈왈이, 사형수, 벌구, 꼬마, 개털과 함께 한솥밥을 먹게 된다.<br/><br/>한편, 반대파 메이커 건달 두목인 ‘태수’가 같은 사동으로 입소하게 되면서,<br/>범털에게 불만을 품은 봉천동파 부두목 조.밥과 용주골 갈치, 가리봉동파 와꾸, 도끼, <br/>패거리들이 모여들고, 재소자 목욕탕에서 샤워 중인 범털을 기습해온다.<br/><br/>위기를 제압한 범털은 태수와 한 편인 보안과장이 출동시킨 타격대에 의해 구금당할 위험에 처하고, 이때 숨겨놓은 칼을 찾아든 사형수로 인해 일촉즉발의 사태로 번지게 되는데…<br/><br/>가진 자와 못 가진 자의 목숨을 건 마지막 승부가 펼쳐진다!\r'),(193839,'유령선',48,'다큐멘터리','12세 관람가',' 2020.04.15',75000000,816969268,'./data/poster/193839.png','정부가 내놓은 2014년 4월 16일 세월호 침몰의 진실을 감추기 위해 무려 1천 척의 선박, 16만개의 AIS 데이터가 조작되었다. 이것을 기획한 자들은 누구이며, 그들은 왜 유령선을 만들었는가! 우리는 집요하게 질문해야 한다. 그날 이후, 아직 아무 것도 밝혀지지 않았기 때문이다. 천 개의 거짓말로 이루어진 정부 AIS 데이터. 이제 대한민국 검찰이 답할 차례다.\r'),(193963,'엄마와 나',90,'다큐멘터리','전체 관람가',' 2022.04.14',12000000,68706993,'./data/poster/193963.png','입양으로 헤어졌던 엄마와 아들이 40년 만에 함께 살기로 했다. <br/>엄마가 죽음을 앞두고 있기 때문이다. <br/>타고난 외모와 성격은 완전히 빼다 박았지만, 그 밖의 모든 것들은 완전히 딴판이다. <br/>사실 그들은 서로에게 외국인이기 때문이다.<br/>하지만, 헤어져 살아야 했던 과거의 시간을 보상받고 싶은 마음에 어린 시절로 돌아가기도 하고, <br/>또 한편으로 각자의 가슴 속에 각인된 아픔 때문에 서로에 대한 원망도 커져간다. <br/>두 사람 사이에 앞으로 시간이 얼마나 남아있는지는 알 수가 없다. <br/>서로 곁에 있는 동안에 해야 할 일들이 많다.\r'),(193976,'깡패와 소녀',77,'드라마','15세 관람가',' 2020.07.22',20000000,15340000,'./data/poster/193976.png','깡패출신 김창식, 모든걸 청산하고 평범한 삶을 살기 위해 가던 와중에 우연히 슬픈 소녀 김소희를 만나게 되면서...<br/>김창식, 자신의 일보다 소희가 처한 상황에 적극적으로 나설 수밖에 없는 이야기.\r'),(193990,'아홉 스님',72,'드라마','전체 관람가',' 2020.05.27',13000000,9789900,'./data/poster/193990.png','한국 불교 역사상 최초, 천막 동안거를 통해 정진하게 된 아홉 스님들.<br/>살을 에는 한겨울, 난방 기구 하나 없이 폐쇄된 천막에서<br/>7개의 엄격한 규칙과 함께 참선의 90일이 시작되고,<br/>단 한 벌의 옷과 하루 한 끼의 극한 수행을 버티면서도<br/>신음 소리 한 번 내지 않던 스님들에게 위기가 찾아오는데….\r'),(193992,'런 보이 런',100,'드라마','15세 관람가',' 2020.05.28',50000000,16478900,'./data/poster/193992.png','촉망받는 달리기 선수였던 ‘도원’은 불의의 사고로 부상을 당한 후 <br/>도망치듯 전학을 온 학교에서 어릴 적 함께 달리던 단짝 ‘진수’를 만난다.<br/>재회의 반가움도 잠시, 순수했던 과거와 다른 모습의 ‘진수’와 <br/>함께 하던 ‘도원’은 예상치 못한 사건에 휩쓸리게 되는데…<br/><br/>점점 나락으로 빠지는 상황을 벗어나 <br/>같은 꿈을 꾸던 미래를 맞이할 수 있을까?\r'),(194007,'불량한 가족',103,'드라마/코미디','12세 관람가',' 2020.07.09',25000000,377350553,'./data/poster/194007.png','바이올리니스트를 꿈꾸는 ‘유리’는<br/>자신을 은근히 따돌리는 친구들 사이에서 겉돌지만<br/>아빠를 실망시키지 않기 위해 견디려 애쓴다.<br/><br/>그러던 어느 날, 친구들의 계획으로<br/>한밤 중 폐가에 홀로 가게 된 ‘유리’는<br/>독특한 차림의 ‘다혜’를 만나 일탈을 시작하게 되고,<br/>‘다혜’의 특별한 패밀리를 만나 새로운 가족이 되는데…\r'),(194022,'간이역',101,'드라마','12세 관람가',' 2021.02.18',6000000,213954274,'./data/poster/194022.png','그녀의 마지막 사랑이 되고 싶은 남자 ‘승현’<br/>그의 마지막 기억이 되고 싶은 여자 ‘지아’<br/>서로의 마음을 확인하기도 전에 멀어진 두 사람.<br/><br/>7년 뒤, 고향으로 돌아온 \'지아\'는<br/>파티셰로서 성공한 승현을 마주하게 된다.<br/><br/>서로를 향한 오랜 마음을 비로소 움직인 두 사람은<br/>행복의 순간을 함께 나누며 다시 사랑에 빠지는데…<br/><br/>우리가 써 내려간 기억의 한 페이지,<br/>너에 대한 건 모든 걸 기억할게\r'),(194027,'얼굴없는 보스 : 못다한 이야기 감독판',99,'범죄/드라마','15세 관람가',' 2020.05.13',35000000,15000000,'./data/poster/194027.png','“건달은, 결국 건달일 뿐이야.”<br/>아버지의 뼈아픈 만류에도 불구하고<br/>건달의 세계로 들어서고 만 ‘상곤’은<br/>결국 ‘얼굴없는 보스’가 되기로 결심한다.<br/><br/>“도대체, 나 때문에 얼마나 많은 사람이 죽은 거냐…”<br/>‘상곤’의 선택은 결국 비극으로 치달으며<br/>주변을 온통 피로 물들이기 시작하는데…<br/><br/>“건달로 살면,<br/>결국 네가 책임 질 수 있는 범위를 벗어나게 될 거야.”<br/>뒤늦은 후회, 지옥을 벗어나려 발버둥 치는 ‘상곤’의 머릿속엔<br/>아버지의 마지막 충고가 맴돌기 시작한다.\r'),(194074,'나는 나를 해고하지 않는다',111,'드라마','12세 관람가',' 2021.01.28',25000000,51702483,'./data/poster/194074.png','7년간 근무했던 회사에서 하청 업체로 파견 명령을 받은 정은,<br/>자신의 자리를 찾아보려 하지만 사람들은 그녀를 불편해하고, 현장 일은 낯설다.<br/>그러나 반드시 1년을 채워 원청으로 돌아가고 싶은 정은은<br/>‘막내’의 도움으로 점점 적응해가는데…<br/>1년의 파견, 살아남기 위해 치열하게 도약하다!<br/><br/>제38회 파지르국제영화제 Eastern Vista 여우주연상\r'),(194081,'홈리스',83,'드라마/가족','12세 관람가',' 2022.09.15',116000000,178127760,'./data/poster/194081.png','이사를 앞둔 어린 부부 ‘한결’과 ‘고운’,<br/>하지만 설렘도 잠시, 보증금 사기를 당한 것을 알게 된다.<br/>갈 곳이 없어 막막해진 ‘한결’은 ‘고운’을 데리고 어떤 집으로 향한다.\r'),(194082,'생각의 여름',82,'드라마','12세 관람가',' 2021.08.12',49000000,352927224,'./data/poster/194082.png','뒹굴뒹굴 무기력증에 빠진 시인 지망생 ‘현실’.<br/>공모전에 내야할 마지막 시가 데굴데굴 산으로 가자,<br/>새로운 영감을 찾아 집을 나선다.<br/>시가 산으로 가면, 산으로 가는 게 답?<br/>‘현실’은 생각의 여름 속에서 집 나간 영감도 찾고, <br/>호구 잡힌 자신도 찾을 수 있을까?<br/><br/>남다른 현실의 한여름 기행이 시작된다!\r'),(194084,'빛과 철',107,'드라마','12세 관람가',' 2021.02.18',20000000,17900000,'./data/poster/194084.png','두 여자가 한 교통사고로 남편들을 잃었다.<br/>희주의 남편은 죽었고, 영남의 남편은 2년째 의식불명.<br/>2년 만에 고향에 돌아온 희주는 우연히 영남을 맞닥뜨리고,<br/>영남의 딸 은영은 희주의 주위를 의뭉스럽게 맴돈다.<br/><br/>하나의 사건, 각자의 이유, 조각난 진실···<br/>빛과 빛, 철과 철이 부딪치던 그날 밤의 비밀이 밝혀진다\r'),(194085,'더스트맨',92,'드라마','12세 관람가',' 2021.04.07',27000000,231976425,'./data/poster/194085.png','스스로 떠도는 삶을 선택한 태산이<br/>먼지 위에 그림을 그리며<br/>상처를 치유하고 삶의 희망을 찾아가게 된다<br/><br/>수북이 쌓인 먼지가 아름다운 작품이 되는 마법 같은 순간<br/>그리고 찾아오는 따뜻한 위로<br/>지금껏 본 적 없는 더스트 아트버스터가 온다!\r'),(194086,'담쟁이',99,'가족/드라마','15세 관람가',' 2020.10.28',22000000,321365567,'./data/poster/194086.png','누구보다 행복한 은수, 예원 커플은 갑작스러운 은수의 교통사고로 일상이 흔들리게 된다. 오래도록 재활을 해야 하는 은수는 예원에게 짐이 될 수 없어 이별을 말하지만 예원은 사랑하는 은수의 곁을 지킨다. 하지만 은수와 예원은 하나 둘 커져가는 현실의 벽을 마주하게 되는데…<br/><br/>절망적인 현실 앞에 사랑을 떠나보내려는 은수<br/>절망적인 현실 앞에서 사랑을 지키려는 예원<br/><br/>“우리 변하는 거 없지…”<br/>가장 아름다운 형태의 사랑이 찾아옵니다\r'),(194097,'갈매기',75,'드라마','15세 관람가',' 2021.07.28',12000000,30036000,'./data/poster/194097.png','잘못은 그 새끼가 했는데, 나한테 가만히 있으란다<br/>한강에 배 한 번 지나간 게 뭔 대수냐고 그란다<br/>젊은 사람 발목 잡아 좋을 게 뭐가 있냔다<br/>일평생 스스로를 챙겨본 적 없는 오복은<br/>가족도 세상도 외면한 자신을 위해 처음 펄떡인다<br/><br/>“이 사람 저 사람 죄다 눈치보면 나는 언제 챙겨?”<br/><br/>세상을 향한 엄마 ‘오복’의 날갯짓이 시작된다\r'),(194196,'한산: 용의 출현',129,'액션/드라마','12세 관람가',' 2022.07.27',11000000,119418501,'./data/poster/194196.png','1592년 4월, 조선은 임진왜란 발발 후 단 15일 만에 왜군에 한양을 빼앗기며 절체절명의 위기에 놓인다.<br/>조선을 단숨에 점령한 왜군은 명나라로 향하는 야망을 꿈꾸며 대규모 병역을 부산포로 집결시킨다.<br/><br/>한편, 이순신 장군은 연이은 전쟁의 패배와 선조마저 의주로 파천하며 수세에 몰린 상황에서도<br/>조선을 구하기 위해 전술을 고민하며 출전을 준비한다.<br/>하지만 앞선 전투에서 손상을 입은 거북선의 출정이 어려워지고,<br/>거북선의 도면마저 왜군의 첩보에 의해 도난 당하게 되는데…<br/><br/>왜군은 연승에 힘입어 그 우세로 한산도 앞바다로 향하고,<br/>이순신 장군은 조선의 운명을 가를 전투를 위해 필사의 전략을 준비한다.<br/><br/>1592년 여름, 음력 7월 8일 한산도 앞바다,<br/>압도적인 승리가 필요한 조선의 운명을 건 지상 최고의 해전이 펼쳐진다.\r'),(194204,'해적: 도깨비 깃발',125,'모험/액션/코미디','12세 관람가',' 2022.01.26',730000,8000000,'./data/poster/194204.png','자칭 고려 제일검인 의적단 두목 ‘무치’(강하늘)와<br/>바다를 평정한 해적선의 주인 ‘해랑’(한효주).<br/>한 배에서 운명을 함께하게 된 이들이지만<br/>산과 바다, 태생부터 상극으로 사사건건 부딪히며 바람 잘 날 없는 항해를 이어간다.<br/><br/>그러던 어느 날, 왜구선을 소탕하던 이들은<br/>흔적도 없이 사라진 왕실의 보물이 어딘가 숨겨져 있다는 사실을 알게 되고<br/>해적 인생에 다시없을 최대 규모의 보물을 찾아 위험천만한 모험에 나서기 시작한다.<br/><br/>하지만 사라진 보물을 노리는 건 이들뿐만이 아니었으니!<br/>원하는 것을 얻기 위해 수단과 방법을 가리지 않는 역적 ‘부흥수’(권상우) 또한<br/>보물을 차지하기 위해 바다에 뛰어드는데...!<br/><br/>해적과 의적, 그리고 역적<br/>사라진 보물! 찾는 자가 주인이다!\r'),(194205,'발신제한',94,'드라마/스릴러','15세 관람가',' 2021.06.23',2479000,28000000,'./data/poster/194205.png','은행센터장 성규(조우진)는 아이들을 차에 태우고 출발한 평범한 출근길에 <br/>한 통의 발신번호 표시제한 전화를 받는다. <br/>전화기 너머 의문의 목소리는 차에 폭탄이 설치되어 있고, <br/>자리에서 일어날 경우 폭탄이 터진다고 경고하는데…<br/><br/>의문의 전화를 보이스피싱이라고 대수롭지 않게 여기던 성규는 <br/>곧 회사 동료의 차가 같은 방식으로 폭파되는 것을 바로 눈 앞에서 목격하고, <br/>졸지에 부산 도심 테러의 용의자가 되어 경찰의 추격을 받게 된다.<br/><br/>내리면 폭탄이 터지는 절체절명의 순간, <br/>경찰의 추격 속 의문의 발신자와의 전화마저 끊을 수 없는 상황에 놓이게 되는데…!\r'),(194273,'머리카락',60,'다큐멘터리','전체 관람가',' 2020.12.10',12500000,12281551,'./data/poster/194273.png','조선시대에 칠흙같이 검고 풍성한 머리카락은 미인의 필수조건,<br/>반면 짧고 뻣뻣한 여성의 머리카락은 부정적이고 추함으로 묘사된다.<br/>1920년 신여성은 모단(毛斷)걸로 불리었다. 단발은 여성에게 기성체제를 향한 도전이었다.<br/><br/>2020년 지금도, 여성들은 머리카락을 자른다. ‘여성스럽다’라는 사회적 정의를 거부하는 움직임, 바로 탈코르셋 운동이다.<br/>타인의 시선으로부터 자유로울 권리를 되찾고 자신을 있는 그대로 바라보기 위해 노력한다.<br/>세상에는 다양한 여성들이 있다고 목소리를 내며 해방과 연대의 역사를 써내려가는 그들을 만나본다.\r'),(194289,'국도극장: 감독판',102,'드라마','12세 관람가',' 2020.05.29',3500000,27900000,'./data/poster/194289.png','만년 고시생 기태가 고향 벌교로 돌아왔다.<br/>사법고시가 폐지되어 고시생이라는 그 서글픈 타이틀마저 이제는 쓸 수 없게 되었다.<br/>유배지로 향하듯 돌아온 고향엔 그다지 반가운 사람도, 반겨주는 사람도 없다.<br/>생계를 위해 낡은 재개봉 영화관 ‘국도극장’에서 일을 시작하는 기태.<br/>간판장이 겸 극장 관리인 오 씨는 ‘급하시다 해서 잠깐 도와주러’ 왔다는 기태가 못마땅하다.<br/>우연히 만나게 된 동창생이자 가수 지망생 영은은 기태와 달리 24시간을 쪼개 쓰며 여러 일을 전전하고,<br/>밤낮없이 술에 취해 있는 오 씨는 기태의 말동무가 되어준다.<br/>자식들을 위해 몸 아픈 것도 돌보지 않는 엄마는 여전히 안쓰럽다.<br/>기태는 왠지 이 사람들과, 다시 돌아온 고향이 싫지만은 않다.<br/>괜찮아요. 나의 지금이 그리 영화 같진 않더라도.\r'),(194334,'부활: 그 증거',99,'다큐멘터리','전체 관람가',' 2020.10.08',1488423,184925486,'./data/poster/194334.png','모든 종교는 죽음 너머의 세상에 관심이 있지만<br/>종교를 가진 사람들조차<br/>죽음은 두려움과 공포의 대상이다.<br/><br/>이용규 교수, 배우 권오중, 이성혜는<br/>고통 때문에 다시 태어나지 않기를 소망하는 사람들과<br/>고통 속에서도 부활의 소망을 갖고 살았던 사람들의 흔적을 찾는다.<br/>인도 바라나시와 첸나이 그리고 이탈리아 로마에 있는 카타콤.<br/>산 자와 죽은 자들 사이에서 보고 듣는 삶과 죽음, 그리고 부활.<br/><br/>현대의 가장 큰 문제는 죽음이 죽어버렸다는 이어령 교수와 이들의 여정은<br/>마침내 말기 암 판정을 받은 후, 80차 항암치료를 하며<br/>부활의 증인이 된 한 사람(천정은)을 만나게 되는데...\r'),(194344,'소셜노마드',99,'다큐멘터리','전체 관람가',' 2020.08.01',46000000,100860818,'./data/poster/194344.png','비행기 조종사를 꿈꾸다, 질병으로 인해 포기해야만 했던 영민,<br/>대학 졸업을 앞두고, 꿈이 없어 방황하던 상묵.<br/><br/>이들이 만나, 꿈을 찾기 위한 프로젝트를 기획하게 된다.<br/><br/>각 나라의 기업을 방문하여, 다양한 문화와 가치를 공유하고, 동시에 버킷리스트를 이루자는 것!<br/>이름하여 소셜노마드 프로젝트!<br/><br/>그렇게 수 백 장의 제안서를 이곳 저곳으로 보내게 되는데..<br/>하지만 아무도 관심 주지 않는 현실…<br/><br/>여정을 떠나기엔 돈이 턱없이 부족했던 둘은, 고민 끝에 한 아이디어를 떠올리게 된다.<br/>필요한 영상을 제작해 주고 숙식을 제공받자는 것!<br/>바로 물. 물. 교. 환!<br/><br/>그렇게 전 세계의 기업들에게 다시 제안서를 보내게 되는데,<br/>그런데 이게 웬일? 하나둘씩 답장이 오는 것이 아닌가?<br/>그리하여 팀원 한 명을 더 구해, 첫 번째 나라인 네팔로 향하게 된다.<br/><br/>그러나 기쁨도 잠시, 예상치 못했던 큰 금액의 지출이 생기게 되고,<br/>역대급으로 강한 태풍이 그들을 기다리고 있었는데…<br/>심지어 기업과의 연락 두절로 인해 시작부터 대위기를 맞게 된다.<br/><br/>과연 소셜노마드는 ‘그들의 능력만으로’ 아시아를 거쳐 유럽 기업을 방문하고 버킷리스트인 <br/>로드트립의 꿈을 이룰 수 있을 것인가!?<br/><br/>낭만적이지 않은 듯 낭만적인 그들의 여정이 지금 시작된다!\r'),(194463,'아이',113,'드라마','15세 관람가',' 2021.02.10',1500000,7000000,'./data/poster/194463.png','누구보다 강한 생활력으로 하루하루 살아온 아동학과 졸업반의 보호종료아동 ‘아영’(김향기)<br/>돈이 필요했던 ‘아영’은 생후 6개월 된 아들 ‘혁’이를 홀로 키우는<br/>워킹맘이자 초보 엄마 ‘영채’(류현경)의 베이비시터가 된다.<br/><br/>조금 부족하지만 어떻게든 자신의 힘으로 ‘혁’이를 키우고자 하는 ‘영채’는<br/>자신보다 더 ‘혁’이를 살뜰히 돌보는 ‘아영’의 모습에 어느새 안정을 되찾고<br/>평범한 삶을 꿈꾸기 시작한다.<br/><br/>하지만 어느 날, ‘혁’이에게 사고가 난다.<br/>‘영채’는 모든 책임을 ‘아영’의 탓으로 돌리고,<br/>다시 ‘혁’이와 둘만 남게 된 ‘영채’는 고단한 현실에 어쩔 수 없는 선택을 하게 된다.<br/>이를 알게 된 ‘아영’은 ‘혁’이를 다시 ‘영채’의 품에 돌려놓기 위해 애를 쓰는데...<br/><br/>상처로 가득한 세상, 우리 같이 걸을 수 있을까?\r'),(194485,'태백권',107,'코미디/액션/드라마','15세 관람가',' 2020.08.20',6000000,12643776,'./data/poster/194485.png','대결을 앞두고 홀연히 자취를 감춘 사형 \'진수\'를 찾기 위해 속세로 내려온 태백권 전승자 \'성준\'. 우연히 운명의 그녀 \'보미\'를 만나 졸지에 가장이 되어 속세에 눌러앉게 된 성준은, 생계의 벽 앞에 평생 수련한 태백권은 무용지물일 뿐이라는 것을 깨닫고 재능을 살려(?) 지압원을 차리게 된다. <br/>그러나 이 또한 순탄치는 않다. 사채업자와 재개발 세력에 의해 지압원과 가족들이 위험에 처하자, 성준은 소중한 것들을 지키기 위해 다시 한 번 태백권을 연마하기 시작하는데...<br/><br/>지압사가 된 강호의 고수, 숨어있던 그의 본능이 폭발한다!\r'),(194660,'UFO 스케치',84,'다큐멘터리','전체 관람가',' 2021.03.04',11000000,104931801,'./data/poster/194660.png','한 번도 본 적 없는 UFO를 반평생 연구해온 <br/>자타공인 국내 UFO 전문가 맹성렬 교수와<br/>열정 가득 UFO 목격자들의 순수한 호기심 기행<br/><br/>내일은, 만날 수 있을까요?\r'),(194661,'테우리',85,'드라마','15세 관람가',' 2020.07.09',50000000,42277365,'./data/poster/194661.png','25년 전 어느 날 사라진 춘배의 편지가 사촌 동생 짱구에게 배달된다.<br/>편지 안에는 춘배의 연인이었던 복순과 또 다른 사람들에게 전해야 하는 편지들이 들어있다.<br/>짱구는 복순을 찾아 편지를 전하고 함께 장반장을 만난다.<br/>세 사람은 25년 전의 기억을 되짚어가다 결국 편지를 보낸 사람과 마주한다.<br/>그리고 그를 통해 얽힌 실타래가 풀리기 시작하는데…\r'),(194666,'십개월의 미래',96,'드라마','12세 관람가',' 2021.10.14',3000000,22182353,'./data/poster/194666.png','만성 숙취를 의심하던 미래는 자신이 임신 10주라는 사실을 알고 당황한다.<br/>아무 예고 없이 찾아온 변수 앞에서 갈팡질팡하는 사이,<br/>가족과 연인, 국가는 각기 다른 방향을 제시하고 미래의 십개월은 빠른 속도로 흘러간다.\r'),(194668,'보드랍게',73,'다큐멘터리','전체 관람가',' 2022.02.23',40000000,45916769,'./data/poster/194668.png','여든 두 해 순악 씨의 삶은 전쟁터였다.<br/>거칠고 모난 삶을 살아낸 왈패 김순악이<br/>자신에게 그리고 우리에게 <br/>보드라운 말 한마디를 건넨다.<br/><br/>“하이고, 참 애묵었다”<br/><br/>당신의 이야기도 꽃이 된다\r'),(194688,'광주비디오: 사라진 4시간',82,'다큐멘터리','12세 관람가',' 2020.07.16',1500000,418961,'./data/poster/194688.png','인생을 송두리째 뒤흔든 영화가 ‘광주비디오’인 사람들이 있다.<br/>그들은 80년 오월 광주를 담은 거대한 진실의 파도 앞에 인생의 항로를 바꿨다.<br/>이 ‘광주비디오’를 만들고 전파한 것도 그 파도에 몸을 실은 사람들이다.<br/>처음으로 공개되는 이들의 숨은 이야기와 5·18민주화운동 40주년,<br/>아직도 밝혀지지 않은 집단 발포 현장의 사라진 4시간에 대한 추적!<br/><br/>역사의 기록을 되감고 시대의 기억을 되새기는 시간을 만난다.\r'),(194886,'좀비크러쉬: 헤이리',119,'코미디/액션','15세 관람가',' 2021.06.30',400000,5028948,'./data/poster/194886.png','자고 일어나니 온 동네에 퍼진 좀비 바이러스! <br/>살아남기 위해 고군분투하는 진선(공민정), 현아(이민지), 가연(박소진) 삼총사는<br/>우연히 숨겨진 비리를 알게 되고 마을을 구하기 위해 용기를 내는데..  <br/><br/>무더위 통쾌하게 날려버릴 NEW 코믹 액션 어드벤처가 온다!\r'),(194887,'귀신',103,'코미디/공포','청소년 관람불가',' 2021.08.25',45000000,2154540,'./data/poster/194887.png','귀신이 출몰하기로 유명한 강원도 폐교회!<br/>초자연 미스터리 현상을 취재하는 방송국 제작진과 귀신을 쫓는 무당, 그리고 미스터리 체험단이 귀신의 실체를 밝히기 위해 찾는다. 그날 밤, 역시나 범상치 않은 기운에 기이한 경험을 하게 된다. 다음날 낮, 기겁한 이들 앞에 정체불명의 사람들이 하나 둘 나타나면서 밤보다 더 기이한 경험을 하게 되는데...<br/>나오라는 귀신은 안 나와도, 귀신보다 더 무서운 사건들이 득실대는 현실 공포를 경험하라!\r'),(194889,'이 안에 외계인이 있다',79,'코미디/SF','12세 관람가',' 2021.02.03',6000000,102272727,'./data/poster/194889.png','2021년 지구, 노란색 액체의 흔적과 함께 인류들이 사라진다.<br/>지하 벙커로 간신히 피신한 외계인 연구회 동호회 멤버들.<br/> <br/>그 와중에 멤버 중 한 명이<br/>규칙에서 벗어나는 기묘한 행동을 시작해 일대 혼란이 벌어지고,<br/>단 한 명의 아웃사이더를 찾기 위해 진격을 시작하는데…<br/><br/>침공에 살아남았다면 응답하라. 여기는 섹터56!<br/>우리는 함께 모여 문제를 해결해야 한다!\r'),(194907,'인천스텔라',108,'SF/가족/멜로/로맨스','12세 관람가',' 2021.03.25',14500000,147298761,'./data/poster/194907.png','27년 전, 우주로부터 도착한 정체불명의 구조신호.<br/>그 목소리는 자신이 있는 곳인 갬성(STARGAM)에 닿을 수 있는<br/>유일한 우주선 ‘인천스텔라’의 설계도를 남겼다.<br/><br/>27년 후, ASA(아시아항공우주국)는 이를 따라 ‘인천스텔라’ 프로젝트에 착수하게 되고,<br/>최고의 탐사대원 ‘기동’과 엔지니어 ‘승연’이 성공적인 임무 완수를 위해 우주선에 몸을 싣는다.<br/>한편, 지구에 남은 ‘규진’은 그들에게 닿을 수 있는 새로운 방법을 찾게 되는데…<br/><br/>바로 지금, 인류 역사상 가장 로맨틱한 우주 탐사가 시작된다!\r'),(194908,'헝거',67,'SF/드라마','12세 관람가',' 2022.04.21',1500000,626057,'./data/poster/194908.png','부유한 빌딩도시 속 삶은 여유롭다<br/>하지만 ‘유지’는 행복하지 않다<br/>가난한 이들이 산다는 하촌에 가면<br/>의미를 찾을 수 있을까?<br/>그러던 어느 날, ‘유지’의 권태로운 하루하루가 뒤집힌다<br/><br/>내가 아닌 내가 되고 싶던 성장통,<br/>그 아픈 순간의 이야기\r'),(194909,'고백',99,'드라마/범죄','15세 관람가',' 2021.02.24',65000000,89456761,'./data/poster/194909.png','국민 일인당 천원씩 일주일 안에 1억 원이 되지 않으면 유괴한 아이를 죽이겠다는 전대미문의 유괴사건이 일어난다.<br/>천원 유괴사건이 전국민적인 관심사로 떠오르는 사이,<br/>사회복지사인 ‘오순’이 돌봐주던 ‘보라’라는 아이의 아버지가 숨진 채 발견되고, 보라 역시 어디론가 사라졌다.<br/>사건을 조사하던 신입 경찰 ‘지원’은 보라 아버지는 물론 학대부모들의 불의를 참지 못했던 오순을 의심하는데…<br/>학대하는 부모, 구해주는 유괴범. 우리는 누구 편에 서야 하나요?\r'),(194910,'잔칫날',108,'드라마/가족','12세 관람가',' 2020.12.02',100000000,242295562,'./data/poster/194910.png','무명 MC 경만(하준)은 각종 행사 일을 하며 동생 경미(소주연)와 함께 오랫동안 병원에 입원해 있는 아버지를 간호 중이다. 하지만 갑자기 아버지가 세상을 떠나고, 경만은 슬퍼할 겨를도 없이 장례비용조차 없는 빡빡한 현실을 마주하게 된다. <br/>동생 몰래 장례식 비용을 마련하기 위해 지방으로 생신 축하연 행사를 간 경만은 남편을 잃은 후 웃음도 잃은 팔순의 어머니를 웃게 해달라는 일식(정인기)의 바람을 들어주기 위해 최선을 다해 재롱을 피운다. <br/>가장 울고 싶은 날 가장 최선을 다해 환한 웃음을 지어야 하는 경만은 팔순 잔치에서 예기치 못한 소동에 휘말리며 발이 묶이게 된다. 한편 홀로 장례식장을 지키는 경미는 상주인 오빠의 부재로 아무것도 결정하지 못하고 주변의 잔소리만 듣게 되는데…\r'),(195061,'이별식당',95,'뮤지컬/드라마/멜로/로맨스','12세 관람가',' 2020.08.27',55000000,18626419,'./data/poster/195061.png','갑작스럽게 카톡 이별을 당한 요리사 해진은 그리스 스코펠로스 섬으로 떠난다.<br/>여름 휴가 때 함께 오기로 약속했던 바로 그 섬이다.<br/>해진은 이곳에서 이별식당이라는 한식당을 개업하고 이별을 앞둔 커플들의 마지막 작별을 위해<br/>정성껏 음식을 만들어 이들을 위로한다.<br/>그러던 어느 날 그리스 소녀 일레니가 찾아오고...  그는 또다시 사랑에 빠진다.\r'),(195164,'간호중',79,'SF','15세 관람가',' 2021.12.02',4,29,'./data/poster/195164.png','요양병원에서 10년째 식물인간으로 누워있는 어머니와 그 시간 동안 지칠 대로 지친 보호자. 그 둘을 모두 보살피던 간병로봇은 자신의 돌봄 대상 중 누구를 살려야 할지 고뇌에 빠진다.\r'),(195178,'액션동자',99,'액션','전체 관람가',' 2022.05.05',36000000,12532777,'./data/poster/195178.png','동자승들일 기거하는 절에 들어가게 된다.<br/>소심함 성격에 전학 간 학교에서조차 또래들과 어울리지 못하고 동자승과도 제대로 어울리지 못하는 날들이 이어져 정법 스님에게 혼나는 날이 계속 이어진다.<br/>그러던 어느 날 절에 도둑이 들어 불상과 탱화를 훔쳐 달아나고, 이를 저지하기 위해 싸운 큰 스님까지 쓰러지게 된다. 유일하게 도둑들의 얼굴을 목격한 진구는 용기를 내어 정법, 가진, 돼지 스님과 함께 도둑을 잡기 위해 나서기로 결심한다.<br/>과연 진구와 동자승 팀은 도둑 맞은 유물을 되찾고 무사히 돌아올 수 있을까?\r'),(195622,'아홉수 로맨스',90,'멜로/로맨스','12세 관람가',' 2021.02.24',38000000,34416893,'./data/poster/195622.png','아역배우 출신 ‘서연’, 승무원 ‘희주’, 펀드매니저 ‘가희’, 어린이 극단장 ‘보영’. 29살 동갑내기 10년 지기 네 친구들은 모두 순탄치 않은 연애로 골치다.<br/>고구마 썸남, 헛바람 공시생 남친, 쿨병 파트너, 철부지 연하 남친, 4인 4색 바람 잘날 없는 아홉수 연애사…<br/><br/>스물의 아홉수, 청춘의 끝? 아니 새로운 시작! 너랑 안 만나면 좋은 일이 생길 거야!\r'),(195652,'마음 울적한 날엔',81,'드라마','12세 관람가',' 2020.09.24',30000000,53898845,'./data/poster/195652.png','새벽녘 카페 안, 무표정한 카페 사장 연우, 넉살 좋은 작가 성준, 젊은 감독 산수가<br/>희망 가득한 미래를 꿈꾸며 불투명한 이야기를 나눈다.<br/>안개 낀 어느 날, 숲속에서 우연히 만난 심희, 영노, 광철. 꿈일지도 모르는 하루를 보내며 각자의 꿈에 대해 묻는다.<br/>비 오는 어느 날, 은행에서 마주친 헤어진 연인 인규와 나연. 최악의 순간이지만 그녀에게 부탁을 해야만 한다.<br/><br/>평범한 하루를 살아가고 있는 청춘들이 전하는<br/>너무 가깝지도, 멀지도 않은 원마일 위로!\r'),(195659,'봉쇄수도원 카르투시오',96,'다큐멘터리','전체 관람가',' 2020.11.19',19000000,272742922,'./data/poster/195659.png','영화 <위대한 침묵>으로 1,000년 만에 세상에 처음 알려진 신비로운 카르투시오 봉쇄수도원.<br/>영화가 개봉했던 2005년 교황 바오로 2세의 뜻에 따라<br/>대한민국 경북 상주에 아시아 유일의 카르투시오 봉쇄수도원이 설립됐다.<br/><br/>그 후 15년, 한국, 프랑스, 독일, 스페인 등<br/>다양한 국적을 가진 11명 카르투시오 수사들의 삶이 처음으로 공개된다.<br/>아름다운 봄여름가을겨울 풍경 속에서 엄격한 카르투시오 헌장을 따라<br/>침묵과 고독, 스스로 선택한 가난의 삶을 살아가는 수사들의 일상!<br/><br/>세상으로부터 가장 멀리 떨어진 한 평 독방에서<br/>오로지 십자가만 바라보는 이들은, 무엇을 위해 살아가는가?<br/>카르투시오 수사들의 소박하고도 위대한 삶과<br/>세상을 향한 거룩한 기도가, 불안에 지친 우리를 찾아온다!\r'),(195668,'7월7일',89,'드라마/멜로/로맨스','12세 관람가',' 2020.09.02',20000000,153698625,'./data/poster/195668.png','\"유레카!<br/>영화감독을 꿈꾸던 ‘현수\'의 과거.<br/>‘현수’는 우연히 만난 ‘미주’에게 주인공을 제안하고,<br/>함께 촬영하며 연인으로 발전한다.<br/><br/>\"\"뭐라도 하고 있는 거야?\"\"<br/>지칠 대로 지친 \'미주\'의 현재.<br/>부족한 생활비, 팀장의 막말… 매일이 힘든 ‘미주’는<br/>여전히 꿈만 꾸는 \'현수\'가 답답하기만 하다.<br/><br/>사소한 한 마디에 크게 다툰 다음 날,<br/>두 사람에게 같은 날이지만 전혀 다른 7월 7일이 시작되는데…<br/><br/>과연 하루의 끝에 기다리고 있는 엔딩은 무엇일까?<br/>우리는 다시 예전처럼 돌아갈 수 있을까?\"\r'),(195670,'황무지 5월의 고해',122,'드라마','15세 관람가',' 2020.10.28',4500000,7011317,'./data/poster/195670.png','1980년 5월, 모두가 깊은 상처로 남은 그날,<br/>행불자가 된 남자 ‘칸트’와 죄책감으로 도망쳐나온 남자 ‘의기’가<br/>그곳으로부터 살아남았다.<br/><br/>모든 것이 통제되어 어둠 속에 묻혀야 했던<br/>이들의 이야기를 비로소 다시 한번 만나게 되었다.<br/><br/>오직 한 가닥, 타는 목마름으로<br/>올바른 민주주의를 찾고자 한다\r'),(195690,'다시 만난 날들',100,'드라마','12세 관람가',' 2020.09.24',800000,1001437,'./data/poster/195690.png','무명의 싱어송라이터로 현실과 타협하며 살다 자괴감에 빠진 태일은<br/>원하던 음악을 하던 밴드시절을 그리워하다 무작정 추억을 쫓아 고향으로 떠난다.<br/>그 곳에서 태일은 밴드 멤버였던 지원과 필만 충만한 중2병 밴드 ‘디스토리어’를 만나게 된다.<br/>좋아하는 사람과 음악 속에서 영감을 얻은 태일, 지원의 도움을 받아 미완의 트랙을 완성하게 되는데!<br/> <br/>‘이루지 못한 사랑, 포기했던 꿈, 깨어진 관계, 전하지 못한 마음’<br/>서툴렀던 청춘의 습작, 우리가 다시 완성할 수 있을까?<br/><br/>다른 시간, 다른 공간, 같은 노래로 우리는 하나가 된다.\r'),(195691,'어른들은 몰라요',127,'드라마','청소년 관람불가',' 2021.04.15',10500000,68700000,'./data/poster/195691.png','18세 ‘세진’, 덜컥 임산부가 되어버렸다.<br/>무책임한 어른들에 지쳐 거리를 떠돌던 ‘세진’은<br/>가출 경력 4년 차, 동갑내기 ‘주영’을 만난다.<br/><br/>처음 만났지만 절친이 된 ‘세진’과 ‘주영’,<br/>위기의 순간 나타난 파랑머리 ‘재필’과 ‘신지’까지<br/>왠지 닮은 듯한 네 명이 모여 ‘세진’의 유산 프로젝트가 시작된다.<br/><br/>“우리도 살아야 되잖아요.”<br/>어른들은 모르는 가장 솔직한 10대들의 이야기\r'),(195694,'아들의 이름으로',90,'드라마/스릴러','12세 관람가',' 2021.05.12',1500000,9600000,'./data/poster/195694.png','1980년 5월의 광주를 잊지 못하고<br/>괴로움 속에서 살아가던 ‘오채근’(안성기)은<br/>소중한 아들과의 약속을 지키기 위해<br/>반성 없이 호의호식하며 살아가는 이들에게 복수를 하기로 마음먹는다.<br/>광주 출신의 ‘진희’(윤유선)를 만나며 더욱 결심을 굳히게 된 그는<br/>당시의 책임자 중 한 사람이었던 ‘박기준’(박근형)에게 접근하는데…\r'),(195758,'헌트',125,'액션/드라마','15세 관람가',' 2022.08.10',3000000,16217773,'./data/poster/195758.png','[조직 내 숨어든 스파이를 색출하라!<br/>‘사냥꾼’이 될 것인가, ‘사냥감’이 될 것인가!]<br/><br/>망명을 신청한 북한 고위 관리를 통해 정보를 입수한<br/>안기부 해외팀 ‘박평호’(이정재)와 국내팀 ‘김정도’(정우성)는<br/>조직 내 숨어든 스파이 ‘동림’ 색출 작전을 시작한다.<br/>스파이를 통해 일급 기밀사항들이 유출되어 위기를 맞게 되자<br/>날 선 대립과 경쟁 속, 해외팀과 국내팀은 상대를 용의선상에 올려두고<br/>조사에 박차를 가한다.<br/><br/>찾아내지 못하면 스파이로 지목이 될 위기의 상황,<br/>서로를 향해 맹렬한 추적을 펼치던 ‘박평호’와 ‘김정도’는 감춰진 실체에 다가서게 되고,<br/>마침내 ‘대한민국 1호 암살 작전’이라는 거대한 사건과 직면하게 되는데……<br/><br/>하나의 목표, 두 개의 총구<br/>의심과 경계 속 두 남자의 신념을 건 작전이 시작된다\r'),(195962,'고양이에게 밥을 주지 마세요',79,'다큐멘터리','전체 관람가',' 2021.11.11',1752000,5000000,'./data/poster/195962.png','해가 저물면 골목 구석구석에 전동 흴체어 소리가 울린다. 나영은 매일 밤낮으로 고양이들의 밥을 챙기는 ‘캣맘’이다. 선천적인 장애와 악화되는 병세로 그는 자신의 끼니도 챙기기 버겁다. 사람들은 그를 나무라지만 권나영은 꿋꿋이 길고양이를 돌보며 살아간다. 가장 낮은 곳에서 길고양이의 동반자를 자처한 그의 삶을 따라가 본다.\r'),(195967,'매지컬: 공주를 웃겨라',80,'애니메이션','전체 관람가',' 2020.09.17',25000000,56505065,'./data/poster/195967.png','웃음도, 호기심도 많은 말괄량이 ‘리아’ 공주<br/>그러던 어느 날 공주의 모든 것을 변화하게 만든 사건이 발생하고<br/>10년 동안 궁궐 안에서 보호를 받게 된다.<br/><br/>어느 덧 17살이 된 ‘리아’ 공주는<br/>새로운 세상을 꿈꾸며 남몰래 궁궐을 탈출하고<br/>신비한 능력을 가진 소년 ‘테오’를 만나게 되는데…<br/><br/>사랑은 언제나 마술처럼 시작된다!\r'),(195986,'노회찬6411',127,'다큐멘터리','12세 관람가',' 2021.10.14',1365000,2279000,'./data/poster/195986.png','시커메진 한국 정치의 판을 바꾸고자 했던 사람<br/>서민의 언어로 그들의 속을 시원하게 대변했던 사람<br/>함께 비를 맞으며 약자와 공감하고자 했던 사람<br/>법 앞에 만인이 평등하길 희망했던 사람<br/>누구나 악기 하나 정도는 다룰 수 있는 사회를 꿈꿨던 사람<br/>지금 더욱 그리운 이름<br/>노회찬의 진짜 이야기가 시작된다!\r'),(196361,'더블패티',107,'드라마','15세 관람가',' 2021.02.17',2033000,3981000,'./data/poster/196361.png','입 찢어지게 햄버거를 먹던 너<br/>냉삼에 소맥을 찰지게 말던 너<br/>보기만 해도 ‘힘’이 솟는 이들의<br/>멋진 도전이 펼쳐진다<br/><br/>“밥 먼저 먹고 시작할까요?”\r'),(196362,'공기살인',108,'드라마','12세 관람가',' 2022.04.22',1800000,25504513,'./data/poster/196362.png','봄이 되면 나타났다 여름이 되면 사라지는 죽음의 병.<br/>공기를 타고 대한민국에 죽음을 몰고 온 살인무기의 실체를 밝히기 위한 그들의 사투.<br/>증발된 범인, 피해자는 증발되지 않았다!\r'),(196367,'마녀(魔女) Part2. The Other One',137,'액션','15세 관람가',' 2022.06.15',16000000,5900000,'./data/poster/196367.png','’자윤’이 사라진 뒤,<br/>정체불명의 집단의 무차별 습격으로 마녀 프로젝트가 진행되고 있는 ‘아크’가 초토화된다.<br/>그곳에서 홀로 살아남은 ‘소녀’는 생애 처음 세상 밖으로 발을 내딛고 우연히 만난 ‘경희’의 도움으로 농장에서 지내며 따뜻한 일상에 적응해간다.<br/>한편, ‘소녀’가 망실되자 행방을 쫓는 책임자 ‘장’과 마녀 프로젝트의 창시자 ‘백총괄’의 지령을 받고 제거에 나선 본사 요원 ‘조현’, ‘경희’의 농장 소유권을 노리는 조직의 보스 ‘용두’와 상해에서 온 의문의 4인방까지 각기 다른 목적을 지닌 세력이 하나 둘 모여들기 시작하면서 ‘소녀’ 안에 숨겨진 본성이 깨어나는데…<br/><br/>모든 것의 시작,<br/>더욱 거대하고 강력해진 마녀가 온다.\r'),(196369,'큰엄마의 미친봉고',99,'코미디','12세 관람가',' 2021.01.21',2500000,8750000,'./data/poster/196369.png','명절 당일 봉고차 열쇠를 집어든 큰 며느리가 남편 몰래 며느리들을 하나둘 차에 태워 탈출한다.\r'),(196809,'연애 빠진 로맨스',95,'멜로/로맨스/코미디','15세 관람가',' 2021.11.24',878000,10462500,'./data/poster/196809.png','일도 연애도 마음대로 되지 않는 스물아홉 ‘자영’(전종서).<br/>전 남친과의 격한 이별 후 호기롭게 연애 은퇴를 선언했지만<br/>참을 수 없는 외로움에 못 이겨 최후의 보루인 데이팅 어플로 상대를 검색한다.<br/><br/>일도 연애도 호구 잡히기 일쑤인 서른셋 ‘우리’(손석구).<br/>뒤통수 제대로 맞은 연애의 아픔도 잠시<br/>편집장으로부터 19금 칼럼을 떠맡게 되고 데이팅 어플에 반강제로 가입하게 된다.<br/><br/>그렇게 설 명절 아침!<br/>이름, 이유, 마음 다 감추고 만난 ‘자영’과 ‘우리’.<br/>1도 기대하지 않았지만, 1일 차부터 둘은 서로에게 급속도로 빠져들게 되고<br/>연애인 듯 아닌 듯 미묘한 관계 속에 누구 하나 속마음을 쉽게 터놓지 못하는데...<br/><br/>이게 연애가 아니면 도대체 뭔데?<br/>발 빼려다 푹 빠졌다!\r'),(196839,'극장판 미니특공대: 햄버거괴물의 습격',86,'애니메이션/액션','전체 관람가',' 2020.09.30',12000000,15826984,'./data/poster/196839.png','블루시티 최고의 맛집 Mr.J버거에서 햄버거를 먹는 모습이 우연히 찍힌 볼트는<br/>SNS에서 엄청난 조회수를 기록한 이 영상 덕분에 Mr.J버거의 광고 모델로 발탁된다.<br/>하루아침에 슈퍼스타가 된 볼트는 바쁜 스케줄로 친구들과 다투고<br/>결국 미니특공대를 탈퇴해버린다.<br/><br/>그러던 중 햄버거만 먹는 세상을 만들려는 브레이커J와 햄버거 괴물 군단이 나타나<br/>평화롭던 블루시티를 위험에 빠뜨리고<br/>리더 볼트가 빠진 미니특공대는 속수무책으로 당하고 마는데…<br/><br/>세상을 지배한 막강 햄버거 괴물 군단!<br/>새롭게 업그레이드된 미니특공대의 반격이 시작된다!\r'),(196854,'브로커',129,'드라마','12세 관람가',' 2022.06.08',2280000,83320000,'./data/poster/196854.png','세탁소를 운영하지만 늘 빚에 시달리는 ‘상현’(송강호)과<br/>베이비 박스 시설에서 일하는 보육원 출신의 ‘동수’(강동원).<br/>거센 비가 내리는 어느 날 밤,<br/>그들은 베이비 박스에 놓인 한 아기를 몰래 데려간다.<br/>하지만 이튿날, 생각지 못하게 엄마 ‘소영’(이지은)이 아기 ‘우성’을 찾으러 돌아온다.<br/>아기가 사라진 것을 안 소영이 경찰에 신고하려 하자 솔직하게 털어놓는 두 사람.<br/>우성이를 잘 키울 적임자를 찾아 주기 위해서 그랬다는 변명이 기가 막히지만<br/>소영은 우성이의 새 부모를 찾는 여정에 상현, 동수와 함께하기로 한다.<br/><br/>한편 이 모든 과정을 지켜본 형사 ‘수진’(배두나)과 후배 ‘이형사’(이주영).<br/>이들을 현행범으로 잡고 반 년째 이어온 수사를 마무리하기 위해 조용히 뒤를 쫓는다.<br/><br/>베이비 박스,<br/>그곳에서 의도치 않게 만난 이들의<br/>예기치 못한 특별한 여정이 시작된다.\r'),(196855,'피원에이치 : 새로운 세계의 시작',99,'드라마/SF','15세 관람가',' 2020.10.08',200000,300000,'./data/poster/196855.png','악의 집단이 퍼뜨린 바이러스로 폐허가 된 지구를 구하기 위해 과거, 현재, 미래에 흩어진 소년들이 만나 희망의 별을 찾아가는 이야기\r'),(197061,'청춘 선거',99,'다큐멘터리','12세 관람가',' 2021.06.17',3000000,242623,'./data/poster/197061.png','제주 최초 여성 도지사에 출마한 만 32세 고은영.<br/>바꾸고 싶어서, 바뀌고 싶어서 선거에 뛰어든 사람들.<br/>맨땅에 헤딩하면 어떤가. 맨날 후달리면 어떤가.<br/>‘청춘’을 유일한 ‘선거전략’으로 삼았다?<br/>무모하지만 판타스틱했던 청춘들이 온다<br/><br/>판타스틱 청.춘.박.두.\r'),(197062,'총을 들지 않는 사람들: 금기에 도전',102,'다큐멘터리','12세 관람가',' 2021.12.09',6000000,30000000,'./data/poster/197062.png','2002년부터 시작해 보수정권 10년여를 거쳐 2018년 헌법재판소의 대체복무제도가 결정되기까지<br/>자신의 존재를 증명하고 사회에 울림을 준 활동의 역사.<br/>양심적 병역거부 운동이 걸어온 ‘평화의 발자취’, ‘금기에 도전’한 시간 속으로 들어가 본다.\r'),(197068,'고양이들의 아파트',88,'다큐멘터리','전체 관람가',' 2022.03.17',2000000,2900000,'./data/poster/197068.png','\"서울 동쪽 끝, 거대한 아파트 단지.<br/>그곳은 오래도록 고양이들과 사람들이 함께 마음껏 뛰놀고<br/>사랑과 기쁨을 주었던 모두의 천국이었다.<br/><br/>하지만 재건축을 앞두고 곧 철거될 이곳을<br/>떠나려 하지 않는 고양이들을 걱정하는 사람들이 있다<br/><br/>\"\"물어보고 싶어요. 여기 계속 살고 싶냐고\"\"<br/><br/>고양이들과 사람들의 행복한 작별을 위한 <br/>아름다운 분투가 시작된다!\"\r'),(197069,'울림의 탄생',96,'다큐멘터리','전체 관람가',' 2021.10.21',18000000,51973029,'./data/poster/197069.png','소아마비 고아. 한쪽 귀의 청력마저 상실한 그를 품어 준 북 만드는 장인.<br/>이 각박한 세상에서 살아남으려면 북을 만들어야 한다는<br/>스승의 가르침을 새기며 이 악물고 버텨 온 60년.<br/><br/>이제 일흔을 앞둔 임선빈 악기장은 다른 한쪽 귀의 청력마저<br/>잃게 될 거라는 비보를 접하고,<br/>어린 시절 처음 들었던 그 북소리를 담은 대작을 만들기 위해<br/>23년을 아껴 두었던 나무를 꺼낸다.<br/><br/>그러나 날씨도, 몸도, 전수자인 아들 동국과의 협업도 마음 같지만은 않은데...<br/><br/>60년 동안 그의 머릿속을 떠나지 않았던 첫 북소리의 울림.<br/>그 울림이 담긴 북을 만들 수 있을까.\r'),(197071,'학교 가는 길',99,'다큐멘터리','12세 관람가',' 2021.05.05',28000000,140767956,'./data/poster/197071.png','전국 특수학교 재학생의 절반은<br/>매일 왕복 1~4시간 거리를 통학하며<br/>전쟁 같은 아침을 맞이한다<br/><br/>장애 학생 수에 비해 턱없이 부족한 특수학교<br/>아이를 위해 거리로 나선 엄마들은<br/>무릎까지 꿇는 강단으로 맞서는데…<br/><br/>세상을 바꾼 사진 한 장,<br/>엄마들의 용기 있는 외침이 시작된다!\r'),(197447,'유공자',83,'드라마/코미디','15세 관람가',' 2021.03.01',14600000,70906973,'./data/poster/197447.png','인간말종 노인네 박일래는 죽음을 앞두고 마지막 꿈인 유공자가 되기 위해 도전한다. 한국판 돈키호테 ‘박일래(朴日來:태양이 오길 기다리는 씨)’의 좌충우돌 유공자 도전기!\r'),(197461,'게임의 법칙: 인간사냥',84,'스릴러','청소년 관람불가',' 2021.01.28',1000000,17985893,'./data/poster/197461.png','비밀스러운 과거를 간직한 ‘정환’,<br/>과거를 정리하기 위해 찾아간 외딴섬에서 또 다른 여행객들과 마주하게 된다.<br/><br/>모두 함께 머물게 된 게스트하우스에서<br/>‘정환’ 홀로 묘한 분위기를 느끼고 주인 남자를 경계하지만<br/>어느새 그들의 표적이 된 자신을 발견하게 된다.<br/><br/>위험한 상황에서 가까스로 탈출하는 데 성공한 순간<br/>또 다른 의문의 존재와 맞서 필사의 사투를 벌이게 되는데…<br/><br/>섬의 위험한 비밀을 파헤치는 순간,<br/>광기의 추격이 시작된다!\r'),(197468,'CCTV',99,'공포','15세 관람가',' 2021.07.07',2300000,49620,'./data/poster/197468.png','일명 `CCTV 살인사건`. <br/>10년 전. 8명이 죽고 1명이 행방불명이 된 전대미문의 살인극. <br/>바로 이 끔찍한 살인사건의 유일한 생존자를 유튜버가 찾아간다. <br/>유튜브 채널의 획기적인 조회수와 구독자 증가를 가져올 생존자와의 인터뷰가 시작되자... <br/>10년 동안 숨겨졌던 끔찍한 사실이 드러나고,<br/>아직도 끝나지 않았던 복수가 10년 만에 마무리 되는데...<br/><br/>죽음을 부르는 눈동자, CCTV의 공포가 드러난다.\r'),(197487,'족벌 두 신문 이야기',168,'다큐멘터리','12세 관람가',' 2021.01.01',3180000,9644124,'./data/poster/197487.png','앞잡이<br/>1985년 동아일보와 조선일보는 느닷없이 ‘친일 공방’을 벌인다. 누가 더 ‘친일지’고 ‘민족지’인지 다투는 이전투구였다. 두 신문이 한사코 감추려 한 ‘일제의 앞잡이’ 역사를 추적한다.<br/><br/>밤의 대통령<br/>일제가 가고 두 신문 앞에 새로운 권력이 나타났다. 이들은 박정희, 전두환 군부 독재 정권에 굴복하고, 유착하면서 그 대가로 덩치를 키워 소위 ‘밤의 대통령’이라고 불린 영향력을 행사했다. 반면 권력과 사주에 맞서 자유언론을 지키려던 두 신문 소속 언론인 수백 명은 차디찬 거리로 쫓겨났다.<br/><br/>악의 축<br/>1987년 민주화 이후 확보된 언론 자유의 공간이 아이러니하게 족벌신문 사주에게 날개를 달아줬다. 두 족벌은 정관계 및 재벌과 인맥, 혼맥으로 이어진 거대한 네트워크를 구축하고 종편 등 수십 개 계열사를 거느리며 ‘불가사리’ 같은 권력이 됐다. 대통령 노무현은 언론개혁을 시도했으나 거대 기득권 언론 앞에 작고 외로운 섬일 뿐이었다. 두 족벌 미디어 기업은 ‘특판’, ‘기사형 광고’, ‘반사회적 광고’ 물량에서도 1, 2위를 다툰다. 이들은 4대, 5대 세습을 하며, 2020년 창간 100주년을 맞아 ‘진실의 수호자’. ‘더 나은 100년’을 외친다.\r'),(197496,'크루아상',78,'드라마','12세 관람가',' 2021.01.21',6000000,138530565,'./data/poster/197496.png','사회 초년생 시절 취업하는 회사마다 페업의 불운을 겪었던 희준은 더 이상 다니는 직장의 폐업을 걱정하지 않아도 될 공무원이 되기 위해 몇 년째 고군분투 중이다. 생동성 실험 아르바이트로 생계를 이어가며 담당 간호사인 윤정만이 건조한 일상에 단비 같은 존재일 뿐이던 희준은 어느 날, 동네 빵집 주인 성은을 알게 된다. 성은은 희준이 그토록 원하는 공무원이었음에도 적성에 맞지 않아 직장을 그만두고, 파티셰가 되어 작은 빵집을 차렸다. <br/><br/>생동성 실험을 위해 병원에 있었던 희준은 어느 날 밤, 병원 응급실에 혼자 오게 된 성은을 도와주게 되고, 성은의 빵집 아르바이트로 일을 하게 된다. 어느새 성은이 만든 빵의 맛과 제빵 과정에 호기심을 느끼게 된 희준은 시험공부를 하는 시간보다, 성은의 작업실에서 함께 빵을 만드는 시간이 더 많아지게 되는데..\r'),(197523,'스트레스 제로',93,'애니메이션','전체 관람가',' 2021.02.03',7500000,62493712,'./data/poster/197523.png','어느 날 도심 곳곳에 정체를 알 수 없는 거대한 불괴물이 나타나 대한민국은 혼란에 빠진다.<br/>불괴물의 습격으로 졸지에 직장을 잃은 짱돌은 친구 고박사, 타조와 함께<br/>‘스트레스 제로’를 팔아 백수 탈출을 하고자 하지만,<br/>이 음료가 바로 불괴물을 막을 수 있는 유일한 비밀임을 알게 되는데..!<br/>갑자기 히어로가 된 아빠 짱돌과 친구들은 과연 불괴물을 잡고, 세상을 구할 수 있을까?\r'),(197524,'태안',91,'다큐멘터리','15세 관람가',' 2022.10.06',60000000,159330280,'./data/poster/197524.png','1950년 한국전쟁 당시 충남 태안군에서도 국민보도연맹원 학살이 시작된다. 그해 7월 12일께 태안경찰서는 후퇴하기 직전에 ‘사기실재’에서 115명의 민간인을 학살한다. 당시 국가권력은 이들 민간인들이 곧 들이닥칠 인민군에 동조할 것이라는 짐작만으로 집단학살한다. 태안의 피해는 여기서 그치지 않았다. 태안을 점령한 인민군 측은 반동을 처단한다는 이유로 116명의 민간인을 학살한다. 그러나 이는 이후에 벌어질 대참사에 대한 예고편에 불과했다.\r'),(197644,'추억의 검정고무신',80,'애니메이션','전체 관람가',' 2020.11.19',50000000,60209334,'./data/poster/197644.png','영화티켓이 10원, 소 한 마리가 5만원 하던 시절<br/>장난꾸러기 기영, 기철 형제 가족의 <br/>평범하고도 특별한 일상이 펼쳐진다.\r'),(197645,'요가학원:죽음의쿤달리니',93,'공포','청소년 관람불가',' 2020.11.18',45000000,17300889,'./data/poster/197645.png','“모델이 너무 올드하지 않아요?”<br/>잘나가던 온라인 패션계 간판 모델 ‘효정’(이채영),<br/>외모로 인해 자신의 자리에서 밀려난 그녀는 슬럼프에 빠진다.<br/><br/>“그냥 다 예뻐지려고 온 거 아니에요?”<br/>모두 다른 목적, 하지만 같은 욕망으로 요가학원을 찾은 ‘효정’을 비롯한 회원들.<br/>원하는 걸 갖기 위해, 쿤달리니의 경지에 오르기 위해 수련을 이어나간다.<br/>궁극의 아름다움에 가까워질수록 알 수 없는 섬뜩한 일들이 그들에게 일어나는데..<br/><br/>“의심하지 마세요. 잘라버리세요, 그 의심의 싹을.”\r'),(197668,'인민을 위해 복무하라',146,'멜로/로맨스/드라마','청소년 관람불가',' 2022.02.23',2500000,11403529,'./data/poster/197668.png','모범사병으로 사단장 사택의 취사병이 된 ‘무광’<br/>그의 목표는 오직 아내와 아이를 위해 출세의 길에 오르는 것이다<br/><br/>그러나, 사단장이 출장을 간 사이 시작된<br/>그의 젊은 아내 ‘수련’의 위험한 유혹에<br/><br/>‘무광’은 자신의 목표와 신념 그리고<br/>빠져보고 싶은 금기된 사랑 사이에서 갈등을 겪는데…<br/><br/>빠져보고 싶은 유혹<br/>스크린에 뜨겁게 피어나다!\r'),(198306,'파이터',104,'드라마','12세 관람가',' 2021.03.18',36000000,20300385,'./data/poster/198306.png','낯선 곳에서 새 출발하게 된 진아는<br/>우연히 복싱에 매료되고, 어쩌다 복서가 된다.<br/>두 탕 알바에 고된 몸으로 오른 링 위에서 그녀가 마주한 건 <br/>세상 밖으로 나오지 못하던 자기 자신이었다.<br/>삶의 발버둥이 아닌 스텝을 가르쳐준 복싱.<br/>진아는 살아가기 위한 진짜 파이팅을 준비하는데…<br/><br/>두 주먹 두 발로 세상에 맞서 파이팅 투게더!\r'),(198308,'스프링 송',83,'드라마/뮤지컬','전체 관람가',' 2021.04.21',350000,1000000,'./data/poster/198308.png','겨울이 끝나길 기다리던 어느 날,<br/>‘준상’은 새로운 곡을 준비하던 밴드 멤버 ‘준화’에게<br/>뮤직비디오 제작을 제안한다.<br/><br/>언젠가 우연히 본 영화를 떠올리며<br/>촬영지부터 콘티, 대사까지 즉흥적으로 정하게 된 ‘준상’.<br/>일본 배우 ‘아키노리’와 한국 배우 ‘소진’, 그리고 ‘순원’까지<br/>준상의 갑작스러운 계획 하나로 한곳에 모이게 된다.<br/><br/>온전히 마음이 움직이는 대로 함께하게 된 네 남녀,<br/>과연 우리는 이 노래의 끝에서 봄을 만날 수 있을까?\r'),(198309,'달이 지는 밤',70,'드라마','15세 관람가',' 2022.09.22',80000000,245676146,'./data/poster/198309.png','중년의 여인이 무주 시외버스 터미널에서 내린다. 그녀는 마을길을 지나 숲으로 들어간다. 숲 어디선가 방울 소리가 들리고 여인은 자신이 목적지에 도착했음을 느낀다. 여인은 죽음 너머 삶의 흔적들을 찾기 시작한다. 한편, 서울에서 학교를 마치고 고향인 무주로 돌아와, 군청에서 일하며 혼자가 된 엄마와 살고 있는 민재. 엄마는 민재가 다시 고향으로 돌아온 것이 못마땅하다. 민재의 오랜 고향 친구이자 애인인 태규는 편찮으신 할머니를 간병하며 조부모의 오래된 집을 지키면서 살고 있다. 어느 날 한동안 연락이 끊겼던 대학 친구 경윤이 민재를 찾아온다.<br/><br/>떠난 사람들과 남은 사람들 그리고 다시 돌아온 사람들.<br/>당신을 위로할 두 가지 아름다운 이야기\r'),(198399,'그대 너머에',119,'멜로/로맨스','전체 관람가',' 2021.09.09',13000000,47542841,'./data/poster/198399.png','지워져 가는 기억을 붙잡으려는 인숙.<br/>다른 이들의 기억 속을 헤매는 지연.<br/>과거의 기억 속으로 던져진 경호.<br/><br/>서로의 기억 너머,<br/>존재의 의미를 찾는 히치하이커들의<br/>눈물겨운 사투가 시작된다!\r'),(198412,'사라센의 칼',83,'드라마/가족','15세 관람가',' 2021.01.14',14000000,5080409,'./data/poster/198412.png','피 묶은 6달러 지폐를 꼭 쥐고 도망치듯 떠나온 ‘윤아’(신지수)는<br/>인적이 드문 유리 공장에서 공장 매니저 김반장의 통솔하에 남자 직원들과 외국인 이주 노동자 ‘알란’(검비르), 새로 들어온 ‘은지’와 함께 생활한다. 외롭고 힘든 시간을 보내는 윤아는 알란과 은지와 점점 가까워 지지만, 이들과 함께할수록 그리운 엄마와 아픈 기억이 떠올라 혼란스러워 한다. 그러던 중 알란이 항상 몸에 지니고 다니던 사라센의 칼로 인해 뜻하지 않은 사건들이 발생하는데…\r'),(198413,'헤어질 결심',138,'멜로/로맨스/드라마/서스펜스','15세 관람가',' 2022.06.29',2800000,86273333,'./data/poster/198413.png','\"산 정상에서 추락한 한 남자의 변사 사건.<br/>담당 형사 \'해준\'(박해일)은<br/>사망자의 아내 \'서래\'(탕웨이)와 마주하게 된다.<br/><br/>\"\"산에 가서 안 오면 걱정했어요, 마침내 죽을까 봐.\"\"<br/><br/>남편의 죽음 앞에서 특별한 동요를 보이지 않는 \'서래\'.<br/>경찰은 보통의 유가족과는 다른 \'서래\'를 용의선상에 올린다.<br/>\'해준\'은 사건 당일의 알리바이 탐문과 신문,<br/>잠복수사를 통해 \'서래\'를 알아가면서<br/>그녀에 대한 관심이 점점 커져가는 것을 느낀다.<br/><br/>한편, 좀처럼 속을 짐작하기 어려운 \'서래\'는<br/>상대가 자신을 의심한다는 것을 알면서도<br/>조금의 망설임도 없이 \'해준\'을 대하는데….<br/><br/>진심을 숨기는 용의자<br/>용의자에게 의심과 관심을 동시에 느끼는 형사<br/>그들의 <헤어질 결심>\"\r'),(198425,'다만 악에서 구하소서 파이널컷',114,'액션','청소년 관람불가',' 2020.10.28',11500000,3275585,'./data/poster/198425.png','태국에서 충격적인 납치사건이 발생하고 <br/>마지막 청부살인 미션을 끝낸 암살자 인남(황정민)은 그것이 자신과 관계된 것임을 알게 된다.<br/>인남은 곧바로 태국으로 향하고, 조력자 유이(박정민)를 만나 사건을 쫓기 시작한다.<br/>한편, 자신의 형제가 인남에게 암살당한 것을 알게 된 레이(이정재). <br/>무자비한 복수를 계획한 레이는 인남을 추격하기 위해 태국으로 향하는데...<br/><br/>인남 ㅣ 레이ㅣ 유이<br/>그들의 추격은 아직 끝나지 않았다!\r'),(198430,'애비규환',108,'드라마/코미디','12세 관람가',' 2020.11.12',30000000,57400547,'./data/poster/198430.png','연하 남친 ‘호훈’과의 불꽃 사랑으로 임신을 하게 된 대학생 ‘토일’.<br/>출산 후 5개년 계획까지 준비하며 결혼을 선언했지만,<br/>돌아온 것은 “넌 대체 누굴 닮아 그 모양이냐”는 부모님의 호통뿐이다.<br/><br/>누굴 닮았는지 직접 확인하겠다며 찾은 친아버지는 기대와 달리 실망스럽기만 하고,<br/>착잡한 마음으로 집으로 돌아오자마자 예비 아빠 ‘호훈’의 행방이 묘연해진다.<br/><br/>어색한 현아빠, 철없는 구아빠, 집 나간 예비 아빠까지!<br/>첩첩산중 설상가상 그야말로 ‘애비규환’이로다!\r'),(198433,'용루각: 비정도시',94,'액션','청소년 관람불가',' 2020.12.03',45000000,58620973,'./data/poster/198433.png','겉모습은 평범한 중국집이지만 알고 보면 어려운 사람들을 위해 ‘대리 복수’를 해주는 해결사들의 집합소인 ‘용루각’. 그곳에선 각기 다른 이유로 이곳에 모이게 된 다섯 명의 멤버 철민, 지혜, 승진, 용태 그리고 곽사장이 있다. 비밀조직 ‘용루각’은 알 수 없는 정보원의 정보를 받아 법이 해결하지 못하는 곳을 직접 찾아다니며 정의 구현을 위해 힘쓴다. 그러던 어느 날, 대기업 회장 아들의 만행을 둘러싼 사망 사건이 발생하고, 용루각 멤버의 지인으로 밝혀지며 사건은 꼬이기 시작하는데..!\r'),(198471,'행복의 속도',114,'다큐멘터리','전체 관람가',' 2021.11.18',3000000,33946224,'./data/poster/198471.png','꽃, 바람, 새 그리고 나뭇길...<br/>해발 1,500미터 천상의 화원 ‘오제’<br/>‘이가라시’와 ‘이시타카’는<br/>산장까지 짐을 배달하는 ‘봇카’이다<br/><br/>70~80kg의 짐을 지고 같은 길을 걷지만<br/>매 순간 ‘오제’의 길 위에서<br/>자신의 시간을 채워가는 \'이가라시\'<br/>반면 \'봇카\'를 널리 알리고 싶은 \'이시타카’<br/>닮은 듯 다른 두 사람이 건네는 이야기<br/><br/>지금, 당신은 어느 길 위에 있나요?\r'),(198472,'니얼굴',86,'다큐멘터리','전체 관람가',' 2022.06.23',55000000,31987563,'./data/poster/198472.png','어느 뜨거운 여름, 집에서 뜨개질만 하던 은혜씨가<br/>양평 문호리리버마켓의 인기 셀러로 거듭난다<br/><br/>“예쁘게 그려주세요”<br/>“원래 예쁜데요 뭘~”<br/><br/>예쁜 얼굴도 안 예쁘게 그려주는 은혜씨 앞에<br/>4천 명의 사람들이 환하게 웃음 짓는다\r'),(198475,'재춘언니',97,'다큐멘터리','12세 관람가',' 2022.03.31',3500000,257850122,'./data/poster/198475.png','기타 공장에서 30년 일해온 ‘재춘’은 어느 날 갑자기 해고 통보를 받는다.<br/>앞에 나서기를 싫어했던 그는 연극 무대에 서고, 일인 시위도 하게 된다.<br/>두 딸의 아버지인 그는 자신의 삶을 박살낸 사장의 사과를 받고 가족과의 시간을 되찾고 싶다.<br/>몇 년이면 끝날 줄 알았던 투쟁이 10년을 넘어가고<br/>투쟁을 그만둘 수도, 계속하기도 힘들던 무렵 재춘은 또다시 새로운 것을 감행한다.\r'),(198478,'송해 1927',82,'다큐멘터리','12세 관람가',' 2021.11.18',15000000,356830601,'./data/poster/198478.png','최고령 현역 연예인<br/>‘전국노래자랑’ 최장수 MC<br/>가수, 희극인, DJ…<br/>한 평생 전 국민들의 희로애락을 함께 해온 ‘송해’!<br/><br/>“이제는 내 인생도 딩동댕 할랍니다!”<br/><br/>무대 아래 숨겨진 ‘송해’의 라이프 비하인드 스토리부터<br/>30년 만에 마주한 특별한 선물의 정체까지?<br/><br/>누구나 알지만 아무도 몰랐던<br/>1927년생 ‘송해’의 인생 속터뷰!\r'),(198481,'사상',132,'다큐멘터리','12세 관람가',' 2021.10.21',14000000,159157447,'./data/poster/198481.png','끊임없이 착취가 벌어진 성희와 수영의 \'삶\'과 \'몸\'.<br/>자본이 숨기려고 했던 노동과 지우려고 했던 존재들.<br/>그들을 품고 있는 ‘사상’.<br/><br/>자본이 할퀴고 간 흔적이 고스란히 배인 사상에서 살아가는 존재들이 풍경처럼 펼쳐진다.\r'),(198494,'휴가',81,'드라마','12세 관람가',' 2021.10.21',1800000,8000000,'./data/poster/198494.png','해고 5년차, 천막농성 1882일째<br/>재복은 노조가 정리해고무효소송에서<br/>최종 패소하자 열흘 간 집으로 휴가를 떠나온다.<br/>오랜만에 가족들도 챙기고 아르바이트로 돈도 벌며<br/>잊고 있던 워킹&amp,쿠킹 홀리데이로 일상의 즐거움을 발견한다.<br/>휴가의 끝이 보일 즈음 재복의 두 딸은,<br/>아빠가 농성장으로 돌아가지 않길 바라는데...\r'),(198497,'최선의 삶',109,'드라마','15세 관람가',' 2021.09.01',3000000,572000000,'./data/poster/198497.png','열여덟 ‘강이’, ‘아람’, ‘소영’.<br/>더 나아지기 위해서 기꺼이 더 나빠졌던 우리의<br/>이상했고 무서웠고 좋아했던 그 시절의 드라마<br/>최선의 삶\r'),(198621,'라임크라임',82,'드라마','15세 관람가',' 2021.11.25',70000000,90000098,'./data/poster/198621.png','다세대촌에 살고 힙합을 좋아하는 소년 ‘송주’, 래퍼 이센스는 그의 영웅이다. <br/>아파트 부촌에 살고 있는 반 친구 ‘주연’과 함께 둘은 힙합팀 ‘라임크라임’을 결성한다.<br/><br/>두 소년은 힙합 성지 ‘밀림’의 무대에 오를 꿈을 꾸며 <br/>함께 랩을 하기 위해 같은 고등학교에 진학하기로 하지만, <br/>서로 다른 환경 차이가 둘의 길을 갈라놓기 시작한다.\r'),(198622,'종착역',79,'드라마','전체 관람가',' 2021.09.23',18000000,538400000,'./data/poster/198622.png','사진 동아리 \'빛나리\' 부원인 시연, 연우, 소정, 송희는 <br/>\'세상의 끝\'을 찍어 오라는 방학 숙제를 하기 위해 지하철 1호선 신창역으로 향한다. <br/>웃음이 끊이지 않던 친구들은 계획대로 잘 풀리지 않는 여정에 점점 지쳐가고, <br/>낯선 곳에서 14살 첫 여름방학을 마주하게 된다.\r'),(198623,'좋은 사람',101,'서스펜스/미스터리','12세 관람가',' 2021.09.09',10000000,32101000,'./data/poster/198623.png','고등학교 교사 ‘경석’(김태훈)의 반에서 지갑 도난 사건이 발생하고,<br/>같은 반 학생이 ‘세익’(이효제)이 범인으로 지목된다.<br/>‘경석’은 ‘세익’을 불러 어떤 말을 해도 믿을 테니 진실을 말하라고 하지만,<br/>세익은 무조건 아니라며 억울함을 호소한다.<br/>그날 밤, 학교에 데려왔던 ‘경석’의 딸 ‘윤희’가 교통사고를 당하게 되고<br/>또 다시 ‘세익’이 범인으로 지목되는데…<br/><br/>의심하는 순간 모든 것이 흔들렸다<br/>의심과 믿음 그 사이에 좋은 사람\r'),(198624,'태어나길 잘했어',100,'드라마','12세 관람가',' 2022.04.14',36000000,50159144,'./data/poster/198624.png','손에 땀 마를 날 없는 ‘다한증’ 춘희는 마늘 까는 아르바이트로 수술비를 모으고 있다. <br/>주변 사람들이 자신을 별로 안 좋아한다며 홀로 살아가던 씩씩한 춘희, <br/>부끄러움과 외로움이 전부였던 그에게 봄처럼 새로운 인연이 시작된다.\r'),(198625,'온 세상이 하얗다',107,'멜로/로맨스/드라마','15세 관람가',' 2022.02.10',50000000,10541523,'./data/poster/198625.png','한 남자가 있다.<br/>매일 죽음을 다짐하지만 알코올성 치매로 의도치 않게 거짓말을 하며 다짐을 잊고 살고 있다.<br/><br/>한 여자가 있다.<br/>그냥 습관적으로 거짓말을 하며 우울함과 무력감으로 죽을 결심을 한다.<br/><br/>김모인과 류화림이 우연히 만났다.<br/>그리고 함께 죽기 위해 태백으로 향했다.<br/><br/>한 남자와 한 여자는 까마귀숲에 도착했고,<br/>눈이 내리기 시작했다…<br/><br/>온 세상이 하얗다\r'),(198626,'아워 미드나잇',77,'드라마','12세 관람가',' 2021.11.11',32350000,572700000,'./data/poster/198626.png','학교 연습실과 옥탑방을 오가며 반 백수처럼 지내는 무명배우 지훈.<br/>사내연애를 하던 중 말 못할 사건을 겪고 속앓이 하는 직장인 은영.<br/>지훈이 한강 비밀 순찰 아르바이트를 시작한 날, 두 사람은 우연히 처음 만난다.<br/>한가로운 밤 산책이 위로가 되는 시간, 같이 걸을래요?\r'),(198737,'스웨그',88,'드라마','15세 관람가',' 2020.12.10',80000000,457696359,'./data/poster/198737.png','나 밖에 모르는 래퍼 지망생 ‘엘’<br/>떠오르는 K-POP 스타 ‘제이’<br/>타고난 천재 프로듀서 ‘오지’<br/><br/>세상에 부딪힌 이들의 꿈과 사랑, 그리고 열정을 그린 뮤직 드라마\r'),(198941,'클라이밍',77,'애니메이션','15세 관람가',' 2021.06.16',12500000,1227324,'./data/poster/198941.png','세 달 전 교통사고를 겪은 세현은 세계 클라이밍 대회를 앞두고 <br/>회복되지 않는 컨디션과 경쟁에 대한 압박으로 악몽에 시달린다. <br/>그러던 어느 날 밤, 사고 당시 고장 났던 세현의 핸드폰으로 전화가 걸려온다. <br/><br/>다름 아닌, 바로 \'나\'로부터. <br/><br/>연락을 주고받을수록 서로 연결되어 있음을 느끼는 두 사람. <br/>급기야 세현은 또 다른 세현의 임신이 자신에게도 영향을 끼친다는 것을 알게 되고, <br/>그 이후 악몽처럼 기이한 일들이 일어나기 시작한다.\r'),(198967,'미싱타는 여자들',108,'다큐멘터리','전체 관람가',' 2022.01.20',90000000,263920180,'./data/poster/198967.png','1970년대 평화시장에는<br/>가난해서 혹은 여자라서 공부 대신 미싱을 타며<br/>‘시다’ 또는 ‘공순이’로 불린 소녀들이 있었다<br/><br/>저마다 가슴에 부푼 꿈을 품고 향했던 노동교실<br/>그곳에서 소녀들은 서로의 이름을 부르고,<br/>노래를 하고, 희망을 키웠다<br/><br/>다른 시대를 살았던 청춘이<br/>오늘의 청춘에게 보내온 편지\r'),(199068,'메이드 인 루프탑',87,'드라마/멜로/로맨스/코미디','15세 관람가',' 2021.06.23',1200000,14661007,'./data/poster/199068.png','“나도 쿨해질거야 이제!”<br/><br/>3년 동안 지지고 볶은 남자친구 ‘정민’에게 가.짜. 이별 통보를 한 지 <br/>30분 만에 한 개의 캐리어와 함께 집에서 쫓겨난 밀.당.실.패 취준생 ‘하늘’.<br/>이별 1일차, 갈 곳 없어 무작정 쳐들어간 친구 ‘봉식’의 옥탑방에서<br/>헤어진 연인과 쿨하게 밀당을 이어보는데…<br/><br/>“내가 하는 건 다 힙해!”<br/><br/>BJ를 하며 번 돈으로 플.렉.스.하며 원룸보다 작은 옥탑방을 명품샵으로 꾸미고<br/>‘마흔 전에 죽기’를 목표로 세운 채 오늘만 사는 자.유.영.혼. 힙스터 ‘봉식’.<br/>썸 1일차, 연애 따윈 필요 없다고 다짐 또 다짐했건만<br/>적극적으로 대시하는 썸남에게 자꾸만 눈이 가는데…<br/><br/>쿨하고 힙한 청춘들의 하이텐션 썸머 로맨스가 시작된다!\r'),(199393,'조제',117,'멜로/로맨스/드라마','15세 관람가',' 2020.12.10',32000000,152036382,'./data/poster/199393.png','할머니와 단둘이 사는 집, 그곳에서 책을 읽고 상상하며<br/>자신만의 세계를 살고 있는 ‘조제’.<br/>우연히 만난 그녀에게 특별한 감정을 느끼기 시작한 ‘영석’은<br/>천천히, 그리고 솔직하게 다가가기 시작한다.<br/>하지만 처음 경험해보는 사랑이 설레는 한편 가슴 아픈 ‘조제’는<br/>자신에게 찾아온 낯선 감정을 밀어내는데…<br/><br/>기억할 거야<br/>너와 함께한 모든 순간을\r'),(199665,'1984 최동원',98,'다큐멘터리','전체 관람가',' 2021.11.11',12000000,29800000,'./data/poster/199665.png','무쇠팔, 부산의 심장, 최고의 투수, 등번호 11번, 불꽃 투혼, 금테 안경<br/>우리가 그를 부르는 이름 <br/><br/>프로야구 역사상 가장 극적인 우승, 레전드 한국 시리즈, 기적 같은 우승<br/>우리가 기억하는 1984년 가을 <br/><br/>1984년 프로야구 한국 시리즈 롯데 자이언츠 vs 삼성 라이온즈<br/>모두가 절대 강자 삼성의 우승을 의심하지 않던 한국시리즈  <br/><br/>“코리안 시리즈에 올라왔으니까, 제가 힘이 되는 데 까지는 열심히 해서<br/>전 게임을 다 나가더라도 이길 수 있는 게임은 전부다 이기고 싶습니다” <br/><br/>한국시리즈 7차전 5번 등판, 4승 1패, 완봉승, 완투승, 구원승<br/>전세계 유일무이 깨지지 않을 만화 같은 기록 <br/><br/>희망, 열정, 도전, 투혼<br/>‘기록’이 아닌 ‘기적’을 선물한 최동원 선수  <br/><br/>눈물 나게 그리운 그 이름<br/>무쇠팔 최동원 10주기 첫 번째 다큐멘터리<br/>“야구가 제 인생 아니겠습니까”\r'),(199666,'선데이리그',83,'코미디','전체 관람가',' 2022.10.05',75000000,224012234,'./data/poster/199666.png','한때는 국가대표급 유망주, 지금은 그저 동네 축구교실 코치인 준일.<br/>꼰대 마인드와 게으른 코칭으로 해고 직전인데, 곧 이혼까지 당할 기세다.<br/>그런 준일에게 정규직 전환을 대가로 거부할 수 없는 미션이 주어지는데!<br/>바로 오합지졸 ‘철수축구단’의 아마추어 풋살대회 본.선.진.출.<br/>준일은 초단기간 안에 ‘풋’과 ‘살’을 1도 모르는 김사장, 최씨, 박씨를<br/>G성과 SON 급으로 변신시켜야 하는데… 오 마이 풋살!<br/><br/>축.덕. 어른이들의 꿈줄과 밥줄을 건<br/>‘선데이리그’가 시작된다!\r'),(199668,'걸 위드 더 카메라 ',69,'다큐멘터리','12세 관람가',' 2022.01.20',70000000,162000000,'./data/poster/199668.png','보여지는 나와 바라보는 나는 어떻게 다를까?<br/>‘진짜 나’는 어떤 사람일까?<br/><br/>나를 찾는 프로젝트 <br/>Girl With The Camera\r'),(199860,'기적',117,'드라마','12세 관람가',' 2021.09.15',2540800,7200000,'./data/poster/199860.png','오갈 수 있는 길은 기찻길밖에 없지만<br/>정작 기차역은 없는 마을.<br/>오늘부로 청와대에 딱 54번째 편지를 보낸 ‘준경’(박정민)의 목표는 단 하나!<br/>바로 마을에 기차역이 생기는 것이다.<br/><br/>기차역은 어림없다는 원칙주의 기관사 아버지 ‘태윤’(이성민)의 반대에도<br/>누나 ‘보경’(이수경)과 마을에 남는 걸 고집하며 왕복 5시간 통학길을 오가는 ‘준경’.<br/>그의 엉뚱함 속 비범함을 단번에 알아본 자칭 뮤즈 ‘라희’(임윤아)와 함께<br/>설득력 있는 편지쓰기를 위한 맞춤법 수업,<br/>유명세를 얻기 위한 장학퀴즈 테스트,<br/>대통령배 수학경시대회 응시까지!<br/>오로지 기차역을 짓기 위한 ‘준경’만의 노력은 계속되는데...!<br/><br/>포기란 없다<br/>기차가 서는 그날까지!\r'),(199908,'봉명주공',83,'다큐멘터리','전체 관람가',' 2022.05.19',10000000,85300000,'./data/poster/199908.png','1980년대에 지어진 청주 봉명동의 1세대 주공아파트, \'봉명주공’<br/>철마다 형형색색으로 물드는 나무들,<br/>놀이터에서 쉬어가는 새들과 골목을 지키는 길 고양이들,<br/>곳곳에 울려 퍼지는 어린아이들의 웃음소리…<br/><br/>떠나가는 거주민들은 저마다 가슴속에 봉명주공에서의 추억을 남긴다<br/>우리가 남기고 가는 것은 무엇인가요?\r'),(200180,'미스터 보스',98,'드라마/액션','15세 관람가',' 2020.12.30',18000000,476684675,'./data/poster/200180.png','무대책 ★★★★★<br/>당당함 ★★★★★<br/>필터링 ☆<br/><br/>광상고로 전학 오게 된 ‘현준’은<br/>똘끼로 무장한 ‘진원’, ‘병연’,<br/>그리고 짱 ‘영수’를 만나 4총사를 결성한다.<br/><br/>그리고 두려울 것 없는 4총사의 행보가 이어지자<br/>심기가 불편한 이들이 하나둘 모습을 드러내는데…<br/><br/>맞서라! 대책 없고 무식한 청춘들의<br/>오합지졸 토너먼트가 시작된다!\r'),(200193,'귀여운 남자',111,'코미디','15세 관람가',' 2021.01.14',5000000,41833347,'./data/poster/200193.png','어린이 코딩 교육 영업소장 ‘기성’은<br/>사고뭉치인 아버지, 어디로 튈 지 모르는 사춘기 딸,<br/>동창과 재혼한 전 부인이 있는 ‘콩가루 집안’의 가장이다.<br/>그런 그의 유일한 꿈은 아내와 다시 합쳐 가족들과 함께 넓은 아파트에 사는 것.<br/><br/>소심남 ‘기성’을 귀엽다고 하는 은행 직원 ‘일영’으로 인해<br/>그의 삶은 조금씩 뒤바뀌고, 어쩌면 ‘기성’은 가족을 다시 되찾을 수 있을 것만 같다.<br/><br/>‘전 방이 네 개 있는 아파트로 들어갈 거예요”<br/>찌질하지만 볼매, ‘귀여운 남자’의 가족 봉합 프로젝트가 시작된다!\r'),(200785,'방법: 재차의',109,'미스터리/스릴러','15세 관람가',' 2021.07.28',839727,23217674,'./data/poster/200785.png','되살아난 시체 \'재차의\'(在此矣)가 살인을 저질렀다!<br/><br/>살인사건 현장에서 피해자와 함께 용의자도 사체로 발견된다.<br/>그러나 용의자의 시신은 이미 3개월 전 사망한 것으로 밝혀져 경찰은 혼란에 빠진다.<br/><br/>한편 미스터리를 추적하는 기자 임진희는 라디오 출연 중<br/>자신이 바로 그 살인사건의 진범이며 생방송 인터뷰를 진행하고 싶다는 전화를 받게 된다.<br/>경찰과 네티즌은 임진희 기자의 온라인 생방송을 일제히 주목하고<br/>인터뷰 당일 그 곳에 나타난 범인은 되살아난 시체 \'재차의\'에 의한 3번의 살인을 예고하는데…<br/><br/>첫 번째 살인이 예고된 날,<br/>엄청난 수의 ‘재차의’ 군단이 나타나 무차별 습격을 시작하고<br/>총력 방어에 나선 경찰 당국은 속수무책으로 당하고 만다.<br/>과연 이들을 조종하고 있는 배후는 누구일까?<br/><br/>이들을 막아낼 유일한 ‘방법\'(謗法)이 온다!\r'),(201641,'공조2: 인터내셔날',129,'액션/코미디','15세 관람가',' 2022.09.07',3500000,2015810,'./data/poster/201641.png','공조 이즈 백! 이번엔 삼각 공조다!<br/><br/>남한으로 숨어든 글로벌 범죄 조직을 잡기 위해 <br/>새로운 공조 수사에 투입된 북한 형사 ‘림철령’(현빈).<br/>수사 중의 실수로 사이버수사대로 전출됐던 남한 형사 ‘강진태’(유해진)는 <br/>광수대 복귀를 위해 모두가 기피하는 ‘철령’의 파트너를 자청한다. <br/><br/>이렇게 다시 공조하게 된 ‘철령’과 ‘진태’!<br/>‘철령’과 재회한 ‘민영’(임윤아)의 마음도 불타오르는 가운데, <br/>‘철령’과 ‘진태’는 여전히 서로의 속내를 의심하면서도 나름 그럴싸한 공조 수사를 펼친다.<br/>드디어 범죄 조직 리더인 ‘장명준’(진선규)의 은신처를 찾아내려는 찰나,<br/>미국에서 날아온 FBI 소속 ‘잭’(다니엘 헤니)이 그들 앞에 나타나는데…!<br/><br/>아직도 짠내 나는 남한 형사,<br/>여전한 엘리트 북한 형사,<br/>그리고 FBI 소속 해외파 형사까지!<br/>각자의 목적으로 뭉친 그들의 짜릿한 공조 수사가 시작된다!\r'),(201685,'숏버스 감독행',90,'드라마/가족','15세 관람가',' 2021.11.25',14000000,85000000,'./data/poster/201685.png','자신의 꿈과 현실사이에서 고민하는 영화 속 주인공들은 바라왔던 이상과 다른 삶을 살아간다. 이들에게 영화 감독은 무엇인가?<br/><br/>감독? 배우? 촬영감독? 직업이 몇개야? <장래희몽><br/>파도 파도 답이 안 나오는 감독 인생! <초겨울><br/>영화? 더 이상 안 찍어요 <소영의영화><br/>에로 영화 현장, \'애\'가 들이닥쳤다! <애로><br/>이 영화... 다 찍을 수 있을까? <메이킹 필름><br/><br/>마치 내 이야기 같은 감독들의 웃픈 이야기<br/><숏버스 감독행>에서 만나보세요.\r'),(201686,'숏버스 섬뜩행',87,'드라마/공포','15세 관람가',' 2021.10.28',4000000,11744471,'./data/poster/201686.png','\"심장을 움켜쥐는 의심의 서막. 그림자 드리운 마음 한 켠, 숨어있던 또 다른 나를 만난다.<br/><br/>지옥에 가지 않기 위한 기도 <신에게 보내는 편지><br/>흔들리는 믿음과 현실 사이 악몽 <망치><br/>옥죄어오는 무거운 시선 <그랑주떼><br/>임신과 함께 찾아온 알 수 없는 불안 <사마귀><br/><br/>\"\"등골 서늘한 상상... 언제쯤 멈출 수 있을까?\"\"<br/>네 편의 섬뜩한 악몽 속으로 초대합니다.\"\r'),(201687,'소설가 구보의 하루',73,'드라마','12세 관람가',' 2021.12.09',31500000,89460381,'./data/poster/201687.png','자신의 작품 세계를 고집하며 글을 써오고 있는 소설가 구보(박종환)는<br/>선배 기영(김경익)이 편집장으로 있는 작은 출판사에 자신의 소설 출간 여부를 결정지으러<br/>부푼 마음을 안고 아침 일찍 집을 나선다.<br/><br/>기대치 못한 소식을 들은 구보는 허탈한 마음으로 거리를 배회하면서<br/>다양한 지인들과 우연 혹은 필연적으로 만나게 되는데…\r'),(201692,'숏버스 배우행',104,'드라마/다큐멘터리','12세 관람가',' 2021.12.30',3000000,27200000,'./data/poster/201692.png','오늘도 배우들은 연기를 위해 고군분투한다.<br/><br/>옥상에선 내가 톱스타! < Ok, 탑스타><br/>녹색창에 떠야만 배우인가요? <31, 내리다><br/>감독님, 제 메일은 언제 확인하실까요? <오디션><br/>아기에게 분유를 먹이는 나는 연기가 고프다 <언젠간 터질 거야><br/>오디션, 아빠가 없어도 잘 할 수 있어 <클라운><br/><br/>이들은 그토록 바라던 연기의 꿈을 펼칠 수 있을까?\r'),(201696,'브라더',97,'액션','15세 관람가',' 2021.10.07',16000000,1985001,'./data/poster/201696.png','정의감과 패기로 똘똘 뭉친 강력계 형사 ‘강수’.<br/>어느 날 그에게 마약 밀수입 등의 악질 범죄를 일삼는 <br/>거대 조직의 정보가 담긴 발신자 불명의 제보가 들어온다.<br/><br/>범죄 소탕을 위해 조직에 위장 잠입한 ‘강수’는<br/>회장의 오른팔 ‘용식’ 밑에서 조직 생활을 시작하고<br/>각자의 목적을 위해 한 팀이 된 두 사람은 묘한 우정을 느낀다. <br/><br/>“이런 일이 안 어울린다고, 강수 너한테는” <br/>한편, ‘강수’는 계속되는 비밀 수사 중 신분 들통 위기에 처하고<br/>사건을 파헤칠수록 조직과 얽힌 충격적인 진실을 마주하는데…<br/><br/>복수와 배신이 교차하는 세계에 뛰어든 두 남자,<br/>누구도 믿지 못할 팀플레이가 시작된다!\r'),(201701,'불도저에 탄 소녀',112,'드라마','15세 관람가',' 2022.04.07',2800000,60922980,'./data/poster/201701.png','이제 스무 살이 될 혜영은 팔에 새긴 용 문신처럼 무엇 하나 두려울 게 없었다,<br/>아빠 본진의 자동차 사고 전까지는.<br/>어느 밤, 본진은 남의 차를 훔쳐 달아나다 의식불명으로 뇌사상태에 빠진다.<br/>피해자는 거액의 합의금을 요구하고, 급기야 집이자 유일한 삶의 터전인<br/>중국집이 2주 후 다른 사람에게 넘어가게 된다.<br/>어린 동생 혜적과 둘만 남게 된 혜영은 이 모든 일들에 의문을 품고<br/>홀로 사건을 되짚어가는데…<br/>마침내 도달한 거짓과 부당함이 뒤엉킨 진실.<br/>자꾸 건드리는 세상을 향한 소녀의 분노가 폭발한다!\r'),(201702,'악인은 너무 많다 2: 제주 실종사건의 전말',83,'느와르/스릴러','청소년 관람불가',' 2021.11.11',500000,3779620,'./data/poster/201702.png','10년 전, 정적 \'잠수함\'에게 칼을 맞고 칩거하며 폐인처럼 살던 탐정 ‘강필\'에게<br/>친하게 지내던 동생 \'병도\'가 찾아온다.<br/>제주도의 한 건설업자가 원하는 사람을 찾아주면 꽤 큰 돈을 벌 수 있다는 제안하고<br/>재정적으로 어렵던 강필은 의뢰를 받아들여 제주도로 향한다.<br/><br/>그런데 건설업자가 찾길 바라는 실종된 감독은 수상한 점이 한두 가지가 아니다.<br/>K3리그 \'승부조작\'에 관여한 정황이 보이고<br/>주니어 축구교실 학부형들을 대상으로 \'성매매\'까지 알선했다.<br/>게다가 조사를 진행할수록 주변 사람들의 숨겨진 \'이면\'이 속속들이 밝혀지는데... <br/><br/>강필은 이 사람을 계속 찾아도 되는 걸까? <br/>건드리면 안 되는 \'진실\'에 다가가는 것은 아닐까? <br/>이 세상에 제대로 된 \'정의\'란 존재하긴 하는 걸까?<br/><br/>탐정 \'강필\', 또다시 얽히지 말아야 할 사건에 얽혀버렸다!\r'),(201718,'수색자',110,'스릴러','15세 관람가',' 2021.09.29',6000000,42000000,'./data/poster/201718.png','어두운 밤 총성이 울린 후 파견 나온 교육장교가 사망하는 사건이 일어난다.<br/>같은 시각 출입통제구역 DMZ로 탈영병이 도주하는 일이 발생하고<br/>3소대는 DMZ 수색 작전에 긴급 투입된다.<br/><br/>그곳에서 대원들은 탈영병도, 수색 대원도 아닌 정체불명의 병사를 목격한다.<br/>그리고 알 수 없는 죽음의 릴레이가 시작되는데...<br/>모든 건 바로 그날 시작되었다!\r'),(201724,'영화의 거리',77,'멜로/로맨스/코미디','12세 관람가',' 2021.09.16',6500000,30218387,'./data/poster/201724.png','영화 로케이션 매니저와 감독으로 부산에서 재회한 선화와 도영.<br/>헤어진 연인에서 일로 만난 사이가 된 이들의<br/>끝났는데 끝난 것 같지 않은<br/>쎄한 fall in 럽케이션 밀당 로맨스가 시작된다!<br/><br/>♥ <영화의 거리> fall in 럽케이션 키워드 가이드 ♥<br/>* 장르/배경: 로맨스, 현대물, 코미디, 전문직<br/>* 관계: 연인>일.만.사, 재회물, 오래된 연인, 엇갈림, 밀당, 첫눈에 반한<br/>* 여자 주인공: 로케이션매니저, 사이다녀, 능력녀, 유쾌녀, 우월녀<br/>* 남자 주인공: 영화감독, 츤데레남, 뇌섹남, 능력남, 계략남, 후회남<br/>* 이럴 때 보자: 헤어진 연인이 일로 만난 사이가 된 리얼 이불킥 로맨스가 보고 싶을 때<br/>* 공감 대사: “니 진짜 사람 속 헤집어놓는데 뭐 있네. 여기 왜 다시 왔는데”<br/>“일단 사적인 감정은 배제하고 일한 땐, 일하자”\r'),(201731,'캐논볼',77,'드라마/가족','12세 관람가',' 2021.08.25',2000000,13129846,'./data/poster/201731.png','예상치 못한 사고로 형을 잃은 ‘현우’.<br/>‘현우’는 모든 원인이 담임 선생님 ‘연정’의<br/>동생에게 있다는 사실을 알게 된다.<br/><br/>한편, 동생이 저지른 사고로 힘든 일상을 보내던<br/>‘연정’은 ‘현우’에게 뜻밖의 이야기를 전해 듣는다.<br/><br/>“선생님 동생 감옥에 있죠?”<br/><br/>난감하기만 한 ‘연정’은 ‘현우’에게<br/>이해할 수 없는 부탁을 받게 되는데…<br/><br/>“선생님이랑 바다에 가고 싶어요”\r'),(201735,'타다: 대한민국 스타트업의 초상',91,'다큐멘터리','전체 관람가',' 2021.10.14',44000000,165615285,'./data/poster/201735.png','한국의 우버로 불리며 폭발적으로 성장하던 모빌리티 플랫폼 타다(TADA).<br/>출시한 지 9개월 만에 100만 유저를 확보하며 승승장구하던 중 택시업계의 반발로 법적 공방에 휘말린다.<br/>뜨거운 논란 속 치러진 1심에서 무죄 판결을 받은 날, 모든 팀원들은 함께 모여 ‘종이컵 와인 파티’로 자축한다.<br/>하지만 그로부터 단 14일 뒤, ‘타다금지법’이 통과됐다는 청천벽력의 소식이 들려오는데...<br/>그들은 이 최악의 위기를 뚫고 타다를 새롭게 부활시킬 수 있을까?<br/><br/>모빌리티 플랫폼 타다의 이야기로 세상에 공개되는<br/>‘스타트업’에 대한 국내 최초의 다큐멘터리 필름\r'),(201742,'한창나이 선녀님',83,'다큐멘터리','전체 관람가',' 2021.10.20',18000000,389925971,'./data/poster/201742.png','새끼 낳은 소도 돌보고, 지붕에 널어둔 도루묵도 걷어야 하고,<br/>나무에 올라 감도 따고, 택시 타고 한글 배우러 시내도 나가야 하고.<br/>강원도 삼척 어느 산속에서 혼자 사는 선녀님은 앉아서 쉴 틈이 없다.<br/><br/>몸이 열 개여도 부족한 선녀님이 또 한번 일을 냈다.<br/>평생 산 하나 밖에 못 넘어 본 그녀가, 오랫동안 살던 집을 떠나 새집 짓기를 결심하는데…<br/>또박또박 뚝딱뚝딱 오늘도 바쁜 선녀님의 하루.\r'),(201766,'말임씨를 부탁해',110,'드라마','전체 관람가',' 2022.04.13',12000000,46044400,'./data/poster/201766.png','85세 대구의 꼬장 할매 정말임 여사는 자식 도움 1도 필요 없다며<br/>인생 2막을 내돈내산 나홀로라이프로 즐기려 했건만 이놈의 몸이 말썽!<br/>오랜만에 외아들 종욱의 방문 탓에 팔이 부러지고, 이 사고로 요양보호사 미선을 들이게 된다.<br/>엄마 걱정에 CCTV까지 들이는 아들과는 마음과 다르게 모진 말만 오가고,<br/>요양보호사는 어쩐지 꿍꿍이가 있는 것 같아 영 맘에 안 든다.<br/>그렇게 마찰과 화해를 반복하던 중<br/>종욱 가족이 불쑥 찾아온 명절날, 묻어두었던 관계의 갈등이 터져버리는데….<br/><br/>가족이 뭐 별거야? 이제 함께 살 테니 “우리 말임씨를 부탁해!”\r'),(201783,'액션히어로',91,'액션/코미디','12세 관람가',' 2021.07.21',12500000,10725228,'./data/poster/201783.png','꿈은 액션 배우, 현실은 공무원 준비생인 대학생 주성(이석형)이<br/>우연히 부정입학 협박편지를 발견하고,<br/>액션영화를 찍으며 악당을 때려잡는 정의구현 학식코믹액션\r'),(201799,'작은새와 돼지씨',76,'다큐멘터리','전체 관람가',' 2022.08.25',60000000,264118201,'./data/poster/201799.png','소녀 감성의 작은새와 흥도 많고 호탕하지만 눈물 많은 돼지씨는<br/>연애 시절 시처럼 감미로운 손편지로 사랑을 속삭였다.<br/>이들은 어느덧 황혼의 부부가 되어 글과 그림에 담아낸다.\r'),(201800,'숏버스 이별행',65,'코미디/멜로/로맨스','15세 관람가',' 2021.07.22',2200000,26589000,'./data/poster/201800.png','웃음과 눈물이 번진 이별 기억...<br/>위로가 필요한가요?<br/><br/>전남친의 집을 찾아간 ‘진아’<br/>무대에서 폭발한 밴드 보컬 ‘혜승’<br/>백수 남친과 아직도 못 끝낸 ‘혜수’<br/>새로운 시작을 꿈꿨던 ‘미영’<br/><br/>네 편의 단편영화와 함께하는<br/>이별 여행이 시작됩니다.<br/><br/><뜨거운 안녕.> (12분) 연출 유현 | 주연 공유림 유민석 이솔잎<br/><언프로페셔널> (11분) 연출 김세희 | 주연 윤현경<br/><중성화> (17분) 연출 김홍기 | 주연 김재화 조민재 김혜화<br/><그녀는요> (25분) 연출 원은선 | 주연 황미영\r'),(201801,'숏버스 감성행',93,'멜로/로맨스','12세 관람가',' 2021.08.19',3600000,5923044,'./data/poster/201801.png','[우리 둘만의 음악, 책, 그리고 여행]<br/>새로운 풍경 속에서 익숙한 흔적을 찾고 있는 \'소영\',<br/>파리의 어느 아름다운 거리를 랜선 산책 중인 \'미화\',<br/>반짝이는 윤슬을 보며 새로운 시작을 준비하는 \'정아\'.<br/>바다로, 프랑스로, <숏버스 감성행>의 그녀들과 떠나는 감성 여행.<br/>우리 같이 여행 갈래요?\r'),(201810,'아부쟁이',91,'액션/코미디/드라마','15세 관람가',' 2022.06.16',40000000,87840042,'./data/poster/201810.png','일진 생활 6년, 오늘부턴 아부만이 살 길!<br/><br/>고3 평균 연령 26.5세<br/>전국구 형님들이 졸업장을 위해 모여드는 풍랑고.<br/>의기양양하게 등교한 전직 일진 전학생 ‘박건’은<br/>레벨이 다른 약육강식의 현실에 무릎 꿇고<br/>큰 형님 ‘태산’을 보필하는 ‘아부쟁이’가 되기로 결심하는데…<br/><br/>약.육.강.식 먹이사슬 최하위!<br/>약자 오브 약자의 극한 생존기가 시작된다\r'),(201818,'동백',109,'드라마/가족/전쟁','12세 관람가',' 2021.10.21',3000000,4000000,'./data/poster/201818.png','3대째 국밥집을 운영하는 괴팍한 노인 ‘순철’.<br/>하지만 불경기로 인해 식당의 존폐 위기가 찾아오고,<br/>착하기만 한 아들과 철없는 손주는 도움이 되질 않는다.<br/>그러던 어느 날, 식당에 한 낯선 손님이 방문한 후<br/>거짓말 같은 일들이 벌어지는데…<br/><br/>‘속상한 기억들, 같이 펄펄 끓이는 거여.’\r'),(201853,'범털2 : 쩐의 전쟁',111,'범죄/액션/드라마','15세 관람가',' 2021.05.13',8200000,286214286,'./data/poster/201853.png','교도소 내 권력의 양대 산맥 폭력방 VS 취사방<br/>유일하게 무기를 소유할 수 있는 취사반장은 숨은 실세로 추앙받으며<br/>폭력방의 범털에게 항상 불만을 품게 되고,<br/>그로 인해 감빵 안에는 극도의 긴장감이 맴돈다.<br/><br/>그러던 중, 부산파 두목 취사반장의 과거 악연 ‘기철’이 폭력방으로 입소하고,<br/>본격적으로 두 방 사이 팽팽한 대립이 시작된다.<br/>교도소를 움직이는 재벌 회장과 보안과장까지 개입된 더욱 거대해진 판 속,<br/>진정한 범털을 가리기 위한 싸움으로 크게 번져가는데….<br/><br/>판은 이미 벌어졌다!\r'),(201863,'혼자 사는 사람들',90,'드라마','12세 관람가',' 2021.05.19',2000000,24464742,'./data/poster/201863.png','집에서도 밖에서도 늘 혼자가 편한 진아.<br/>사람들은 자꾸 말을 걸어오지만, 진아는 그저 불편하다.<br/>회사에서 신입사원의 1:1 교육까지 떠맡자 괴로워 죽을 지경.<br/>그러던 어느 날, 출퇴근길에 맨날 말을 걸던 옆집 남자가<br/>아무도 모르게 혼자 죽었다는 걸 알게 된다.<br/>그 죽음 이후, 진아의 고요한 일상에 작은 파문이 이는데…<br/><br/>저마다 1인분의 외로움을 간직한, 우리들 이야기\r'),(201898,'내겐 너무 소중한 너',100,'드라마','12세 관람가',' 2021.05.12',1,5,'./data/poster/201898.png','돈만 빼고 세상 무서울 게 없다고 호언장담하던 ‘재식’은<br/>갑자기 세상을 떠난 ‘지영’의 전재산을 먹튀하기 위해<br/>‘지영’의 딸 ‘은혜’의 가짜 아빠를 자처하게 된다.<br/><br/>알고 보니 ‘은혜’는 시각과 청각 장애를 모두 가진 아이.<br/>보지도, 듣지도 못하는 ‘은혜’를 귀찮아 하던 ‘재식’은<br/>손끝으로 세상을 느끼는 ‘은혜’만의 특별한 방식에<br/>조금씩 익숙해지기 시작하는데…\r'),(202352,'아수라도',90,'액션/범죄','청소년 관람불가',' 2021.03.18',38000000,17380126,'./data/poster/202352.png','어떠한 법도 상식도 통하지 않는<br/>극악무도한 범죄자들만 모인 죽음의 제3교도소.<br/>이들조차 쩔쩔매게 만든 전국구 보스 ‘이태식’이 입소하자<br/>새로운 권력의 시대가 열린다.<br/><br/>머지않아 새로 부임한 교도소장 ‘조평호’는<br/>피도 눈물도 없는 악독함의 끝을 보여주며<br/>이태식과 비롯해 죄수들을 지독하게 옥죄기 시작하는데…<br/><br/>세상의 모든 악이 모여있는 ‘아수라도’<br/>벼랑 끝에 몰린 진짜 악인들의 전쟁이 시작된다!\r'),(202370,'그리고 방행자',93,'다큐멘터리','12세 관람가',' 2021.03.11',2500000,3200000,'./data/poster/202370.png','어린 시절 취미로 모은 장난감을 시작으로<br/>장난감 박물관 사업을 시작한 한국 최고의 장난감 수집가이자<br/>‘토이키노’ 장난감 박물관 주인 ‘원경’.<br/><br/>삼청동부터 인사동, 수많은 장소를 거쳐오며<br/>많은 사람들에게 추억을 선물했던 ‘토이키노’는<br/>언론사의 횡포로 한순간 무너지고<br/>‘원경’의 고통을 지켜볼 수 없었던 어머니 ‘방행자’가 추운 거리로 나섰다.<br/><br/>엄마이자, 예술가이자, 한 여성이었던<br/>장난감 집 할머니 ‘방행자’.<br/>‘원경’은 그녀가 손자에게 마지막으로 남기고 간 특별한 기록을 발견한다.<br/><br/>잊을 수 없는 기억을 남기고 떠난, 내가 사랑한 ‘할머니’<br/>그녀가 남긴 따뜻한 사랑과 뜨거운 기록이 시작된다!\r'),(202526,'최면',85,'공포/스릴러','15세 관람가',' 2021.03.24',1300000,10750000,'./data/poster/202526.png','학교생활에 충실한 영문과 대학생 ‘도현’(이다윗).<br/>우연히 편입생 ‘진호’(김남우)를 통해 최면에 관심을 가지게 되고<br/>‘최교수’(손병호)에 의해 최면 치료를 받게 된다.<br/>그러나 최면 체험 이후 그는 알 수 없는 기억의 환영을 보기 시작하고<br/>친구들도 하나 둘 이상한 환영에 시달리다 의문의 사건을 맞이한다.<br/>‘최교수’는 왜 ‘도현’과 친구들에게 최면을 걸기 시작한 것일까...?<br/><br/>기억의 빈틈, 진실은 그곳에 있다!\r'),(202901,'더 박스',94,'드라마','12세 관람가',' 2021.03.24',5400000,35000000,'./data/poster/202901.png','100가지 중에 99가지가 안 맞지만,<br/>단 하나 딱 맞는 게 있다면 오직 ‘음악’ 뿐.<br/>음악에만 미친 브로들의 계약 여행.<br/><br/>과연 이들은 약속했던<br/>10번의 무대를 다 채울 수 있을까?\r'),(203085,'턴: 더 스트릿',87,'드라마/멜로/로맨스','12세 관람가',' 2021.03.31',1000000,21378361,'./data/poster/203085.png','스페이스엔터테인먼트 연습생인 \'승훈\'은<br/>곧 데뷔를 앞두고 지쳐있던 \'진\'과 우연한 계기로<br/>친해진 후 서로 응원해주는 사이가 된다.<br/><br/>열심히 연습을 하던 어느 날 그 둘은 스트레스를 해소하기 위해 함께 땡땡이를 치고<br/>기획사 대표에게 걸려 \'승훈\'은 기획사를 나오게 된다.<br/><br/>이후 \'승훈\'은 춤을 포기하지 않고 연습생 생활을 같이 한 \'종윤\'과 함께<br/>[더 스트릿 스타] 댄스 경연대회에 도전하기로 한다.<br/>방황하던 댄서들을 모아 새로운 팀 ‘마운틴 크루’를 만들게 되는데...<br/><br/>춤에 미친 청춘들의 무대가 펼쳐진다!\r'),(203310,'트웬티 해커',103,'액션/드라마','15세 관람가',' 2021.03.24',2500000,50700000,'./data/poster/203310.png','서울 도심의 거리, 평화롭게 길을 걸어가는 사람들. 갑자기 동시다발적으로 전자지갑에서 출금 문자가 도착한다. 그리고 곧이어 도심의 전광판은 해커의 경고성 메시지로 도배된다.<br/><br/>‘You Know what? What can you do? ‘<br/><br/> ‘It’s Better World.‘<br/><br/>사건 발생 15일 전! 영원한 승자도, 패자도 없는 해커들 사이에. 혜성처럼 나타나 해커들의 감시자로 불리는 천재 해커 재민 a.k.a. Hex.<br/><br/>재민은 아버지 회사를 나락으로 빠트린 블랙해커 집단 ‘유노왓‘ 을 찾기 위해 독학으로 해킹을 마스터하고, 블랙해커의 움직임을 감시하는 역할을 하고 있었다. 어느 날, 재민은 해커들의 이상한 움직임을 감지하고, 막으려던 찰라! 오히려 재민의 움직임을 막아서는 해커, 화이트 해커 집단, 베러월드를 마주하게 된다.<br/><br/>‘베러월드’는 한국대학교 내의 비밀 동아리로, 해킹으로 더 좋은 세상을 만들겠다는 모토로 시작된 화이트 해커들의 모임이었다. 그들은 재민의 능력을 높이 사며 함께 하기를 권하고, 재민은 결국 반강제적으로 입부하게 된다. 한편, 재민의 소꿉친구인 주희의 아버지가 암호화폐 투자 사기꾼 친구에게 낚여, 퇴직금을 모조리 투자하려는 것을 알게 된다. 재민과 베러월드는 그들의 컴퓨터를 해킹해서, 투자 설명회를 망치고, 사기꾼들을 잡는데 성공한다. 이 사건으로 베러월드는 유명세와 주목을 받게 된다.<br/><br/>재민은 이 유명세를 이용해서 자신이 찾고 있는 ‘유노왓’을 불러들이려고 하고, 혜수는 베러월드가 위험해 질 수 있다며 경고를 한다. 재민의 예상대로 ‘유노왓‘ 은 암호화폐의 인기에 한창 주가가 치솟는 국제 거래소를 해킹 타겟으로 지명하고, 재민은 곧장 송도로 출발해 복수의 계획을 실행한다.<br/><br/>한편 주희의 아버지가 또 다시 국제 거래소에 거금을 투자를 했다는 소식에, 함정이라는 것을 알아차린 재민. 재민과 베러월드는 다시 힘을 합쳐, 블랙해커 ‘유노왓’을 막아내려고 하는데….<br/>과연 그들은 블랙해커 ‘유노왓’의 계획에 맞서, 국제거래소를 지켜 낼 것인가!\r'),(203461,'안녕하세요',118,'드라마','12세 관람가',' 2022.05.25',70000000,101371017,'./data/poster/203461.png','외로운 세상 속에서 죽음을 결심한 열아홉 수미(김환희).<br/>‘죽는 법’을 알려주겠다는 수간호사 서진(유선)의 제안에 따라<br/>늘봄 호스피스 병동을 찾아간다.<br/><br/>이 사람들이 곧 죽을 사람들이라고?!<br/>예상치 못한 유쾌함과 따뜻함이 수미를 반기고,<br/>하루하루를 소중히 살아가는 그들에게 점차 스며들며<br/>세상의 온기를 배워가기 시작하는데…<br/><br/>‘힐링 메이트’들이 전하는<br/>눈부시게 찬란한 위로!<br/><br/>“안녕하세요”\r'),(203465,'이번엔 잘 되겠지',96,'코미디','15세 관람가',' 2021.07.08',12000000,25333333,'./data/poster/203465.png','구 에로 영화 감독, 현 치킨집 사장인 승훈에게<br/>코로나라는 일생 최악의 위기가 찾아오고<br/>가족 같던 닭 집 식구들마저 떠나보내야 할 상황에 처한다.<br/><br/>승훈의 앞에 블록버스터 대작의 기운을 물씬 풍기는<br/>시나리오가 나타나고 다시 한번 재기를 꿈꾸지만 쉽지만은 않다.<br/>가는 곳마다 번번히 퇴짜를 맞고 순조롭던 영화 촬영에도<br/>예측불가한 상황들이 일파만파 커지는데..<br/><br/>“버티고 또 버티면, 이번엔 잘 되겠지!”\r'),(203468,'아이들은 즐겁다',108,'드라마','전체 관람가',' 2021.05.05',5000000,28200000,'./data/poster/203468.png','신나는 만남, 함께 한 여행, 그리고 마지막 인사 “고마워”<br/>어딘가 아파서 병원에 있는 엄마와 항상 바쁜 아빠,<br/>조금은 외롭지만 새로 전학간 학교에서 만난 친구들 덕분에<br/>9살 다이는 즐겁다.<br/><br/>어느 날, 엄마와의 이별이 조금씩 가까워지는 것을 느낀 다이,<br/>친구들과 함께 엄마를 만나기 위해 어른들 몰래 여행을 떠난다.<br/>9세 인생 최초! 전재산을 탈탈 털어 떠난 여행,<br/>그리고 엄마와의 만남 끝에 기다리고 있는 마지막 인사.<br/><br/>2021 함부르크국제영화제 michel 부문 초청<br/>66회 Cork International Film Festival - Family Progamme Section 초청<br/>39회 International Young Audience Film Festival ALE KINO! The honourable mention of the ZEF Film Educators Team<br/>39회 International Young Audience Film Festival ALE KINO! MARCINEK Feature Film<br/>39회 International Young Audience Film Festival ALE KINO! INTERNATIONAL JURY OF FILM EDUCATORS AWARD Special mention<br/>39회 International Young Audience Film Festival ALE KINO! AWARD OF THE ASSOCIATION OF POLISH FILMMAKERS<br/>26회 SCHLINGEL INTERNATIONAL FILM FESTIVAL Award of the Kids Jury<br/>61회 Zlin Film Festival Karel Zeman Award - Special Recognition for Best Visual Concept in a Feature Film in the Children’s<br/>Category Special mention<br/>FIFEM - Montreal International Children\'s Film Festival 2022 Grand prix de Montreal by the Children\'s Jury\r'),(203488,'극장판 콩순이: 장난감나라 대모험',79,'애니메이션','전체 관람가',' 2021.05.05',50000000,75000000,'./data/poster/203488.png','\"“진짜 진짜 이번이 마지막! 이것만 사주세요~!”<br/>장난감가게의 새 장난감을 보니 콩순이의 가슴은 콩닥콩닥!<br/>그런데 엄마는 안 된다고만 하고 흥.칫.뿡!<br/>“콩순아, 자꾸 새 것만 찾으면 집에 있는 장난감 친구들이 마음 아프지 않을까?”<br/>장난감이 마음이 아프다니! 거짓말이야!<br/><br/>\"\"안녕? 나는 해피! 해피는 너의 친구야\"\"<br/>토라진 콩순이 앞에 나타난 원숭이 로봇 해피!<br/>콩순이가 가장 아끼는 인형 토토를 주면 새 장난감들을 준다고?<br/><br/>집에 도착하니 거짓말처럼 새로운 장난감이 방 안에 한가득!<br/>그런데 잠깐! 토토와 함께 엄마, 아빠, 콩콩이가 사라졌다?! 설마 해피가…?<br/><br/>사라진 가족을 찾기 위해 세요, 밤이, 송이와 함께<br/>해피가 있는 신비한 장난감나라로 떠나는 콩순이!<br/>콩순이와 친구들의 우당탕탕 콩짝발랄 모험이 시작된다!\"\r'),(203661,'스쿨 오브 락(樂)',70,'다큐멘터리','전체 관람가',' 2021.05.13',27000000,115229890,'./data/poster/203661.png','꿈도, 배우고자 하는 열의도 없던 학생들이 모인<br/>그곳에 날라리 교장선생님이 부임했다!<br/>이상한 탈을 쓰고 등교하는 건 기본이요,<br/>점심시간마다 학교를 가득 채우는 버스킹에<br/>발 디딜 틈 없이 북적거리는 교장실까지!<br/><br/>“공부를 포기했다고 인생도 포기한 건 아니야!”<br/><br/>아무도 귀 기울이지 않던 아이들의 이야기를 들어주는 선생님과<br/>그 안에서 인생의 목표를 찾아가는 아이들.<br/>어디서도 본 적 없는 날라리 교장쌤의 특별한 ‘인생수업’이 시작된다!<br/><br/>공부보다 중요한 ‘진짜 인생’은 지금부터!<br/>오늘도 신나게 학교 다녀오겠습니다!\r'),(203667,'늦봄2020',70,'다큐멘터리','전체 관람가',' 2022.02.10',250000,12021272,'./data/poster/203667.png','1918년 만주 북간도의 독립운동가들의 이상촌에서 태어난 문익환 목사.<br/>그는 일제의 탄압 속에 어릴 적 벗 윤동주를 잃고 유신정권의 폭정으로 친구 장준하를 잃었다.<br/>또한 남북을 갈라놓은 휴전선 회담을 직접 통역하고 분단된 조국에 손을 내밀며 대한민국 근대사의 격량을 온몸으로 살아냈다.<br/>전 생애를 통해 시대를 끌어안으며 고통받는 모든 곳에서 희망의 불씨를 피워낸 문익환 목사.<br/><늦봄2020>은 최초로 현존하는 육성 자료로 문익환의 목소리를 복원하여 그 시대의 생생함을 전달한다.\r'),(203715,'너에게 가는 길',93,'다큐멘터리','12세 관람가',' 2021.11.17',9000000,41590886,'./data/poster/203715.png','34년차 소방 공무원 ‘나비’와 27년차 항공 승무원 ‘비비안’,<br/>단 한번도 상상해본 적 없는 내 아이의 커밍아웃 이후<br/>오늘도 한 걸음 다가가는 중인 현재진행형 그녀들의 뜨거운 이야기\r'),(203716,'낫아웃',107,'드라마','15세 관람가',' 2021.06.03',14000000,154864401,'./data/poster/203716.png','기적이 일어났고, 끝까지 가고 싶었다.<br/><br/>특별할 것 없던 열아홉 고교 야구 입시생 ‘광호’는<br/>봉황대기 결승전 결승타의 주인공이 된다,<br/>잘 될 것 같았던 신인 드래프트에서 탈락한 ‘광호’.<br/><br/>야구를 계속하기 위해서는 돈이 필요하다고 생각한 ‘광호’는<br/>친구에게 불법 휘발유를 파는 일을 소개받아 악착같이 돈을 모으기 시작한다.<br/><br/>하지만 뭐하나 뜻대로 되지 않자,<br/>결국 ‘광호’는 친구에게 위험한 제안을 하는데….\r'),(203719,'첫번째 아이',93,'드라마','12세 관람가',' 2022.11.10',75000000,136982834,'./data/poster/203719.png','첫 아이가 태어나고 일 년 후 ‘정아’는 회사에 복직한다. <br/>사회초년생 ‘지현’은 계약 연장을 위해 ‘정아’의 자리를 꿰차려 하고<br/>타지에서 가족의 생계를 책임져야 하는 ‘화자’는 <br/>‘정아’의 첫번째 아이를 돌보게 된다. <br/>그러던 어느 날, ‘정아’는 아이가 사라졌다는 연락을 받고<br/>세 여자는 ‘정아’의 첫 아이로 얽히고설킨다.<br/><br/>여자들에게 아이는 문제일까? 답일까?<br/>모두가 풀고 싶은 그녀들의 딜레마를 만난다\r'),(203721,'열아홉',87,'드라마','15세 관람가',' 2021.06.30',806948,32000000,'./data/poster/203721.png','괴물 같았던 아빠는 집을 떠났고, <br/>엄마마저 사라졌으면 좋겠다는 생각이 들었던 그 날<br/>열아홉 ‘소정’은 피를 토한 채 죽어있는 엄마와 마주한다.<br/><br/>엄마의 시신을 욕조에 숨긴 ‘소정’은 음악으로 도피하며 <br/>위태로운 홀로서기를 시작하는데…\r'),(204138,'복지식당',96,'드라마','12세 관람가',' 2022.04.14',28000000,8345056,'./data/poster/204138.png','사고로 장애인이 된 청년 ‘재기’는<br/>홀로 거동조차 힘든 중증에도 불구하고, <br/>경증의 장애 등급을 받아 힘겨운 싸움 중이다.<br/>하지만 그의 딱한 사정을 봐준 선배 장애인 ‘병호’ 덕에 <br/>취업도 하고 대출도 받으며 희망을 되찾는다. <br/>그렇게 삶의 재기가 눈앞에 왔다고 여긴 순간 ‘재기’는 <br/>세상에 자신이 중증 장애인임을 증명해야 하는데…<br/><br/>세상의 문턱 앞에 선 ‘재기’를 만난다\r'),(204159,'성적표의 김민영',97,'드라마','전체 관람가',' 2022.09.08',35000000,41954997,'./data/poster/204159.png','기숙사 생활을 하며 삼행시 클럽을 만들어 고등학교 생활을 함께 지낸 김민영, 유정희, 최수산나.<br/>영원할 것 같았던 그들의 우정도 졸업과 동시에 각자의 다른 생활 속에서 관계가 소원해진다.<br/>다른 지역에서 대학을 다니는 민영이 갑자기 정희를 집으로 초대하고,<br/>정희는 기쁜 마음으로 민영을 찾아가지만,<br/>자신의 기말 성적을 정정하느라 바쁜 민영에게 정희는 안중에도 없다.<br/>정희는 ‘그럼에도 불구하고’ 민영을 기다린다.<br/>과연 정희와 민영은 다시 예전으로 돌아갈 수 있을까?\r'),(204175,'습도 다소 높음',77,'코미디/드라마','15세 관람가',' 2021.09.01',4,25,'./data/poster/204175.png','<낭만극장 이용수칙><br/>체온 체크<br/>문진표 작성<br/>마스크 착용 필수…<br/><br/>“그런데 에어컨은 왜 안 틀죠?”<br/>이것이 진짜 재난이다!<br/><br/>극한의 습도가 엄습해온 어느 여름날,<br/>이희준 감독의 신작 <젊은 그대> 시사회를 보기 위해 관객들이 극장에 모여든다.<br/>하지만 이게 웬걸,<br/>긴축경영으로 에어컨 가동을 거부한 극장은 관객들이 뿜어내는 고온의 짜증으로 더욱더 다습해져 가고,<br/>그저 쾌적하고 싶을 뿐인 관객들은 정신을 혼미하게 하는 습도의 폭격에 돌발 행동을 보이기 시작하는데...<br/><br/>일생일대의 위기가 이렇게 온다고?!<br/>누구도 살아남을 수 없는 습도 대폭발, 웃음 대폭발의 하루가 시작된다!\r'),(204176,'말아',76,'드라마','12세 관람가',' 2022.08.25',125000000,238207122,'./data/poster/204176.png','전염병 유행으로 집에만 콕 박혀 있는 청년 백수 ‘주리’<br/>배고픔도 실연의 아픔도 모두 집에서 해결한다<br/><br/>어느 날 자취방을 부동산에 내놓았다는 연락과 함께<br/>엄마의 김밥집을 운영하라는 미션이 주어지는데…<br/><br/>인생도 김밥처럼 요령껏 말 수 없나?<br/>스물다섯 주리의 명랑한 자력갱생이 시작된다\r'),(204177,'나를 죽여줘',119,'드라마','15세 관람가',' 2022.10.19',45000000,302710615,'./data/poster/204177.png','작가로서의 삶을 포기한 채 선천적 지체장애를 가진 아들 현재를 돌보고 있는 민석. 소년에서 성인이 되어가는 현재가 장애인 활동지원사인 기철과 독립을 꿈꾸며 민석과 갈등을 빚게 된다. 그러던 어느 날 예기치 못한 사고로 민석의 몸에 이상이 생긴 것을 알게 되고, 현재와 가족들의 일상이 변하게 되는데… <br/>“아빠는 점점 죽어가고 있어…” <br/><br/>보통의 평범한 일상이 힘든 모든 이들을 위한 영화가 온다! <br/>#장애 #성(性) #존엄사 #가족\r'),(204640,'육사오(6/45)',113,'코미디','12세 관람가',' 2022.08.24',48000000,474171806,'./data/poster/204640.png','우연히 1등 당첨 로또를 주운 말년 병장 ‘천우’.<br/>심장이 터질듯한 설렘도 잠시, 순간의 실수로 바람을 타고 군사분계선을 넘어간 로또.<br/>바사삭 부서진 멘탈을 부여잡고…기필코 다시 찾아야 한다!<br/><br/>우연히 남쪽에서 넘어온 1등 당첨 로또를 주운 북한 병사 ‘용호’.<br/>이거이 남조선 인민의 고혈을 쥐어 짜내는 육사오라는 종이쪼가리란 말인가?<br/>근데 무려 당첨금이 57억이라고?!<br/><br/>당첨금을 눈앞에서 놓칠 위기에 처한 ‘천우’와<br/>북에선 한낱 종이쪼가리일 뿐일 로또를 당첨금으로 바꿔야 하는 ‘용호’.<br/>여기에 예상치 못한 멤버들(?)까지 합류하고 57억을 사수하기 위한 3:3팀이 결성되는데…<br/><br/>주운 자 VS 또 주운 자<br/>아슬아슬 선 넘는 지분 협상이 시작된다!\r'),(204649,'해피 뉴 이어',138,'멜로/로맨스/드라마','12세 관람가',' 2021.12.29',1500000,12000000,'./data/poster/204649.png','15년째 남사친에게 고백을 망설이는 호텔리어 ‘소진’<br/>그런 소진의 속도 모른 채 여자친구 ‘영주’ 와의 초고속 깜짝 결혼을 발표하는 ‘승효’<br/>모든 걸 다 가졌지만 짝수 강박증으로 고생하는 호텔 대표 ‘용진’<br/>뮤지컬 배우의 꿈을 접고 생활전선에 뛰어든 하우스키퍼 ‘이영’<br/>공무원 시험 낙방 5 년 차, 되는 일이 하나도 없는 호텔 투숙객 ‘재용’ 에게 걸려온 뜻밖의 모닝콜<br/>오랜 무명 끝 전성기를 맞이하고 함께하는 마지막 콘서트를 앞둔 가수 ‘이강’ 과 매니저 ‘상훈’<br/>40년 만에 우연히 첫사랑 ‘캐서린’을 다시 만난 호텔 간판 도어맨 ‘상규’<br/>매주 토요일 호텔 라운지에서 새로운 인연을 기다리는 맞선남 ‘진호’까지<br/><br/>때론 아찔하고, 때론 애틋하고,<br/>때론 눈물나게 행복한 올해의 마지막,<br/>호텔 엠로스에서 당신을 기다립니다!\r'),(204650,'봄날',102,'드라마/액션/느와르','15세 관람가',' 2022.04.27',27000000,96900000,'./data/poster/204650.png','한때는 잘나가던 큰형님 \'호성\'(손현주).<br/>8년 만에 출소해 보니 남보다 못한 동생 \'종성\'(박혁권)은 애물단지 취급이고,<br/>결혼을 앞둔 맏딸 \'은옥\'(박소진)과 오랜만에 만난 아들 \'동혁\'(정지환)은<br/>\'호성\'이 부끄럽기만 하다.<br/><br/>아는 인맥 다 끌어 모은 아버지 장례식에서<br/>부조금을 밑천삼아 기상천외한 비즈니스를 계획하며 제2의 전성기를 꿈꾸는데…<br/>그런데…! 하필이면 세력 다툼을 하는 두 조직이 이곳에 함께 있는 것이 아닌가!<br/>때마침 눈치라고는 1도 없는 \'호성\'의 친구 \'양희\'(정석용)가<br/>술에 취해 오지랖을 부리는데...<br/><br/>일촉즉발! 수습불가!<br/>과연 X버릇 남 못 준 \'호성\'에게 봄날이 찾아올까?\r'),(204781,'썰',84,'코미디/스릴러/미스터리/공포','청소년 관람불가',' 2021.06.03',2000000,18344729,'./data/poster/204781.png','일주일에 무려 200만원, 핵이득 꿀알바 VVIP 돌봄 서비스를<br/>시작하게 된 공시생 ‘정석’(강찬희)이 인적 드문 산골에 위치한 저택을 찾는다.<br/><br/>역대급 말빨을 장착한 선임 알바생 ‘이빨’(김강현)은 만나자마자 쉴 새 없이 썰을 늘어놓고,<br/>그 와중에 일명 전설의 10초녀 ‘세나’(김소라)가 눈앞에 등장한다.<br/>믿기 힘든 썰의 스케일은 걷잡을 수 없이 커져만 가는데…<br/><br/>단단히 도른자들의 B급 전쟁이 시작된다!\r'),(205614,'나만 보이니',97,'공포/코미디','15세 관람가',' 2021.07.21',1400000,3000000,'./data/poster/205614.png','감독 장근과 동료들은 영화 촬영을 위해 버려진 호텔을 찾는다.<br/>분명 여기엔 우리 6명 말고 아무도 없댔는데 저기 저분은 누구?<br/>갑자기 분위기가 싸해지고 귀신을 봤다는 스태프들이 속출하며 <br/>애절한 로맨스 영화는 점점 아찔한 호러 영화가 되어가는데!<br/>우리… 이 영화 무사히 끝낼 수 있을까?\r'),(205629,'괴기맨숀',106,'공포','15세 관람가',' 2021.06.30',1020000,2000000,'./data/poster/205629.png','공포 웹툰 작가 지우는 아이디어를 찾아 괴기맨숀이라 불리는 허름한 아파트에 도착한다.<br/>표정을 알 수 없는 중년의 관리인은<br/>이 아파트에서 일어났던 기묘한 사건들에 대해 이야기보따리를 풀어내고,<br/>504호, 708호… 지우는 사연을 들을수록 홀리기라도 한 듯 괴기맨숀에 점점 집착하게 되는데...!<br/><br/>미스터리한 맨숀! 5개의 에피소드! 괴이하고 섬뜩한 현실 공포가 온다!<br/><br/>2021 Mayhem Film Festival\r'),(206168,'귀문',85,'미스터리/스릴러/공포','15세 관람가',' 2021.08.25',1288000,6000000,'./data/poster/206168.png','1990년, 귀사리의 한 수련원에서 건물 관리인이 투숙객들을 집단살해하는 사건이 발생한다.<br/>이후 폐쇄된 수련원에는 이승과 저승, 과거와 현재가 공존하는 초공간이 생기고 희생자들은 지박령이 되어 그곳에 갇힌다.<br/><br/>1996년, 호러 공모전 영상을 촬영하기 위해 폐수련원에 들어갔던 대학생 3인방이 실종되고,<br/>폐수련원의 원혼들을 달래며 씻김굿을 하던 도진모가 의문의 죽음을 당하게 된다.<br/><br/>2002년 현재, 심령연구소 소장 도진은 지박령을 천도시키고 어머니의 한을 풀기 위해 귀사리 폐수련원을 찾는다. 저승과 이승을 이어주는 ‘귀문’을 통해 1990년의 초공간으로 들어간 도진은 도리어 악귀에게 쫓기다가 1996년 실종된 대학생 3인방과 조우하게 되는데...<br/><br/>귀문 너머 초공간에 갇힌 1990년의 지박령들과 그곳으로 들어간 도진 그리고 1996년에 실종되어 시간이 반복되는 또 다른 초공간에 갇힌 대학생 3인방.<br/>이들이 만들어내는 소름 끼치는 공포가 귀사리 폐수련원에서 펼쳐진다.<br/><br/> 들어온 자, 나갈 수 없다!<br/> 감당할 수 있다면 ‘귀문’을 열어라!\r'),(206217,'평평남녀',121,'드라마/멜로/로맨스','12세 관람가',' 2022.04.28',50000000,109423648,'./data/poster/206217.png','바쁜 회사일로 연애는 못하고<br/>기막힌 아이디어는 까이기 일수<br/>승진은 남의 이야기<br/>열정만렙 33살 만년대리! 우리의 영블리 영진<br/><br/>어느 날, 능력은 없지만 빽은 있는 낙하산 준설이 그녀 앞에 떨어지고<br/>하루도 평평할 날 없는 영진의 고달픈 일상이 시작되는데…<br/><br/>일도 사랑도 꼬여버린<br/>할많하않 오피스 브이로그가 온다!\r'),(206220,'쇼미더고스트',83,'코미디/공포','12세 관람가',' 2021.09.09',4500000,13417292,'./data/poster/206220.png','\"영혼까지 끌어모아 마련한 돈으로 드림 하우스에 입성한 20년 절친 예지와 호두.<br/>완벽한 줄 알았던 집에 귀신이 들자, 돈도 갈 곳도 없는 둘은 귀신을 내쫓기로 결심한다.<br/>그러나 귀신보다 무서운 서울 물가 때문에 지쳐버린 두 사람은<br/>값비싼 전문 퇴마사 대신 특별할인 이벤트 중인 꽃도령 퇴마사 기두와 셀프 퇴마에 나서는데…<br/><br/>\"\"귀신님, 아직... 안 나가셨어요?\"\"\"\r'),(206221,'거래완료',120,'드라마','12세 관람가',' 2022.10.06',28000000,41230799,'./data/poster/206221.png','중고 거래 앱에 올라온 다섯 개의 물건<br/>다섯 명의 판매자와 다섯 명의 구매자<br/>그리고 이들의 거래를 기록하는 한 명의 작가<br/><br/>꿈과 희망, 추억도 직거래가 되나요?<br/><br/>다섯 개의 물건을 둘러싼<br/>예측불허의 모험이 지금 시작됩니다<br/><br/>10월, 거래개시!\r'),(206608,'당신얼굴 앞에서',85,'드라마','15세 관람가',' 2021.10.21',200000,4505922,'./data/poster/206608.png','그녀는 고층 아파트에 있어 본 적이 없다.<br/>여동생은 어떻게 이런 높은 곳에 살면서 괜찮은 걸까, 란 의문이 든다.<br/>며칠 전부터 동생 집에 불쑥 들어와 살면서 한국에 다시 사는 걸 경험하고 있다.<br/>숨기는 비밀이 있는 것 같지만, 그래도 하루하루에 집중하며 살게 하는 맘 챙김을 잘하고 있다.<br/>한 그녀보다 나이 어린 영화감독이 그녀를 영화에 쓰고 싶다고 연락이 왔고,<br/>한두 번의 사양을 거쳐 오늘 그 감독을 만나러 간다.<br/>서울 도심 어느 골목에 있는 작고 오래된 술집에서 낮술을 마시는데 비가 내리고 천둥이 친다.\r'),(207520,'애프터 미투',85,'다큐멘터리','15세 관람가',' 2022.10.06',68000000,118063304,'./data/poster/207520.png','미투 운동이 남긴 수많은 숙제,<br/>더 이상 미룰 수 없다!<br/><br/>동시대를 살아가는 여성들의 목소리로<br/>풀어가는 #MeToo 그 이후 이야기.<br/><br/>아직 할 말이 너-무 많은<br/>우리들의 #AfterMeToo.\r'),(207524,'코코순이',125,'다큐멘터리','전체 관람가',' 2022.08.25',11000000,32861136,'./data/poster/207524.png','1942년 5월, 조선군사령부의 제안으로 일명 파파상, 마마상 부부가 전국을 돌며 취업을 빌미로 부상 병사들을 돌볼 여성을 모집해 부산, 대만, 싱가포르를 거쳐 미얀마에 위치한 일본군‘위안부’ 수용소로 보낸다. 1944년 8월, 연합군과 중국군에 밀린 일본군과 붙잡힌 조선인 여성들은 연합국의 포로가 되어 통역도 없이 일어와 영어로 심문 받은 후 인도 각지로 흩어진다. 그리고 발견된 이들 조선인’위안부’ 20명에 대해 기록한 미 전시정보국 49번 심문보고서에는 “조선인’위안부’는 돈 벌이에 나선 매춘부”라는 것. 20명 중 행적을 알 수 있는 단 한 명, ‘코코순이’라는 이름의 단서를 추적해 왜곡된 기록 속에 감춰진 진실을 밝힌다!<br/><br/>우리는 역사를 기억해야 한다. 과거에도, 현재에도 저들은 거짓을 말하고 있다!\r'),(207532,'숲의 비명 : 사라진 사람들',72,'공포/스릴러','15세 관람가',' 2021.08.26',17000000,46357676,'./data/poster/207532.png','방생한 반달곰을 추적하기 위해 강원도 깊은 산골로 들어가게 된<br/>수의학과 학생들에게<br/>느닷없이 음산한 기운이 드리워지는,<br/>깊은 산으로 들어갈수록 반달곰 추적기는 같은 자리를 맴돌고,<br/>서서히 공포가 밀려오는데...<br/><br/>산 속에서 벌어지는 사실 공포 스릴러<br/><br/>몸을 얼리는 리얼 공포 !<br/>비명은 곧, 영화를 보는 당신이 지른다 !<br/>진실을 알고 싶다면 실눈이라도 떠라 !\r'),(208094,'늑대들',99,'액션','청소년 관람불가',' 2022.04.27',160000000,164508066,'./data/poster/208094.png','지키려는 야쿠자와 뺏으려는 고려인 마피아의 피할 수 없는<br/>전쟁이 시작될 무렵<br/>여성들이 연쇄 살인마로부터 희생되는 사건이 발생하자<br/>경찰이 대대적인 수사에 나선다.<br/>그러던 어느 날 야쿠자 보스의 딸이 납치되면서<br/>사건은 걷잡을 수 없는 방향으로 흘러간다.\r'),(208133,'물방울을 그리는 남자',79,'다큐멘터리','전체 관람가',' 2022.09.28',50000000,48169156,'./data/poster/208133.png','50년간 묵묵히 \'물방울\'만을 그리며<br/>물방울 작가로 사랑받은 화가 김창열<br/><br/>침묵과 고독으로 가득한 그의 세상에는<br/>기묘한 균열이 존재한다<br/><br/>자신의 아버지이자 같은 예술가인<br/>\'인간 김창열\'을 이해하기 위해<br/>카메라를 든 아들은<br/>그리움의 시간을 살다 간<br/>그의 삶을 담는다\r'),(208144,'모어',81,'다큐멘터리','15세 관람가',' 2022.06.23',13200000,15171476,'./data/poster/208144.png','발레리나, 뮤지컬 배우, 안무가, 작가<br/>누군가의 자식, 친구, 연인<br/>성소수자, 드랙퀸, 끼순이<br/>그리고 토슈즈 신는 미친X…<br/>이 세상 어디에도 속할 수 없는 나<br/>인생은 쇼, 내 이름은 모어!<br/><br/>진짜 튀는 무대를 보여줄게!\r'),(208462,'로그 인 벨지움',65,'다큐멘터리','전체 관람가',' 2021.12.01',2000000,11833696,'./data/poster/208462.png','팬데믹 선포로  벨기에 앤트워프 낯선 호텔에 고립된 배우 유태오,<br/>영화라는 감수성이 통한 가상의 세계에서 찾은<br/>진짜 유태오의 오프 더 레코드\r'),(208530,'강릉',119,'범죄/액션','청소년 관람불가',' 2021.11.10',2500000,9500000,'./data/poster/208530.png','강릉 최대 조직의 ‘길석’<br/>평화와 의리를 중요시하며 질서 있게 살아가던 그의 앞에<br/>강릉 최대 리조트 소유권을 노린 남자 ‘민석’이 나타난다<br/><br/>첫 만남부터 서늘한 분위기가 감도는 둘,<br/>‘민석’이 자신의 목표를 위해 본격적으로 움직이기 시작하면서<br/>두 조직 사이에는 겉잡을 수 없는 전쟁이 시작되는데..<br/><br/>거친 운명 앞에 놓인 두 남자<br/>그들의 이야기가 시작된다\r'),(208655,'F20',104,'스릴러','15세 관람가',' 2021.10.06',50000000,22540359,'./data/poster/208655.png','어디에 내놔도 자랑스러운 아들을 둔 엄마 ‘애란’은<br/>군 생활을 떠났던 아들 ‘도훈’에게<br/>조현병이 발병했다는 충격적인 소식을 듣게 된다.<br/><br/>완벽했던 자신의 일상을 빼앗길까 두려운 ‘애란’은<br/>아들의 병을 숨긴 채 살아가기로 결심하고<br/><br/>그러나, 순조로울 것만 같았던 그녀의 삶에<br/>유일한 비밀을 알고 있는 ‘경화’가 나타나자<br/>‘애란’의 불안은 점점 광기로 변해가는데…<br/><br/>가장 날카롭고 충격적인 영화가 온다!\r'),(208772,'카시오페아',102,'드라마','12세 관람가',' 2022.06.01',54000000,320689294,'./data/poster/208772.png','이혼 후 변호사, 엄마로 완벽한 삶을 살아가려고 노력하는 수진은 하나뿐인 딸 지나의 미국 유학을 준비하고 있다. 정신없이 바쁜 수진을 위해 아빠 인우가 손녀를 돌보게 되면서 세 사람은 함께 살게 된다. 얼마 후 수진은 교통사고를 당하고, 병원에서 알츠하이머라는 뜻밖의 결과를 듣게 된다. 사랑하는 딸을 잊을까 봐 두려워하는 수진을 위해 아빠 인우는 수진의 곁을 지키고, 기억을 잊어도 살아갈 수 있도록 이들 부녀만의 애틋한 동행이 시작된다.\r'),(208814,'블루버스데이',137,'멜로/로맨스/드라마/스릴러','12세 관람가',' 2022.01.19',500000,10300,'./data/poster/208814.png','2021년의 오하린. 아무리 웃어보려고, 씩씩하게 살아보려 애써도 남들 앞에서 드러내기 힘든, 지워지지 않는 상처가 있다. 그건 바로 10년 전 생일날, 유일한 남사친이자 짝사랑이었던 서준의 자살이다.<br/>십 년이다 십 년. 초등학교 때부터 지금까지 쭉 가장 가까운 사이. 티격태격 서로의 제일 가까운 남사친 여사친으로 지내왔는데.<br/>어느 날 문득 정신을 차려보니 가랑비에 옷 젖듯 남몰래 좋아하고 있었다.<br/>가장 행복해야 할 생일날, 감춰왔던 마음을 고백하려 용기를 낸 순간 서준은 거짓말처럼 떠나버렸다.<br/>홀로 남겨진 하린은 10년 후 생일날, 서준의 유품인 카메라와 그가 찍었던 8장의 사진을 다시 갖게 되는데.<br/>서준의 기억을 다시 떠올리는 게 너무 아픈 하린은 슬픈 마음에 사진을 태워버린다. 그런데 정신을 차리고 보니,<br/>사진 속 십 년 전 그날로 돌아가 있는 것이다! 서준은 왜 자살을 했을까? 그의 죽음은 정말 자살이 맞을까?<br/>서준의 카메라에서 나온 사진은 단 여덟 장. 시간 여행을 할 수 있는 기회도 단 여덟 번.<br/>시간을 돌릴 때마다,필연적인 불운을 맞게 된다.<br/>하린은 과연 무사히 지난 시간 속에 숨겨진 비밀을 밝혀내고 과거를 바꿀 수 있을까?\r'),(208821,'극장판 안녕 자두야: 제주도의 비밀',90,'애니메이션','전체 관람가',' 2022.01.27',20500000,87987055,'./data/poster/208821.png','‘자두’는 제주도 가족여행에서 만난 <br/>엄친딸 제주 소녀 ‘전복’이가 못마땅하다.<br/>게다가 ‘윤석’이를 바라보는 저 하트 눈빛은 뭐람!<br/><br/>베프 윤석이를 전복이가 독차지하자<br/>화가 난 자두는 실수로 돌하르방을 넘어뜨리고,<br/>먼 옛날 저주를 품고 봉인된 ‘보리’가 깨어난다.<br/><br/>보리가 쏜 돌하르방 빔에 맞은 사람들은 돌이 되어 굳어 버리고,<br/>자두와 친구들은 모두를 원상태로 되돌릴 방법을 찾아 나서는데…<br/><br/>제주도로 자! 떠나보자 두!<br/>명랑히어로 자두의 판타스틱 어드벤처!<br/>제주도의 운명이 걸린 초특급 비밀은 과연 무엇일까?\r'),(208824,'어부바',107,'가족','전체 관람가',' 2022.05.11',70000000,240031094,'./data/poster/208824.png','부산 해안가 포구의 멋쟁이 ‘어부바호’ 선장 종범은<br/>철없는 동생의 느닷없는 결혼 선언과<br/>늦둥이 아들의 첫사랑, 친구들과의 우정까지<br/>사랑하는 가족을 지키기 위해 하루하루 고군분투한다.<br/>그러던 어느 날 자신의 분신이자 아들 노마에게 엄마같은 존재인<br/>‘어부바호’가 빼앗길 위기에 처하게 되는데…<br/><br/>유쾌한 웃음과 찡한 눈물을 책임질 <어부바>가 온다!\r'),(208839,'효자',117,'코미디/공포','15세 관람가',' 2022.01.27',14000000,173046663,'./data/poster/208839.png','엄마가 돌아가시고 얼마 지나지 않아 닥친 태풍 소식에<br/>5명의 형제들은 함께 산소를 찾아간다<br/><br/>그런데, 이게 도대체 무슨 일? 부서진 관 사이로<br/>엄마의 시신이 온데간데 사라졌다?<br/><br/>알 수 없는 기막힌 상황에 집으로 돌아오자<br/>‘좀비’로 변한 엄마가 이들을 기다리는데!<br/>이렇게 된 이상, 본격 효도에 들어간다!<br/><br/>불효자들의 좌충우돌 효도기가 시작된다!\r'),(208858,'긴 하루',100,'드라마','12세 관람가',' 2021.12.30',6400000,78371200,'./data/poster/208858.png','소설을 쓰는 현수는 처음 이사간 “큰 감나무가 있는 집”에서 낯선 여자 윤주를 만나 하루를 함께 보내게 된다. <br/>영화를 만드는 현수와 정윤은 “기차가 지나가는 횟집”에서 촬영을 하고, 다음 작품에 대한 계획을 말하다 이별한다.<br/>아내를 잃어버린 현수는 그녀가 글을 썼던 “바다가 보이는 작업실”에 찾아와 아내 소영의 비밀을 알게 되고 그녀의 과거 어딘가로 향한다. <br/>오래 전 강릉을 떠났던 정윤은 자신의 소설을 영화화하기 위해 소설의 주인공인 윤주를 찾아온다. <br/><br/>그렇게 그들은 하루를 떠돌아다니고 있다. <br/>그녀의 기억 속에서, 그의 소설 속에서, 그들의 영화 속에서..<br/><br/>그리고 흘러가는 구름 같은 오늘은 아직 끝나지 않았다.\r'),(208873,'트로트는 인생이다',76,'코미디','15세 관람가',' 2022.01.27',20000000,5716080,'./data/poster/208873.png','트로트 가수 ‘신하’(김경진, 김동찬)는 최근 고민이 많다<br/>아무리 신곡을 내고 홍보를 해도 그들을 찾는 무대는 없다<br/><br/>새로운 방향을 모색하던 이들은 신입 멤버를 영입해<br/>시대에 맞는 트로트 혼성 그룹 ‘뉴-신하’를 결성하기로 한다<br/><br/>때마침, 연습생 기간만 6년… 이제는 희망을 잃은<br/>아이돌 지망생 ‘지원’(장소영)이 운명처럼 나타나는데!<br/><br/>희망찬 내일을 꿈꾸는 이들의 좌충우돌 도전기!<br/>우리들은 무대는 지금부터 시작된다!\r'),(208976,'아이돌레시피',102,'코미디','15세 관람가',' 2022.03.17',57000000,152944660,'./data/poster/208976.png','모든 열정이 식어버린 ‘15년차 아이돌 매니저’ 배재성.<br/>우연히 찾아온 꿈 같은 기회와 현금 10억을<br/>단 하룻밤 사이에 날린다.<br/><br/>대신, 분신 같은 아이돌 그룹 ‘벨라’를 지켜내는데!<br/>여기서 문제 한 가지.<br/>지난 밤의 활약이 전혀 기억나지 않는다는 것!<br/><br/>이 기가 막힌 상황,<br/>재성은 사라진 기억과 돈을 쫓아<br/>어젯밤을 되짚기 시작하는데…<br/><br/>K-POP 아이돌을 만드는 꿈의 레시피가 지금 공개된다!\r'),(208982,'당신은 학생인가',79,'다큐멘터리','전체 관람가',' 2021.11.19',3800000,4307000,'./data/poster/208982.png','왜 우리가 하는 공부는 고통스러울까? 질문에 답변하기 위해 갓 수능을 마친 학생들이 뭉쳤다.<br/>그렇게 시작된 학생주도 교육개혁 프로젝트. 5년간 그들의 움직임은 학교를 다니는 사람을 넘어 인간이라면 누구나 고민해야할 시사점을 던져준다. 당신은 학생인가?\r'),(209100,'가치 캅시다',93,'드라마','15세 관람가',' 2021.10.28',60000000,157920733,'./data/poster/209100.png','대한민국에서 영어 좀 한다는 남자라면 혹하는, 일생에 단 한 번만 지원할 수 있는 군대 카투사. 엘리트 명문대와 금수저들이 장악한 이 곳에 최종 학력 고졸의 말년 병장 추해진이 있다. 어떤 의미로든 전설로 불리는 해진은 학연, 지연, 혈연까지 온갖 차별이 판치는 한국 탈출을 위한 돌파구로 ‘미군’을 준비한다. 갖은 모욕에도 비굴한 웃음을 잃지 않고 최선을 다한 결과, 미군 입대를 눈앞에 두고 느닷없는 절도사건에 휘말리면서 탄원서에5명의 서명을 받아야만 한다. 절친한 동갑내기 후임, 재벌아들 이등병, 전 여친을 빼앗은 후임, 미군이 되기 위해서라면 선임이고 후임이고 누구에게라도 머리를 조아리고 한 명씩 찾아 나선다. 인종주의자 미군헌병에게 총을 맞을 뻔하면서까지 고군분투하던 해진은 필사적으로 서명을 받아내지만, 자신이 미군이 된다는 것을 지독히 반대하는 누군가를 설득해야 하는 마지막 절차가 남았는데...! <br/><br/>“아무 것도 가진 것 없는 네가 잘 되는 게 그냥 싫어!”<br/>한국을 벗어나기 위한 선택지가 미군이 되는 것, 그 하나만이 아니었다?!<br/>눈 돌아간 해진의 충격적인 반격을 확인하라!\r'),(209647,'왕십리 김종분',102,'다큐멘터리','12세 관람가',' 2021.11.11',15000000,69995385,'./data/poster/209647.png','50년 넘게 노점을 해온 팔순의 김종분.<br/>왕십리역 11번 출구 터줏대감이자 현역이다.<br/><br/>자식 먹이고 입히고 공부시키려고 시작한 일인데,<br/>자식 거둘 일 없어진 지금도 그곳을 지키고 있다.<br/>30년 전 길 위에서 딸을 잃었지만, 더 많은 자식들을 얻었다.<br/><br/>종분 씨는 딸 잃은 길 위에서<br/>옥수수를 삶고, 가래떡을 굽고, 깻잎을 갠다.<br/>오늘을 산다.\r'),(209727,'소피의 세계',114,'드라마','12세 관람가',' 2022.03.03',19000000,44332015,'./data/poster/209727.png','우연히 여행 블로그 속에서 자신의 사진을 발견한 수영.<br/>그곳에는 2년 전 만난 여행자 소피가 한국에서 머문 나흘의 기록이 있다.<br/>수영은 소피의 일기를 통해 최악의 시기를 버티던 남편 종구와의 일상을 새롭게 바라본다.<br/>그때는 알 수 없었던 감정과 사실이 이해될, 것도 같다.<br/><br/>소피가 써 내려간 세계 속에서<br/>다투고 울고 웃었던 우리는 어떤 마음을 남겼을까?<br/><br/>2022년 봄에서 2020년 가을로,<br/>서로의 안부를 묻는 일상으로의 여행이 시작된다!\r'),(209728,'모퉁이',73,'드라마','12세 관람가',' 2022.08.11',17000000,125586134,'./data/poster/209728.png','길모퉁이에서 우연히 마주친 영화과 동문<br/>성원(이택근)과 중순(하성국) 그리고 병수(박봉준).<br/>세 사람은 불편한 기류가 흐르는 술자리를 함께한다.<br/><br/>10년의 공백을 채우는 그들의 영화담(談)은<br/>예상치 못한 방향으로 흘러가기 시작하는데...\r'),(209730,'둠둠',101,'드라마','15세 관람가',' 2022.09.15',20000000,60000000,'./data/poster/209730.png','\"자신에게 집착하는 엄마 때문에<br/>전부였던 음악을 놓아버린 DJ 이나<br/>길을 걷다 우연히 들려온 비트에<br/>디제잉을 다시 하기로 결심하고<br/>베를린에 갈 수 있는 오디션에 참가하는데...<br/><br/>\"\"두려워도 도망치진 않을 거야\"\"\"\r'),(209731,'낮에는 덥고 밤에는 춥고',90,'드라마','12세 관람가',' 2022.10.27',24000000,2642983,'./data/poster/209731.png','실직한 후 하루살이 인생을 살아가는 부부 ‘영태’와 ‘정희’.<br/>비록 대리운전, 교사 아르바이트 등 일용직을 전전하지만,<br/>그날 서로 술잔을 기울이며 따뜻한 밥을 챙겨 먹을 수 있다면 다행이다.<br/> <br/>그러던 어느 날, ‘정희’의 모친 생일날이 다가오고,<br/>저마다 선물을 준비해온 형제들과 달리 빈손으로 온 부부는<br/>‘현타’를 느끼고 급기야 서로의 탓을 하기 시작하는데….<br/> <br/>돈만 없을 뿐 마음도, 사랑도 풍족한<br/>초긍정 러블리 부부의 짠내 폭발 라이프가 시작된다!\r'),(209738,'뒤틀린 집',91,'공포/드라마/스릴러','15세 관람가',' 2022.07.13',3000000,2503829,'./data/poster/209738.png','피치 못할 사정으로 외딴집에 이사 오게 된 가족.<br/>엄마 ‘명혜’는 이사 온 첫 날부터 이 집이 뒤틀렸다고 전하는 이웃집 여자의 경고와<br/>창고에서 들리는 불길한 소리로 인해 밤잠을 설친다.<br/>아빠 ‘현민’은 그런 ‘명혜’를 신경쇠약으로만 여기고,<br/>둘째 딸 ‘희우’는 가족들이 보지 못하는 무언가를 마주하지만 그 사실을 숨긴다.<br/>그러던 어느 날, 알 수 없는 기운에 이끌려 잠겨 있던 창고문을 열고 만 명혜는<br/>무언가에 사로잡힌 듯 다른 사람처럼 행동하기 시작하는데…<br/>뒤틀린 틈에서 시작된 비극이 가족을 집어삼키려 한다!\r'),(209739,'낮과 달',111,'드라마','15세 관람가',' 2022.10.20',30000000,25480490,'./data/poster/209739.png','남편과 사별 후 평소 남편이 살고 싶어 했던 제주도로 이사 온 민희는<br/>성격 좋은 동네 이웃 목하와 그의 음악하는 아들 태경을 만나 친분을 다지게 된다.<br/>새로운 곳에서 새로운 출발, 새로운 친구가 생겼다고 생각한 순간,<br/>목하가 남편의 첫사랑이었다는 것을 알게 되는데!<br/><br/>본의 아니게 상실의 아픔을 분노 게이지로 다스리게 되는 민희,<br/>평온했던 일상 속 잊고 지냈던 오만년 전 ‘구 남친’의 기억을 강제 소환당한 목하.<br/><br/>두 여자의 예측 불가, 밀고 밀리는 관계가 시작된다!\r'),(209785,'성덕',84,'다큐멘터리','12세 관람가',' 2022.09.28',55000000,11466088,'./data/poster/209785.png','10대 시절을 바쳤지만 스타에서 범죄자로 추락한 오빠! <br/>좋아해서 행복했고 좋아해서 고통받는 실패한 덕후들을 찾아 나선<br/>X성덕의 덕심 덕질기를 담은, 2022년 실패 없을 올해의 최애작!<br/><br/>성덕\r'),(210039,'같은 속옷을 입는 두 여자',140,'드라마','15세 관람가',' 2022.11.10',85000000,315156409,'./data/poster/210039.png','여느 날과 다름없이 다투던 중,<br/>마트 주차장에서 ‘수경’이 탄 차가 ‘이정’을 덮치는 사고가 발생한다.<br/><br/>‘수경’은 급발진을 주장하지만,<br/>‘이정’은 고의라고 확신하고 있는 상황.<br/><br/>이제, ‘이정’은 ‘수경’으로부터 <br/>마땅히 받았어야 할 마음을 돌려받고자 한다.<br/><br/>각기 다른 사이즈의 마음 대신<br/>같은 속옷을 입는 두 여자의 세계\r'),(210266,'보는 것을 사랑한다',75,'다큐멘터리','전체 관람가',' 2021.10.28',19000000,44017374,'./data/poster/210266.png','1980년대의 ‘시네마 천국’이었던 인천.<br/>당시 거리 일대는 극장으로 가득했고<br/>그곳에서 수많은 영화인들이 꿈을 키웠다.<br/><br/>시간이 지나 모든 것이 바람처럼 사라져도<br/>한국 최초의 극장 ‘애관극장’은 묵묵히 자리를 지키며<br/>역사를 증명해왔지만 그마저 사라질 위기에 놓인 지금.<br/><br/>누군가의 머릿속에 아직도 살아 숨쉬고 있지만<br/>어쩌면 마지막일지도 모르는,<br/>‘애관극장’을 추억하는 사람들의 뜨거운 이야기가 시작된다.\r'),(210768,'오마주',108,'드라마','12세 관람가',' 2022.05.26',6000000,29180280,'./data/poster/210768.png','엄마 영화는 재미없다는 아들과 늘상 밥타령인 남편,<br/>잇따른 흥행 실패로 슬럼프에 빠진 중년의 영화감독 지완.<br/>아르바이트 삼아 60년대에 활동한 한국 두 번째 여성 영화감독<br/>홍은원 감독의 작품 <여판사>의 필름을 복원하게 된다.<br/><br/>사라진 필름을 찾아 홍감독의 마지막 행적을 따라가던 지완은<br/>정체를 알 수 없는 모자 쓴 여성의 그림자와 함께 <br/>그 시간 속을 여행하게 되는데...<br/><br/>어쩐지, 희미해진 꿈과 영화에 대한 열정이 되살아나는 것만 같다.\r'),(210852,'정직한 후보2',107,'코미디','12세 관람가',' 2022.09.28',17000000,10006806,'./data/poster/210852.png','서울시장 선거에서 떨어지며 쫄딱 망한 백수가 된 ‘주상숙’은<br/>우연히 바다에 빠진 한 청년을 구한 일이 뉴스를 타며<br/>고향에서 화려한 복귀의 기회를 잡는다.<br/><br/>하지만 정직하면 할수록 바닥으로 곤두박질치는 지지율 앞에<br/>다시 뻥쟁이로 돌아간 그 순간,<br/>‘주상숙’에게 운명처럼 찾아온 ‘진실의 주둥이’!<br/><br/>이번엔 ‘주상숙’의 비서실장 ‘박희철’까지 주둥이가 쌍으로 털리게 되는데...<br/><br/>재미도 2배! 웃음도 2배!<br/>주둥이 대폭발 코미디가 돌아왔다!\r'),(210895,'타이거마스크',97,'코미디/액션','12세 관람가',' 2021.12.30',2900000,263591415,'./data/poster/210895.png','존재감 없이 살아온 30여 년<br/>어느 덧 이런 삶이 편안한 경지에 이르렀던 한 남자<br/>전설의 가디언, 타이거 마스크로 다시 태어나다!\r'),(210932,'여타짜',96,'범죄/드라마','15세 관람가',' 2021.12.08',609000,3202000,'./data/poster/210932.png','인생 역전을 꿈꾸며 도박을 시작한 ‘미미’.<br/>어느 날 밤, 정체불명의 괴한의 습격으로 눈 앞에서 가족을 잃는다.<br/><br/>사건 현장에서 발견된 포커 카드를 입수한 ‘미미’는 수소문 끝에<br/>비밀리에 운영되는 하우스 도박판 전용 카드임을 알아채고<br/>배후를 찾기 위해 도박장에 입성한다.<br/><br/>내로라하는 선수들만 모인 그 곳, 미스터리한 타짜 ‘오자와’를 만나며<br/>평범했던 ‘미미’의 삶은 송두리째 뒤바뀐다.<br/><br/>그 어떤 것도 예측할 수 없는 포커판에서<br/>두 사람은 인생 최대 위기를 겪으며<br/>목숨이 오가는 거대한 판에 뛰어드는데…\r'),(211161,'늑대사냥',121,'액션/범죄','청소년 관람불가',' 2022.09.21',15000000,146900000,'./data/poster/211161.png','동남아시아로 도피한 인터폴 수배자들을 이송할 움직이는 교도소 ‘프론티어 타이탄’. <br/>극악무도한 이들과 베테랑 형사들이 필리핀 마닐라 항구에 모이고 <br/>탈출을 꿈꾸는 종두(서인국), 한국으로 돌아가야만 하는 도일(장동윤)을 비롯해 <br/>이들은 각자의 목적과 경계심을 품고 탑승한다. <br/><br/>한국으로 향하던 중, 태평양 한 가운데에서 이들에게는 <br/>지금까지 보지 못한 극한의 상황과 마주하게 되는데…<br/><br/>태평양 한 가운데의 지옥, 누가 살아남을 것인가?\r'),(211163,'몬스타엑스 : 더 드리밍',88,'다큐멘터리','전체 관람가',' 2021.12.08',48000000,390493908,'./data/poster/211163.png','\"강렬한 퍼포먼스와 파워풀하고 완성도 높은 무대로<br/>전 세계의 수많은 팬들에게 아름다운 충격을 선사한 그룹 MONSTA X.<br/>지난 6년 반 동안 묵묵히 걸어온 여정을 돌아보며<br/>멤버들의 진솔한 속내가 담긴 개별 인터뷰부터 미국 진출 비하인드, 히트곡의 특별한 무대,<br/>그리고 어디에도 공개된 적 없는 최신 앨범의 독점 무대까지<br/>오직 몬베베만을 위해 한 편의 영화에 모두 담았다!<br/><br/>도전, 성장, 꿈, 그리고 더 뜨겁게 타오를 MONSTA X의 내일!<br/><monsta :=\"\"\"\" dreaming=\"\"\"\" the=\"\"\"\" x=\"\"\"\"> COMING SOON!</monsta>\"\r'),(211286,'이상존재',70,'공포','15세 관람가',' 2021.12.09',812000,1600000,'./data/poster/211286.png','인기 개그맨 유세윤은 14살의 어느 날<br/>이상한 동작을 반복하거나 의미를 알 수 없는<br/>말들을 내뱉는 등 기이한 행동을 보이기 시작한다…<br/><br/>그 행동은 점점 사라졌지만 그 당시의 세윤을 목격한<br/>가족들과 그의 지인들에겐 여전히 끔찍한 기억으로 남아있다<br/><br/>그러던 어느 날, 이제는 한 가정의 가장이 된 세윤에게<br/>또다시 정체불명의 소리가 들려오고…<br/>‘그것’은 점점 더 그를 괴롭히기 시작하는데…<br/><br/>인기 개그맨 유세윤을 둘러싼 15일간의 기록!<br/>‘그것’의 충격적 정체가 밝혀진다!\r'),(211301,'싸나희 순정',104,'드라마/코미디','12세 관람가',' 2021.11.25',6000000,50244700,'./data/poster/211301.png','도시를 떠나 마가리에 도착한 시인, 유씨는 동화 작가가 꿈이라는 원보의 집에 묵게 된다.<br/>처음 온 날부터 “유씨를 보니 가슴이 자라고 있다”며 만져보라 하더니,<br/>순정의 세계를 아냐는 둥, 동심의 세계를 아냐는 둥 참견에 잔소리 일색이다.<br/>그런 원보의 꿈은 ‘어린이들의 가슴에 열정을 불지르는 동화작가’라는데.<br/><br/>어쩐지 수상한 말만 늘어놓는 원보와 한 지붕 아래 살게 된 유씨의 적응기,<br/>그리고 ‘순정’과 ‘동심’ 되찾기!\r'),(212082,'감동주의보',98,'멜로/로맨스/코미디','전체 관람가',' 2022.06.22',10000000,17979739,'./data/poster/212082.png','감동받으면 죽는다고?!<br/>희귀질환인 감동병을 앓는 컬링 천재 보영(홍수아).<br/>평생을 함께하고 싶은 시골청년 ‘철기’(최웅)를 만나<br/>인생 최고의 순간들을 맞이한다.<br/>어느날, 코피가 멈추게 하는 방법(?)을 찾게 되면서<br/>포기했던 컬링을 다시 도전하게 되는데…<br/><br/>보영은 감동병을 이기고 꿈과 사랑 <br/>두 마리 토끼를 다 잡을 수 있을까?\r'),(212129,'짬뽕비권',82,'액션/코미디','12세 관람가',' 2022.02.02',90000000,589390539,'./data/poster/212129.png','한탕주의에 빠져 살던 ‘호룡’은 번번이 사업 계약에 실패하며 쓰디쓴 현실을 살아간다.<br/><br/>그러던 어느 날, 중국집을 운영하던 아버지가<br/>200년 만에 부활한 ‘흑마사’의 졸개들에게 죽임을 당한다.<br/>‘호룡’ 역시 그들에게 죽임을 당할뻔하지만, <br/>중국집 종업원으로 일하던 ‘아랑’에 의해 구사일생으로 살아난다.<br/>‘흑마사’와 그의 졸개들을 피해 달아난 태기산에서 <br/>‘호룡’은 자신이 나한파의 후예라는 사실과 가문의 비밀을 알게 되는데…<br/><br/>200년 만에 부활한 절대악 흑마사에 대항하여<br/>나한파의 비밀의 무기를 대체할 궁극의 짬뽕을 완성하라!\r'),(212159,'소설가의 영화',92,'드라마','12세 관람가',' 2022.04.21',6000000,181813770,'./data/poster/212159.png','여소설가가 잠적한 후배의 책방으로 먼 길을 찾아옵니다.<br/>그리고 혼자 타워를 오르고 영화감독 부부를 만나고 공원을 산책하다 여배우를 만나게 되고,<br/>여배우에게 당신과 영화를 만들고 싶다 설득을 합니다.<br/>둘이 분식집에서 뭘 먹고, 다시 찾게 되는 후배의 책방에서 술자리가 깊어지고<br/>여배우는 취해 잠이 드는데…\r'),(213199,'리프레쉬',87,'드라마/코미디','12세 관람가',' 2022.02.16',38000000,299288605,'./data/poster/213199.png','한때 잘 나갔던 가수 나 \'K\'!<br/>하지만 지금은 밤무대에 한 번 서기도 힘들다!<br/><br/>매니저 형이라고 가져오는 일들은 죄다 엉망진창!<br/><br/>그런데 이번에는 환자들 음악 수업까지 하라고?<br/>그 사람들은 치료가 필요한 사람들이야! <br/><br/>거기에 환자들을 데리고 뮤직 콘테스트까지..?<br/>하지만 더 이상 갈 곳이 없다..!<br/>이 도전, 괜찮은걸까..?\r'),(213329,'스타게이저: 아스트로스코프',119,'다큐멘터리','전체 관람가',' 2022.10.27',5000000,15719109,'./data/poster/213329.png','\"2022년 5월, 아스트로의 세 번째 콘서트 <the astroad=\"\"\"\" seoul=\"\"\"\" to=\"\"\"\"> 가 열렸다.<br/>아스트로만의 다채로운 매력으로 가득 채운 무대들과<br/>수많은 땀방울과 치열한 고민이 녹아 있는 콘서트 준비 과정,<br/>어디에서도 공개된 적 없는 멤버들의 진심 가득한 인터뷰까지.<br/><br/>아스트로와 아로하가 함께 달려온 길,<br/>그리고 함께 나아갈 빛나는 여정의 기록<br/><stargazer: astroscope=\"\"\"\"></stargazer:></the>\"\r'),(213335,'에이비식스 : 테이크 어 챈스',54,'다큐멘터리/드라마','전체 관람가',' 2022.10.05',36000000,74000000,'./data/poster/213335.png','AB6IX 가 새롭게 발매한 앨범에 대한 인터뷰, 제작기\r'),(213364,'인생은 뷰티풀: 비타돌체',100,'다큐멘터리','전체 관람가',' 2022.09.07',1800000,33800000,'./data/poster/213364.png','언제나 화면 정 중앙에 비춰지며 스포트라이트를 한 몸에 받는 스타, ‘트바로티’ 김호중. 하지만 그가 담긴 ‘틀’의 바깥에는 구석지고 어두운, 그럼에도 불구하고 아름다운 또 다른 이야기가 있다.<br/><br/>김호중의 두 번째 극장 영화 <인생은 뷰티풀: 비타돌체>는 틀 바깥으로 잘려 버린 이야기, 사람들의 시선에 갇혀 보이지 않았던 청년 김호중의 이야기, 그리고 그것에서 벗어나려는 가수 김호중의 진솔한 목소리를 전한다.<br/><br/>공연 실황 다큐멘터리 <인생은 뷰티풀: 비타돌체>에서는 오직 이 영화만을 위해 무대를 꾸민 김호중 단독 공연을 최초 공개한다.  트로트 가수 김호중이라는 고정관념에서 벗어나 처음 음악에 대한 열정을 갖게 해 준 클래식 음악들로 구성되어 그의 웅장한 목소리를 생생하게 감상 할 수 있다.<br/><br/>여기에 꿈 많은 스무 살, 음악에 대한 동경으로 떠났던 이탈리아를 다시 찾는 김호중의 다큐 여행기와 버스킹 공연까지 모두 담아 김호중이 그동안 전하고 싶었던 이야기들, 불안하고 가슴 아프기도 했던 속내까지 그의 인생이 <인생은 뷰티풀: 비타돌체>에 모두 담긴다.<br/><br/>김호중이 들려주는 음악 이야기는 모두의 가슴에 깊은 여운과 감동을 선사할 것이다.\r'),(213382,'기기묘묘',116,'공포','15세 관람가',' 2022.09.22',3000000,23144499,'./data/poster/213382.png','땅을 둘러 싼 이웃들의 다툼,<br/>엄마와 딸의 기이한 관계,<br/>낙향한 청년과 괴인의 기묘한 만남,<br/>아들 세대의 암울한 미래를 직감한 아버지의 고군분투기<br/><br/>불안한 사회, 불안한 사람들을 소환한 판타스틱 스릴러\r'),(213403,'어웨이크',76,'스릴러','15세 관람가',' 2022.08.24',25000000,36400360,'./data/poster/213403.png','‘한소진’, 28세, 수원.<br/>‘이동혁’, 48세, 대전.<br/>‘조혜린’, 19세, 서울.<br/><br/>도무지 공통점을 찾기 어려운 세 사람이<br/>알 수 없는 공간에서 눈을 뜬다.<br/><br/>누가, 왜, 어떻게 그들을 이곳에 가두었을까?<br/><br/>잃어버린 기억을 찾아야만 탈출할 수 있다!\r'),(213404,'비욘드 라이브 더 무비 : 엑소의 사다리 타고 세계여행3',124,'코미디','전체 관람가',' 2022.07.27',18000000,8038061,'./data/poster/213404.png','데뷔 10주년을 맞이해 남해로 여행을 떠난 EXO 멤버들이 다양한 추억을 만드는 과정을 그린 리얼 여행기 영화\r'),(213415,'시맨틱 에러: 더 무비',177,'멜로/로맨스','12세 관람가',' 2022.08.31',7000000,470654000,'./data/poster/213415.png','컴공과 \'아싸\' 추상우의 완벽하게 짜인 일상에 에러처럼 나타난 안하무인 디자인과 \'인싸\' 장재영,<br/>극과 극 청춘들의 캠퍼스 로맨스가 스크린으로 펼쳐진다!\r'),(213417,'내가 못 나가는 것도 아닌데',61,'드라마/코미디','12세 관람가',' 2022.08.24',20000000,13801755,'./data/poster/213417.png','무명배우 충길과 원선은 친한친구 사이이다.<br/>충길은 원선에게 아는 감독을 소개 시켜 주는데, 생각지도 못한 일이 일어난다.\r'),(213418,'사잇소리',106,'스릴러','15세 관람가',' 2022.10.13',30000000,70200000,'./data/poster/213418.png','작가 지망생이지만 사실 백수와 다름없는 ‘은수’(류화영)는 공모전 소재를 찾던 중 <br/>자신을 괴롭히던 층간 소음에 의문을 품으며 윗집 주인을 관찰하기 시작한다.<br/>그리고 윗집 남자 ‘호경’{박진우} 또한 ‘은수’의 존재를 눈치채기 시작하고, <br/>급기야 ‘은수’는 충격적인 진실을 마주하게 되는데…<br/> <br/>오늘도 시작된 소음<br/>‘내가 상상만 하던 그 이야기가 과연 현실일까?’\r'),(213419,'주연',90,'드라마/미스터리','12세 관람가',' 2022.09.29',35000000,126216940,'./data/poster/213419.png','작은 분식집을 운영하는 부모님과 평범하지만 <br/>행복한 하루를 보내는 주혁(김대건)과 주연(민도희).<br/><br/>어느 날, 살인사건이 발생했다는 소식과 함께 주연이 행방불명 되고,<br/>사라진 주연의 흔적을 쫓을수록 주혁은 알 수 없는 진실들을 마주하게 된다.\r'),(213434,'테이크오프: 파도위에 서다',94,'드라마','12세 관람가',' 2022.08.25',53000000,139804348,'./data/poster/213434.png','얼떨결에 오게 된 양양, 얼떨결에 도전해본 서핑.<br/>꿈은 많고, 되는 건 없는 20대 청춘 세진에게 파도는 말한다.<br/>“일단 넘어져!” 뭐든 한번 해보면, 다음은 보드위에 올라설 수 있다고.<br/>세진은 시원하게 넘어지기 위한 발걸음을 떼기 시작한다.\r'),(213478,'우스운게 딱! 좋아!',101,'드라마/코미디','15세 관람가',' 2022.06.23',70000000,131457682,'./data/poster/213478.png','눈치 없는 성구 때문에 울화통이 치미는 현,<br/>전 남자친구에게 청첩장을 받은 소연,<br/>서로 자기 말만 하는 가족들과 하루종일 지지고 볶는 민정,<br/>죽은 친구의 은밀한 물건을 숨겨야 하는 소연.<br/><br/>웃기고 열받고 공감되고 손에 땀을 쥐게 하는,<br/>본격 MZ 고군분투 코미디!<br/><br/>우리 인생에서 가장 발칙한 순간들을 만난다.\r'),(213481,'뽀로로 극장판 드래곤캐슬 대모험',70,'애니메이션','전체 관람가',' 2022.07.28',80000000,280000000,'./data/poster/213481.png','깊은 산속 드래곤캐슬에<br/>꼬마 드래곤 왕 아서의 막강한 힘이 봉인된 보석 ‘드래곤 하트’를 빼앗아<br/>왕이 되려는 수상한 마법사 게드가 나타난다.<br/><br/>한편, 우연히 ‘드래곤 하트’의 힘을 흡수한 크롱이<br/>자이언트 크롱으로 변하면서 뽀로로와 친구들 역시 위험에 처한다.<br/><br/>아서와 뽀로로와 친구들은<br/>악당 마법사 게드로부터 힘을 되찾고 친구들을 구하기 위해<br/>무적의 메카드래곤을 만들어 드래곤캐슬로 향하는데…!<br/><br/>뽀로로와 친구들의 판타지 액션 어드벤처!<br/>과연 드래곤캐슬과 소중한 친구들을 지켜낼 수 있을까?\r'),(213487,'극장판 윌벤져스 : 수상한 캠핑 대소동',79,'애니메이션','전체 관람가',' 2022.06.23',15000000,3675201,'./data/poster/213487.png','동물들과의 대화는 물론, 공룡 젤리를 먹고 엄청난 초능력을 발휘하는 `윌리엄`과 `벤틀리`는 슈퍼 히어로가 되고 싶은 사고뭉치 히어로 꿈나무들.<br/>어느 날, 샘 아빠와 함께 즐거운 캠핑 여행을 떠난 `윌벤져스`는 놀이터에서 신비로운 능력을 가진 여우 소녀 `미호`를 만나 친구가 된다.<br/>깊은 숲속 신비한 여우굴로 향한 `윌벤져스`는 `미호`의 놀라운 비밀을 알게 되고, `미호` 가족을 노리는 사냥꾼들의 습격으로 모두가 큰 위험에 빠지고 마는데…<br/>과연 `윌벤져스`는 아빠와 친구를 구하고, 무사히 캠핑을 마칠 수 있을까?!\r'),(213504,'위대한 침묵',124,'다큐멘터리','12세 관람가',' 2022.06.29',12000000,96800000,'./data/poster/213504.png','2017년 3월 10일<br/>대한민국 제18대 대통령 박근혜 탄핵 결정<br/><br/>국민들은 빙산의 일각과도 같은 언론의 정보 속에<br/>진정한 ‘알 권리’를 잃었다<br/><br/>대한민국 역사상 초유의 사태 속에서<br/>우리가 놓친 것은 무엇인가?<br/><br/>아직 공개되지 않은 국과수와 검찰 조사자료<br/>아무도 모르는 모든 증거들이 낱낱이 공개된다!\r'),(213542,'스파이형 모델',86,'SF','15세 관람가',' 2022.07.20',15000000,43101594,'./data/poster/213542.png','취업준비생 형우는 우연히 어떤 남자의 지갑을 찾아준다. 그런데 이 남자 이상하다.<br/>병약해 보이는 얼굴은 피투성이고, 지갑엔 엔화가 들어있다.<br/>다음날 형우가 또 발견했을 때, 건달 두 명이 이 남자를 쫓아 으슥한 곳으로 들어간다.<br/>잠시 후 다가가 보니 건달들은 피투성이가 돼서 쓰러져 있고, 의문의 남자는 흔적도 없이 사라졌다.<br/>결국 형우는 그 남자를 찾으러 가고, 상상조차 못한 세계로 한발짝씩 들어간다.\r'),(213557,'투란도트 어둠의 왕국',116,'뮤지컬','12세 관람가',' 2022.08.18',6000000,58000000,'./data/poster/213557.png','해가 뜨지 않는 어둠의 저주가 세상에 내리고 <br/>차가운 심장을 가진 투란도트는 아름다운 미모로 수많은 남자들의 청혼을 받는다.<br/>그녀는 청혼을 받아들이는 조건으로 세 가지 수수께끼를 내고<br/>이를 풀지 못한 자는 돌로 변해 죽고 만다.<br/>바르칸 왕국의 왕자, 칼라프도 수수께끼를 풀고 청혼하는데…<br/><br/>진정한 사랑을 믿지 않는 여인, 투란도트.<br/>그녀의 심장을 움직일 단 한 사람, 칼라프.<br/>둘의 운명은 과연 어떻게 될 것인가..\r'),(213576,'역할들',79,'드라마','12세 관람가',' 2022.03.31',30000000,199200000,'./data/poster/213576.png','모든 사람은 배우다.<br/>세상이라는 무대 위에서 다양한 역할을 하며 살아간다.<br/>서로의 연극에서 주연과 조연, 그리고 단역이 되기도 한다.<br/>그래도 내 인생에서 만큼은 주인공일 줄 알았는데,<br/>그곳에서조차 단역이 된 것 같은 기분은 뭘까?<br/><br/>범석은 부끄럽지 않은 아빠가 되기 위해 복싱을 한다.<br/>종구는 하고 싶은 일을 계속하기 위해 이삿짐을 나른다.<br/>송하는 매일 악몽을 꾸지만 악몽 속에서나마 꿈을 이룬다.<br/>원정은 사람들 사이에 껴서 이러지도 저러지도 못하는 상황이 싫다.<br/><br/>세상은 빠른 승리와 큰 성공을 말하지만, 고개를 돌려보면 느리더라도 묵묵히 걸어가는 사람들이 보인다.<br/>방금 우리 곁을 스쳐 지나간 사람들처럼.<br/>그들 또한 어엿한 역할을 맡은 주인공이 아닐까.<br/><br/>네 개의 이야기 X 여섯 명의 배우<br/>방금 당신 곁을 스쳐간 사람들의 이야기, 역할들\r'),(213577,'에이핑크 스페셜 무비 : 혼',26,'다큐멘터리','전체 관람가',' 2022.02.23',18000000,251212670,'./data/poster/213577.png','명실상부 현존 최장 KPOP 걸그룹 ‘Apink’<br/>언제나 우리 곁을 지켰던 그룹 ‘Apink’의 10주년을 되돌아본다!<br/><br/>그녀들의 10주년 스페셜 앨범을 준비하는 준비 제작기는 어떤 모습일까?<br/>10주년의 끝자락인 12/31 공연부터, 스페셜 앨범 ‘Horn’ 그리고, 타이틀곡 ‘딜레마’가 만들어지기까지의 과정들.<br/>또, 우리와 함께 해준 팬들에게 전하는 한편의 코멘터리 필름!\r'),(213595,'당신의 이웃은 친절하지 않다',79,'미스터리/드라마/범죄/스릴러','15세 관람가',' 2022.09.15',20000000,79114085,'./data/poster/213595.png','남쪽 끝 바닷가 마을.<br/>성당의 고해소에서 여자 신부가 권태로운 표정을 짓고 있다.<br/>신자들의 지루한 고백들만 이어지던 어느날,<br/>갑작스런 사망 사건을 시작으로 마을 전체가 죄악으로 물들기 시작한다.\r'),(213599,'대한민국 대통령',71,'다큐멘터리','전체 관람가',' 2022.02.17',90000000,171120329,'./data/poster/213599.png','대통령의<br/>대통령에 의한<br/>대통령을 위한 지난 대한민국.<br/>2022년 3월 9일, 제20대 대통령 선거가 다시 시작된다!<br/><br/><대한민국 대통령>은 5년마다 찾아오는 대한민국 최고의 이벤트 \'대선\'을 앞두고,<br/>정치인부터 국민들에게 직접 듣는 ‘대한민국 대통령’에 대한 솔직한 A to Z를 담았다.\r'),(213624,'전투왕',73,'다큐멘터리','12세 관람가',' 2022.02.17',35000000,139000000,'./data/poster/213624.png','1980년 광주 5.18 민주화 운동.<br/>평화적인 시위 군중을 학살하며 쿠데타로 정권을 잡은 전두환 정권.<br/>사회 각계에서 저마다의 방식으로 군부독재와의 싸움을 이어온 인물들.<br/>그리고 30년 넘게 취재해온 이상호 기자의 이야기가 시작된다.\r'),(214569,'B컷',93,'범죄/액션/스릴러','청소년 관람불가',' 2022.03.30',13000000,44726644,'./data/poster/214569.png','스마트폰수리 및 데이터 복구 업체를 운영하는 ‘승현’은 고객들의 B컷,<br/>즉 숨기고 싶어 삭제했던 데이터까지 복구해서 협박하며 돈을 뜯어낸다.<br/>어느날, 한때 최고의 여배우였던 ‘민영’은 ‘승현’에게 망가진 핸드폰 수리를 맡기고, 그 폰 안에서 찾아낸 ‘민영’의 B컷에는 그의 남편이자 유력한 대통령 후보자인 ‘태산’의 충격적인 진실이 들어있는데…!<br/><br/>누군가에게는 살기 위해 반드시 공개해야만 하는,<br/>누군가에게는 살기 위해 반드시 숨겨야만 하는 대선후보 스마트폰 안의 B컷이 잠금해제 된다.\r'),(214678,'부기나이트',88,'코미디','15세 관람가',' 2022.04.28',50000000,50068310,'./data/poster/214678.png','북한의 핵폭탄 선전포고로 아수라장이 되어버린 세상,<br/>몇 시간 전까지만 해도 지루하고 평범한 일상을 살던 ‘유빈’은<br/>인생에 마지막이 될 하루를 즐기기 위해 친구들과 함께 나이트클럽으로 향한다.<br/><br/>남자 화장실에서 만난 ‘연주’부터<br/>큰돈을 만지게 해 준다는 술집 마담,<br/>나이트클럽에서 만난 ‘경아’, ‘경아’ 대신 약속 장소로 나온 ‘유라’,<br/>그리고 뜻밖의 장소에서 우연히 만난 첫사랑 ‘수경’까지<br/><br/>살아생전 데이트 한 번 못해본 ‘유빈’은 살아있는 하룻밤 동안<br/>다섯 여자가 줄줄이 꼬이기 시작하면서 예기치 못한 사건 사고들이 벌어지기 시작하는데…\r'),(214999,'2차 송환',156,'다큐멘터리','12세 관람가',' 2022.09.29',30000000,51376861,'./data/poster/214999.png','현재까지 남과 북은 정치 공작원들을 상호 침투시키고 있으며,<br/>고향으로 돌아가지 못한 정치 공작원들은 1만 3천여명이 넘는다.<br/><br/>2000년, 63명의 간첩 출신 장기수가 고향인 북으로 송환되어 돌아갔으나,<br/>자신의 의지와 상관없이 전향을 했다는 이유로<br/>전향 장기수들은 명단에서 제외되었다.<br/>2001년, 이들은 \'폭력에 의한 전향무효선언\'을 하고 \'2차 송환\' 운동을 전개한다.<br/>대통령이 다섯 번 바뀌는 20년 격변의 한반도 풍랑 속에서 <br/>그들은 여전히 희망과 절망의 롤러코스터 위에 있다.<br/><br/>1992년부터 그들의 곁을 지킨 김동원 감독의 시선으로 전개되는 휴먼 스토리\r'),(215455,'세븐틴 파워 오브 러브 : 더 무비',115,'다큐멘터리','전체 관람가',' 2022.04.20',30000000,13130349,'./data/poster/215455.png','2021년 열린 온라인 콘서트 ‘POWER OF LOVE’의 감동이<br/>스크린으로 다시 펼쳐진다!<br/><br/>5연속 밀리언셀러, 빌보드 200 2주 연속 차트인, 오리콘 차트 정상을 꿰차며<br/>매번 새로운 역사를 써 내려가는 글로벌 아티스트 SEVENTEEN의 첫 번째 영화!<br/>풍성한 퍼포먼스부터, 13인 멤버들의 속마음 인터뷰,<br/>과거와 현재 그리고 캐럿과 함께 그려나갈 미래를 담은 다채로운 코멘터리까지 전부 담았다!<br/><br/>세상의 모든 사랑을 담아 캐럿에게 보내는 SEVENTEEN의 무비 러브레터!\r'),(215579,'피는 물보다 진하다',90,'액션','15세 관람가',' 2022.05.25',18000000,87000000,'./data/poster/215579.png','최대 청부폭력조직 \'백정파\'는<br/>무자비함으로 악명 높은 해결사,<br/>일명 \'도깨비\'를 앞세워 일대를 장악한다.<br/><br/>그러나, 베일에 싸인 ‘도깨비’ 두현은<br/>친형제 같았던 영민의 죄를 뒤집어쓰고<br/>10년의 수감생활을 하게 된다.<br/><br/>한편, 두현이 사라진 사이,<br/>‘도깨비＇행세를 하며 조직을 차지한 영민은<br/>두현의 출소 소식을 듣고 불안에 휩싸인다.<br/><br/>영민은 두현을 먼저 치기로 하고<br/>새 삶을 시작하려던 두현은 결국,<br/>진짜 ‘도깨비’의 부활을 선언하며<br/>영민과 조직을 상대로 싸움을 시작하는데...\r'),(215791,'서울괴담',123,'공포','15세 관람가',' 2022.04.27',40000000,48093211,'./data/poster/215791.png','어두운 터널을 홀로 지날 때의 두려움<br/>옆집에서 들려오는 의문의 소리<br/>중고 가구에 얽힌 미스터리<br/>다른 사람을 향한 그릇된 질투<br/><br/>복수, 저주, 욕망에서 시작된 죽음보다 더한 공포의 실체가 찾아온다!\r'),(216100,'그대가 조국',124,'다큐멘터리','12세 관람가',' 2022.05.25',2000000,11000000,'./data/poster/216100.png','대한민국은 민주공화국인가 검찰공화국인가<br/>검찰의 칼날이 그대에게 향하지 않는다고 자신할 수 있는가<br/>사냥이 시작됐다. 검찰이 던진 좌표를 따라 언론은 몰려들고 소문은 꼬리를 문다. 분노한 대중 앞에 검찰은 칼을 휘두른다. 저기 쫓기는 자는 누구인가. 그대가 아니라고 자신할 수 있는가.\r'),(216167,'초선',90,'다큐멘터리','12세 관람가',' 2022.11.03',12000000,4000000,'./data/poster/216167.png','“우리는 이 곳에서도 싹을 틔운다”<br/>세상에 재미한인을 보여주고 싶었다<br/>코로나와 경기 침체, 인종적 갈등이 최고조에 이른 2020년,<br/>정치적 이념, 세대, 성별, 출신이 다른 5명의 재미한인이 미국 대통령 선거와 함께 진행된 연방 하원 선거에 도전한다.\r'),(216171,'룸 쉐어링',93,'드라마','전체 관람가',' 2022.06.22',3000000,153155,'./data/poster/216171.png','\"새벽부터 다시 새벽까지 알바 스케줄로 꽉 찬 대학생 \'지웅\'은<br/>월세를 아끼려 룸 쉐어링을 신청한다.<br/><br/>도착하자마자 보게 된 건 온갖 라인으로 꽉 채워진 집안 꼬락서니.<br/>그리고 까다롭고 별난 할머니 \'금분\'의 각종 금기 사항(?)들!<br/><br/>\'금분\'은 밥은 각자 해결, 물과 전기 절약 필수, <br/>정갈하게 구분해둔 알록달록 각자의 라인 안에서만 생활하기 등<br/>나혼산 라이프를 꿈꾸던 \'지웅\'에게는 너무나 불가능한 규칙들을 읊기 시작하고,<br/>\'지웅\'은 울며 겨자 먹기로 깐깐한 규칙들을 받아들이기로 하는데...<br/><br/>어디 하나 닮은 구석 없는<br/>\'금분\'과 \'지웅\'의 물러설 수 없는 동거가 시작된다!<br/><br/>\"\"두~~~~~~~~~~~~~~~~~~~~~~~~~~~둥\"\"\"\r'),(216174,'그대라는기억 연숙씨',81,'다큐멘터리','전체 관람가',' 2022.06.16',37000000,6482195,'./data/poster/216174.png','알츠하이머 치매라는 진단을 받고 차츰 병이 악화되는 아내 연숙씨,<br/>기억은 사라지고 말을 잊기 시작했으며 음식을 먹으면 씹어야 한다는 사실조차<br/>잊혀진 그녀의 시간은 거꾸로 흘러가고 있다.<br/>그녀의 곁을 지킨 사람은 남편 규홍씨, 모든 걸 다 잊어도 유일하게 아내가 기억하는<br/>사람은 남편뿐. 하루를 온전히 아내를 위해 보내는 남편은 어느 날 시한부 선고를 받는다.<br/>13년을 자신보다 아내가 먼저였던 남편. 아내는 기억을 잃어가고, 남편은 기운을 잃어간다.<br/><br/>하나뿐인 딸은, 충격으로 아버지의 상태가 급격히 나빠질까 고민한다.<br/>이 사실을 어떻게 전해야 할까?<br/>자신이 암이라는 사실을 알게 된다면 남편은 어떤 결정을 내리게 될까?\r'),(216269,'윤시내가 사라졌다',107,'드라마','12세 관람가',' 2022.06.08',16500000,67683989,'./data/poster/216269.png','전설적인 가수의 실종으로 대한민국이 떠들썩한 가운데,<br/>20년 간 이미테이션 가수 ‘연시내’로 활동해온 순이(오민애)는<br/>‘윤시내’와 함께할 뻔한 꿈의 무대도, 일자리도 잃어 좌절에 빠진다.<br/>한편, 사람들의 관심이 고픈 유튜버 ‘짱하’(이주영)는<br/>라이브 방송 중 우연히 찍힌 엄마 ‘연시내’ 영상의 조회수가 떡상하자<br/>대박 콘텐츠를 꿈꾸며 ‘윤시내’를 찾는 여정에 따라 나서는데…<br/>동료 가수 ‘운시내’(노재원)와 함께 가시내, 윤신애, 윤사내까지 모두 만나며<br/>사라진 ‘윤시내’의 행방을 수소문하기 시작한 동상이몽 두 모녀는 과연 ‘진짜’를 만날 수 있을까?\r'),(217023,'이공삼칠',126,'가족/드라마','15세 관람가',' 2022.06.08',24000000,133000000,'./data/poster/217023.png','열아홉 윤영은 엄마와 단 둘이 살며 아르바이트를 하면서 검정고시를 준비한다.<br/>친구들처럼 학교에 가고 싶기도 하지만, 얼른 공무원 시험에 합격해<br/>공장에서 일하는 청각 장애가 있는 엄마를 편하게 해드리고 싶은 마음뿐.<br/>착한 마음과 성실한 의지와는 상관없이 뜻밖의 사고는<br/>윤영을 피해자에서 살인자로 돌변시켜 교도소에 몰아넣고<br/>‘윤영’이라는 이름대신 ‘이.공.삼.칠.’이라는 수감번호로 불리게 만든다.<br/>더 이상 절망적일 수 없는 상황에서 저마다의 사연을 가진<br/>10호실 동료들은 윤영을 지켜주기 위해 희망의 손길을 내미는데…<br/><br/>반드시 돌려줄게 너의 이름을!\r'),(217034,'히든',95,'액션/드라마','15세 관람가',' 2022.05.25',45000000,136885767,'./data/poster/217034.png','국가정보원 국제범죄(마약)팀 소속 해수는 작전 중 사망한 동료를 대신해<br/>하우스에서 ‘판때기’로 불리며 명성을 떨치고 있는 장판수를 급습,<br/>정체불명 도박의 신 \'블랙잭\'이 60억 원어치 마약을 노리고 있다는 사실을 알게 된다.<br/>이제 그를 잡을 방법은 단 하나뿐.<br/>해수는 맨몸으로 위험천만한 도박판에 직접 뛰어들기로 결심한다.<br/><br/>목숨 건 죽음의 베팅이 시작된다!\r'),(217081,'보통의 용기',92,'다큐멘터리','전체 관람가',' 2022.06.30',15000000,44862187,'./data/poster/217081.png','대한민국 최고의 로코퀸 ‘공효진’<br/>모델, 배우 그리고 가구 사업가로 거듭난 ‘이천희’<br/>아역 배우 출신의 11년 차 전업 주부 ‘전혜진’<br/>선한 영향력을 행사해온 ‘환경 삼총사’가 지구를 위해 뭉쳤다!<br/><br/>탄소 없는 생활을 해보겠다며<br/>무작정 떠난 에너지 자립섬 죽도!<br/><br/>해변에서 수많은 플라스틱 병을 발견한 후<br/>무작정 생수병 회사에 전화를 거는가 하면<br/>심지어 나무 만 그루 심기까지 도전하게 되는데!<br/><br/>공효진 X 이천희 X 전혜진의 탄소 제로 프로젝트!<br/>이들은 대체 왜 이렇게까지 지구에 진심인걸까?!\r'),(217720,'더 킬러: 죽어도 되는 아이',95,'액션','청소년 관람불가',' 2022.07.13',16000000,92823546,'./data/poster/217720.png','은퇴 후 성공적인 재테크로 호화롭게 생활하는 전설의 킬러 ‘의강’이<br/>제멋대로 행동하는 여고생 ‘윤지’를 떠맡게 된다.<br/><br/>단기간 보호자 역할만 하면 될 거라고 가볍게 여긴 순간<br/>‘윤지’가 납치되는 사건이 일어나는데…<br/><br/>“걔는 다치면 안 되는 아이야”<br/>애써 잠재운 ‘의강’의 본능이 깨어난다!\r'),(218049,'고속도로 가족',129,'드라마','15세 관람가',' 2022.11.02',8000000,589304,'./data/poster/218049.png','고속도로 휴게소에서 텐트를 집, 밤하늘의 달을 조명 삼아 살고 있는 기우(정일우)와 가족들. <br/>다시 마주칠 일 없는 휴게소 방문객들에게 돈을 빌려 캠핑하듯 유랑하며 살아가던 이들이 <br/>어느 날, 이미 한 번 만난 적 있는 영선(라미란)과 다른 휴게소에서 다시 마주친다. <br/><br/>인생은 놀이, 삶은 여행처럼 살아가던 고속도로 가족과 그들이 신경 쓰이는 영선.<br/>이 두 번의 우연한 만남은 예기치 못한 사건으로 이어지는데…\r'),(218188,'컴백홈',119,'코미디/드라마','15세 관람가',' 2022.10.05',1000000,24444121,'./data/poster/218188.png','개그맨이 되겠다는 꿈 하나로 서울 상경을 결심한 ‘기세’(송새벽)<br/>그러나 갑작스러운 프로그램 폐지 소식과 함께<br/>꿈도, 돈도, 집도 하루아침에 모든 것을 잃게 되고<br/>15년 만에 고향을 찾는다.<br/><br/>고향에서 만난 충청도 최대 조직의 삼촌 ‘강돈’(이범수)은<br/>현금 20억과 함께 ‘기세’에게 솔깃한 제안을 하고<br/>‘기세’는 다시 행복한 인생 역전을 꿈꾼다.<br/><br/>한편, 오랜 기억 속 첫사랑 ‘영심’(라미란)까지 만나게 되면서<br/>‘기세’는 매일매일 예측불허한 사건들에 휘말리게 되는데…<br/><br/>20억과 함께 찾아온 조폭 상속의 기회! 거기에 첫사랑까지?<br/><br/>꼬일 대로 꼬인 인생, 조폭 두목을 상속받다?<br/>버라이어티한 ‘기세’의 역전이 시작된다!\r'),(218468,'옆집사람',93,'스릴러/코미디','15세 관람가',' 2022.11.03',16000000,1686429,'./data/poster/218468.png','간밤에 무슨 일이 있었나?<br/>지독한 숙취와 함께 깨어나 보니 낯선 원룸 안.<br/>그간 지독한 벽간소음으로 나를 환장하게 만든 옆집 404호다.<br/>그럼, 여기 죽어 있는 사람이 집주인?<br/>그리고 범인은 나…난가???!\r'),(218612,'썬더버드',96,'드라마','15세 관람가',' 2022.09.21',73000000,229074524,'./data/poster/218612.png','돈이 미치게 필요한 태균<br/>돈이 든 자동차를 잃어버린 태민<br/>돈은 중요하지 않은 미영<br/><br/>전당포에 저당 잡힌 ‘썬더버드’ 속 돈뭉치를 찾아야 하는 세 사람. <br/>차만 찾으면 모든 게 해결될 것 같았지만 예기치 못한 사건들이 터지며 상황이 점점 꼬이기만 하는데…<br/><br/>숨 쉴 틈없이 몰아치는 스타일리쉬 현실 느와르가 온다!\r'),(218812,'오! 마이 고스트',98,'코미디/공포','15세 관람가',' 2022.09.15',50000000,273552592,'./data/poster/218812.png','귀신 보는 것이 유일한 스펙인 신입 FD ‘태민’(정진운)은<br/>어렵게 취업한 스튜디오에서 야간 순찰을 돌던 중<br/>갈 곳 없는 붙박이 귀신 ‘콩이’(안서현)를 만나게 된다.<br/><br/>눈만 마주쳤다 하면 티격태격하던 일상 속 어느 날,<br/>이들의 유일한 일자리이자 잠자리인 스튜디오에<br/>원인을 알 수 없는 미스터리한 사건들이 발생하는데…<br/><br/>귀신 보는 신입 FD X 갈 곳 없는 붙박이 귀신<br/>일자리와 잠자리 사수를 위한 좌충우돌 팀플레이가 시작된다!\r'),(218816,'극장판 엄마 까투리: 도시로 간 까투리 가족',76,'애니메이션','전체 관람가',' 2022.09.08',40000000,75505856,'./data/poster/218816.png','엄마 까투리와 꺼병이 4남매는 평화로웠던 숲이 아파트 개발로 위험해지자,<br/>정든 보금자리를 뒤로하고 서둘러 이사를 결심한다.<br/>건너편 산으로 가기 위해서는 위험천만한 도시 한 가운데를 지나야만 하는 상황!<br/>다행히 쥐돌이 가족의 도움으로 하룻밤 안식처를 구하지만, 그것도 잠시…<br/>호시탐탐 꺼병이들을 노리는 도시 길냥이들을 엄마가 혼쭐 내주는 사이,<br/>꺼병이들은 사라져버리고, 아이들을 찾아 나서는 엄마 역시 큰 위험에 처하게 되는데…<br/><br/>과연, 헤어진 엄마 까투리와 꺼병이 4남매는 무사히 새 집에 도착할 수 있을까?\r'),(218821,'탑',98,'드라마','15세 관람가',' 2022.11.03',85000000,252712101,'./data/poster/218821.png','중년의 영화감독이 오랜만에 만난 그의 딸과 함께<br/>인테리어 디자인하는 여자의 건물을 찾는다.<br/>딸이 인테리어 디자인을 배우고 싶어 해서 그녀에게 도움을 얻기 위해서다.<br/>디자이너는 직접 고친 그 4층 건물의 소유주이고,<br/>자기가 어떻게 고쳤는지 보여주고 싶어 한 층씩 두 사람을 데리고 올라간다.<br/>각층의 방을 다 열고 들어가 보는 세 사람.<br/>그렇게 시작한 영화는 그리고 나서, 이제 다시 밑에서부터 한 층씩 올라온다.\r'),(218845,'쥬라기캅스 극장판: 공룡시대 대모험',64,'애니메이션','전체 관람가',' 2022.09.07',27000000,60527873,'./data/poster/218845.png','평화로운 라이트시티, 공찬과 친구들은 학교 앞에서<br/>미니공룡을 팔고 있는 정체불명의 상인들을 발견한다.<br/>그들의 정체는 바로 사라진 줄 알았던 악당, 어부바단!<br/>시간 여행을 할 수 있는 타임큐브를 이용해<br/>공룡시대의 공룡들을 미니공룡으로 만들어 데려 온 뒤, 거대화 시켜 지구를 공격해 온다!<br/><br/>한편, 과거로 돌아간 어부바단이 6,500만 년 전의 젊은 주관장을 공격해<br/>쥬라기캅스의 탄생을 막아 현재의 쥬라기캅스를 소멸시켜버리고<br/>공찬 일행도 타임큐브를 별별해적단에 빼앗겨 공룡시대에 갇히고 만다.<br/>공찬 엄마의 노력으로 공룡시대에서 탈출해 쥬라기캅스의 부활에 성공한 공찬과 친구들!<br/>현재로 돌아와 메카 공룡으로 도시를 공격하는 어부바단과<br/>지구의 운명이 걸린 최종 결투를 벌이게 된다.\r'),(219816,'고고다이노 극장판: 얼음공룡의 비밀',74,'애니메이션','전체 관람가',' 2022.10.05',32000000,3566637,'./data/poster/219816.png','렉스, 토모, 비키, 핑이 지키고 있는 평화로운 우르르 행성에 악당 제니와 미스터 블랙이 나타났다!<br/>공룡 마니아 제니는 우르르 행성의 공룡들을 납치하기 시작하고, 전투 중인 ‘핑’도 결국 잡혀간다.<br/>막강해진 제니와 미스터 블랙을 막기 위해 고고다이노 대원들은 전설의 공룡을 찾아가게 되고,<br/>최강 합체 로봇인 ‘고고킹 다이노’로 변신할 수 있는 다이노 스톤을 얻게 된다!<br/>하지만, 위기감을 느낀 미스터 블랙과 제니는 잠들어 있던 어둠의 얼음공룡을 깨우고 마는데…!<br/><br/>위기에 빠진 우르르 행성!<br/>고고다이노 대원들은 ‘핑’과 공룡들을 구하고, 우르르 행성을 지킬 수 있을까?\r'),(219834,'극장판 헬로카봇: 수상한 마술단의 비밀',79,'애니메이션','전체 관람가',' 2022.09.28',35000000,156563139,'./data/poster/219834.png','할아버지 댁으로 휴가를 떠난 차탄과 가족들!<br/>그곳에서 만난 매력만점의 새로운 친구 ‘삼순’과 함께 즐거운 시간을 보낸다.<br/><br/>그때, 할아버지가 키운 명품 수박들이 사라지는 사건이 일어나고<br/>범인은 바로 마을에 자리 잡은 수상한 마술단?<br/>그들이 노리는 것은 바로 수박 에너지!<br/><br/>지구 정복을 노리는 수상한 마술단에 맞서<br/>차탄과 카봇 그리고 새로운 친구 ‘삼순’은<br/>초특급 한판 승부를 벌이게 되는데…!<br/><br/>전설의 펜타스톰X와 함께<br/>더 강력하게! 더 화려하게 돌아왔다!\r'),(220044,'극장판 검정고무신 : 즐거운 나의 집',79,'애니메이션','전체 관람가',' 2022.10.06',35000000,791830,'./data/poster/220044.png','짝사랑하는 여학생 숙이에게 잘 보이려다가<br/>수업료를 모두 써버린 기철이는 생애 첫 아르바이트(?)를 시작한다.<br/>뜻하지 않게 서울을 떠나게 된 기철이는 온갖 우여곡절에 휘말리게 되는데…<br/>과연 기철이는 무사히 집으로 돌아올 수 있을까?\r'),(220063,'미혹',114,'미스터리/공포','15세 관람가',' 2022.10.19',3000000,4109095,'./data/poster/220063.png','셋째 아이의 비극적인 죽음 후,<br/>\'현우(박효주)\'와 \'석호(김민재)\' 부부는 새로운 아이의 입양을 결심한다.<br/><br/>하지만 입양 온 \'이삭\'에게 죽은 아이가 보이고,<br/>이웃 \'영준(차선우)\'은 이들 가족의 비밀을 다 알고 있다는 듯이 행동하며<br/>기이한 일들이 끊임없이 이어지는데…<br/><br/>과연 눈앞에 보이는 것만이 진실일까?\r'),(220584,'귀못',111,'공포','15세 관람가',' 2022.10.19',20000000,187884007,'./data/poster/220584.png','과거 대부호였던 왕할머니의 대저택에 숨겨진 보석을 훔치기 위해 간병인으로 입주하게 된 보영.<br/>보영을 고용한 왕할머니의 유일한 혈육인 김사모는,<br/>‘아무도 데려오지 말 것, 특히 아이’, ‘저수지 근처에 가지 말 것’이라는 조건을 건다.<br/>하지만 보영은, 금기를 깨고 자신의 딸 ‘다정’을 몰래 데리고 가는데...<br/>사람 죽어 나가는 ‘귀못’이라고 불리는 저수지 옆에 위치한<br/>왕할머니의 거대한 저택에선 불길하고 괴이한 징조가 계속되고,<br/>그러던 중 보영은, 이곳을 찾은 외지인들이 의문의 변사를 당한 것을 알게 된다.\r'),(222343,'죽어도 자이언츠',108,'다큐멘터리','12세 관람가',' 2022.10.27',900000,528428,'./data/poster/222343.png','한국 프로야구 출범과 그 역사를 함께해 온 롯데 자이언츠.<br/>1992년 마지막 우승, 그로부터 30년이 흘렀다.<br/>이제 자조 섞인 셀프 디스도 구단과 선수들에 대한 원망도 지겹다.<br/><br/>한데 우리는,<br/>왜 알면서도 떠나지 못하는가.<br/>왜 \'탈데\'가 안되는가.<br/>왜 봄만 되면 설레는가.<br/>왜 승률 5할이 넘을 것이라 확신하는가.<br/><br/>이제 여기,<br/>그럼에도 불구하고 사직야구장으로 발걸음을 옮기는 팬들과<br/>전·현직 롯데 자이언츠 선수들을 중심으로<br/>자이언츠의 40년 역사가 펼쳐진다.\r'),(223079,'살인청부업자',91,'범죄/스릴러','청소년 관람불가',' 2022.11.03',60000000,26673242,'./data/poster/223079.png','목표를 정하면 수단과 방법을 가리지 않고<br/>박멸시키는 철칙을 가진 ‘기술자’에게<br/>의문투성이 일가족 화재 사건의 의뢰가 들어오게 되고<br/><br/>순조롭던 계획에 정체를 알 수 없는 누군가 개입하게 되면서<br/>냉혹한 사냥에 차질이 생기게 되는데...\r');
/*!40000 ALTER TABLE `movie_detail` ENABLE KEYS */;
UNLOCK TABLES;

--
-- Table structure for table `movie_director`
--

DROP TABLE IF EXISTS `movie_director`;
/*!40101 SET @saved_cs_client     = @@character_set_client */;
/*!40101 SET character_set_client = utf8 */;
CREATE TABLE `movie_director` (
  `movieId` int(11) NOT NULL,
  `directorId` int(11) NOT NULL,
  PRIMARY KEY (`movieId`,`directorId`),
  KEY `directorId` (`directorId`),
  CONSTRAINT `movie_director_ibfk_1` FOREIGN KEY (`movieId`) REFERENCES `movie_detail` (`movieId`),
  CONSTRAINT `movie_director_ibfk_2` FOREIGN KEY (`directorId`) REFERENCES `director` (`directorId`)
) ENGINE=InnoDB DEFAULT CHARSET=utf8mb4;
/*!40101 SET character_set_client = @saved_cs_client */;

--
-- Dumping data for table `movie_director`
--

LOCK TABLES `movie_director` WRITE;
/*!40000 ALTER TABLE `movie_director` DISABLE KEYS */;
INSERT INTO `movie_director` VALUES (23138,44),(96951,36),(119552,165),(119591,386),(127386,550),(140738,56),(142265,61),(142265,438),(142266,502),(144318,298),(144318,415),(146418,416),(151961,38),(152344,428),(152624,117),(153580,396),(153934,8),(154672,262),(154793,286),(154947,367),(159070,93),(159074,381),(159806,22),(159806,132),(159812,118),(159845,12),(161500,511),(161967,233),(161984,368),(162149,494),(162422,77),(163608,178),(164143,426),(164172,15),(164173,558),(164907,569),(165287,537),(165460,447),(167099,455),(167421,102),(167422,261),(167597,374),(167600,99),(167629,194),(167629,215),(167648,482),(167651,348),(167653,110),(167674,35),(167699,291),(168683,67),(168711,81),(168740,496),(168743,113),(168744,333),(168745,383),(169078,347),(170286,441),(170290,545),(170309,151),(171409,464),(171409,522),(171752,562),(171785,94),(172181,504),(172529,498),(173667,75),(173668,514),(173753,205),(173842,364),(173906,142),(174050,402),(174065,470),(174255,195),(174256,538),(174261,62),(174268,445),(174269,452),(174292,177),(174294,494),(174296,471),(174297,543),(174304,292),(174530,225),(174797,492),(174834,20),(174903,349),(175316,335),(175324,84),(175366,318),(175393,66),(175404,197),(176306,306),(176625,311),(176742,72),(176746,579),(176747,275),(176886,185),(176912,223),(177039,505),(177366,228),(177371,310),(177374,419),(177483,570),(177508,567),(177509,131),(177510,123),(177511,478),(177543,161),(177543,246),(177599,405),(177909,249),(177967,384),(178267,528),(178483,403),(178485,303),(178504,231),(178520,518),(178526,307),(178544,111),(178569,463),(178687,493),(179095,552),(179125,9),(179158,488),(179159,163),(179181,90),(179301,269),(179301,354),(179302,551),(179306,196),(179307,65),(179310,30),(179392,92),(179393,112),(179394,124),(179395,213),(179397,287),(179398,379),(179420,184),(179461,458),(179481,326),(179482,50),(179506,6),(179520,28),(179526,451),(179859,473),(179875,399),(179894,490),(180025,252),(180169,449),(180209,155),(180351,147),(180372,313),(180372,531),(180378,186),(180382,575),(180385,342),(180390,304),(180397,356),(180402,459),(180681,566),(180851,499),(181046,224),(181046,517),(181046,549),(181554,125),(181554,531),(181568,74),(181568,193),(181584,133),(181705,343),(181717,97),(181925,41),(182205,134),(182234,414),(182348,411),(182353,450),(182360,500),(182362,327),(182387,429),(182407,265),(182635,19),(182699,42),(182777,442),(182835,251),(183132,423),(183136,139),(183136,331),(183660,391),(183780,126),(183804,10),(183804,70),(183804,235),(183854,272),(183862,525),(183866,2),(183876,539),(183877,98),(184125,126),(184266,4),(184266,135),(184266,435),(184320,519),(184366,108),(184519,555),(184630,167),(184859,520),(185131,258),(185134,63),(185139,57),(185148,82),(185148,409),(185149,469),(185150,475),(185151,283),(185153,543),(185155,204),(185192,219),(185264,510),(185293,238),(185378,494),(185450,319),(185614,548),(185838,533),(185913,553),(185917,293),(185924,503),(185925,201),(185925,489),(186114,214),(186219,18),(186233,180),(186235,340),(186236,350),(186239,281),(186241,230),(186241,276),(186259,308),(186658,361),(186704,323),(186821,453),(187051,206),(187338,420),(187357,232),(187366,125),(187366,531),(187390,270),(187420,244),(187549,316),(187629,363),(187637,26),(187821,526),(187849,345),(187893,574),(187940,64),(187940,421),(187979,565),(188178,444),(188192,503),(188195,8),(188345,507),(188415,171),(188436,210),(188472,118),(188826,373),(188831,467),(188834,76),(188872,191),(188872,254),(188909,289),(189046,229),(189053,487),(189068,265),(189069,572),(189071,355),(189075,406),(189119,157),(189120,37),(189124,141),(189137,34),(189141,404),(189264,234),(189264,255),(189264,510),(189373,431),(189438,188),(189440,168),(189563,447),(189568,559),(189569,100),(189586,516),(189620,189),(189621,51),(189621,174),(189622,211),(189623,321),(189625,21),(189628,267),(189630,203),(189631,501),(189633,534),(189634,49),(190012,412),(190320,40),(190320,71),(190325,378),(190364,337),(190374,486),(190381,208),(190382,576),(190400,336),(190455,16),(190458,302),(190573,332),(190573,380),(190579,541),(190584,54),(190598,325),(190979,78),(190979,158),(190991,182),(191267,387),(191430,330),(191652,96),(191652,515),(191657,389),(192150,160),(192151,527),(192191,567),(192608,353),(192609,257),(192620,513),(193042,218),(193043,177),(193044,264),(193054,52),(193092,540),(193116,561),(193136,66),(193136,268),(193185,190),(193194,202),(193214,25),(193324,373),(193327,245),(193328,372),(193330,477),(193331,199),(193801,13),(193839,115),(193963,295),(193976,220),(193990,322),(193992,300),(194007,454),(194022,101),(194027,433),(194074,418),(194081,434),(194082,109),(194084,222),(194085,46),(194086,556),(194097,58),(194196,136),(194204,106),(194205,128),(194273,346),(194289,463),(194334,68),(194344,164),(194344,351),(194463,138),(194485,529),(194660,122),(194661,338),(194666,154),(194668,183),(194688,401),(194886,457),(194887,491),(194889,535),(194907,223),(194908,1),(194909,239),(194910,55),(195061,436),(195164,169),(195178,532),(195622,277),(195622,357),(195652,4),(195652,47),(195652,554),(195659,53),(195668,248),(195670,130),(195690,282),(195691,425),(195694,395),(195758,397),(195962,153),(195962,485),(195967,481),(195986,170),(196361,224),(196362,508),(196367,217),(196369,224),(196809,466),(196839,378),(196854,17),(196855,524),(197061,170),(197062,149),(197068,483),(197069,398),(197071,105),(197447,187),(197461,366),(197468,148),(197487,89),(197487,207),(197496,503),(197523,339),(197524,29),(197644,256),(197644,260),(197645,116),(197645,462),(197668,456),(198306,328),(198308,314),(198309,108),(198309,448),(198399,216),(198412,439),(198413,209),(198425,572),(198430,544),(198433,529),(198471,212),(198472,237),(198475,367),(198478,328),(198481,184),(198494,344),(198497,382),(198621,312),(198621,375),(198622,32),(198622,242),(198623,479),(198624,542),(198625,114),(198626,440),(198737,432),(198941,143),(198967,103),(198967,422),(199068,107),(199393,108),(199665,509),(199666,362),(199668,288),(199860,390),(199908,43),(200180,140),(200193,104),(200785,88),(201641,359),(201685,240),(201685,542),(201685,564),(201686,1),(201686,67),(201686,461),(201687,446),(201692,48),(201692,334),(201692,580),(201696,263),(201701,200),(201702,150),(201718,60),(201724,59),(201731,474),(201735,31),(201742,309),(201766,172),(201783,410),(201799,69),(201800,80),(201800,146),(201800,317),(201801,11),(201801,173),(201801,284),(201810,578),(201818,273),(201853,13),(201863,568),(201898,33),(201898,413),(202352,323),(202370,250),(202526,537),(202901,290),(203085,430),(203310,560),(203461,521),(203465,371),(203468,408),(203488,360),(203661,14),(203667,176),(203715,227),(203716,394),(203719,563),(203721,305),(204138,241),(204138,484),(204159,393),(204159,443),(204175,19),(204176,23),(204177,536),(204640,175),(204649,24),(204650,340),(204781,578),(205614,437),(205629,501),(206168,279),(206217,83),(206220,95),(206221,497),(206608,567),(207520,8),(207520,191),(207520,365),(207524,358),(207532,464),(208094,460),(208133,87),(208133,236),(208144,388),(208462,315),(208530,324),(208655,573),(208772,271),(208814,179),(208821,247),(208824,541),(208839,427),(208858,503),(208873,547),(208976,424),(208982,226),(209100,506),(209647,120),(209727,400),(209728,266),(209730,480),(209731,192),(209738,5),(209739,377),(209785,299),(210039,79),(210266,320),(210768,267),(210852,453),(210895,296),(210932,407),(211161,147),(211163,243),(211163,301),(211286,523),(211301,472),(212082,91),(212129,181),(212159,567),(213199,45),(213329,159),(213335,144),(213335,198),(213364,73),(213364,301),(213382,156),(213382,278),(213382,417),(213403,385),(213404,530),(213415,83),(213417,129),(213418,104),(213419,259),(213434,3),(213478,137),(213478,495),(213481,7),(213481,329),(213487,162),(213487,274),(213504,253),(213542,86),(213557,85),(213576,294),(213577,119),(213595,285),(213599,221),(213624,355),(214569,121),(214678,39),(214999,52),(215455,301),(215579,152),(215791,571),(216100,373),(216167,465),(216171,369),(216174,280),(216269,127),(217023,166),(217034,557),(217081,27),(217720,537),(218049,352),(218188,376),(218468,297),(218612,392),(218812,577),(218816,468),(218821,567),(218845,145),(219816,360),(219834,370),(219834,476),(219834,531),(220044,256),(220044,260),(220063,121),(220584,546),(222343,341),(223079,13);
/*!40000 ALTER TABLE `movie_director` ENABLE KEYS */;
UNLOCK TABLES;

--
-- Table structure for table `movie_studio`
--

DROP TABLE IF EXISTS `movie_studio`;
/*!40101 SET @saved_cs_client     = @@character_set_client */;
/*!40101 SET character_set_client = utf8 */;
CREATE TABLE `movie_studio` (
  `movieId` int(11) NOT NULL,
  `studioId` int(11) NOT NULL,
  PRIMARY KEY (`movieId`,`studioId`),
  KEY `studioId` (`studioId`),
  CONSTRAINT `movie_studio_ibfk_1` FOREIGN KEY (`movieId`) REFERENCES `movie_detail` (`movieId`),
  CONSTRAINT `movie_studio_ibfk_2` FOREIGN KEY (`studioId`) REFERENCES `studio` (`studioId`)
) ENGINE=InnoDB DEFAULT CHARSET=utf8mb4;
/*!40101 SET character_set_client = @saved_cs_client */;

--
-- Dumping data for table `movie_studio`
--

LOCK TABLES `movie_studio` WRITE;
/*!40000 ALTER TABLE `movie_studio` DISABLE KEYS */;
INSERT INTO `movie_studio` VALUES (23138,84),(96951,3),(119552,67),(119591,43),(127386,25),(140738,21),(142265,88),(142266,16),(144318,4),(146418,31),(151961,14),(152344,55),(152624,19),(153580,11),(153934,52),(154672,4),(154793,95),(154947,10),(159070,63),(159074,8),(159806,11),(159812,113),(159845,48),(161500,49),(161967,8),(161984,35),(162149,58),(162422,85),(163608,30),(164143,16),(164172,26),(164173,30),(164907,4),(165287,70),(165460,32),(167099,8),(167421,16),(167422,56),(167597,45),(167600,84),(167629,35),(167648,27),(167651,8),(167653,11),(167674,89),(167699,3),(168683,54),(168711,14),(168740,13),(168743,13),(168744,14),(168745,9),(169078,19),(170286,13),(170290,45),(170309,40),(171409,16),(171752,6),(171785,30),(172181,66),(172529,42),(173667,16),(173668,19),(173753,65),(173842,46),(173906,31),(174050,44),(174065,8),(174255,21),(174256,36),(174261,45),(174268,66),(174269,15),(174292,15),(174294,58),(174296,34),(174297,15),(174304,9),(174530,46),(174797,35),(174834,16),(174903,8),(175316,44),(175324,11),(175366,4),(175393,30),(175404,16),(176306,30),(176625,13),(176742,27),(176746,31),(176747,9),(176886,60),(176912,45),(177039,19),(177366,19),(177371,1),(177374,3),(177483,35),(177508,7),(177509,19),(177510,53),(177511,1),(177543,8),(177599,16),(177909,8),(177967,36),(178267,110),(178483,27),(178485,14),(178504,65),(178520,22),(178526,30),(178544,3),(178569,73),(178687,50),(179095,50),(179125,19),(179158,35),(179159,8),(179181,19),(179301,46),(179302,24),(179306,16),(179307,23),(179310,45),(179392,50),(179393,10),(179394,50),(179395,48),(179397,52),(179398,23),(179420,14),(179461,33),(179481,1),(179482,3),(179506,22),(179520,59),(179526,50),(179859,35),(179875,4),(179894,36),(180025,36),(180169,3),(180209,20),(180351,36),(180372,4),(180378,71),(180382,16),(180385,16),(180390,30),(180397,27),(180402,24),(180681,37),(180851,14),(181046,24),(181554,4),(181568,48),(181584,47),(181705,62),(181717,54),(181925,8),(182205,4),(182234,19),(182348,26),(182353,15),(182360,3),(182362,19),(182387,16),(182407,2),(182635,5),(182699,41),(182777,31),(182835,36),(183132,12),(183136,4),(183660,27),(183780,84),(183804,15),(183854,53),(183862,97),(183866,8),(183876,44),(183877,28),(184125,61),(184266,68),(184320,85),(184366,23),(184519,30),(184630,84),(184859,3),(185131,23),(185134,23),(185139,66),(185148,21),(185149,50),(185150,15),(185151,59),(185153,93),(185155,15),(185192,38),(185264,4),(185293,8),(185378,27),(185450,3),(185614,4),(185838,3),(185913,17),(185917,4),(185924,25),(185925,16),(186114,23),(186219,15),(186233,44),(186235,15),(186236,15),(186239,16),(186241,24),(186259,37),(186658,8),(186704,55),(186821,44),(187051,39),(187338,117),(187357,45),(187366,3),(187390,51),(187420,99),(187549,19),(187629,26),(187637,62),(187821,3),(187849,25),(187893,36),(187940,8),(187979,22),(188178,69),(188192,64),(188195,15),(188345,18),(188415,50),(188436,31),(188472,30),(188826,23),(188831,14),(188834,15),(188872,21),(188909,3),(189046,8),(189053,36),(189068,2),(189069,8),(189071,29),(189075,19),(189119,24),(189120,8),(189124,26),(189137,8),(189141,3),(189264,59),(189373,23),(189438,82),(189440,72),(189563,23),(189568,14),(189569,14),(189586,14),(189620,59),(189621,14),(189622,79),(189623,75),(189625,91),(189628,16),(189630,35),(189631,46),(189633,33),(189634,21),(190012,48),(190320,8),(190325,16),(190364,31),(190374,36),(190381,11),(190382,36),(190400,36),(190455,21),(190458,21),(190573,90),(190579,40),(190584,45),(190598,2),(190979,16),(190991,30),(191267,14),(191430,3),(191652,115),(191657,36),(192150,3),(192151,8),(192191,77),(192608,19),(192609,55),(192620,71),(193042,59),(193043,75),(193044,109),(193054,86),(193092,16),(193116,65),(193136,24),(193185,65),(193194,8),(193214,46),(193324,53),(193327,95),(193328,16),(193330,16),(193331,76),(193801,83),(193839,23),(193963,31),(193976,74),(193990,87),(193992,78),(194007,27),(194022,31),(194027,56),(194074,50),(194081,75),(194082,15),(194084,102),(194085,24),(194086,24),(194097,50),(194196,3),(194204,3),(194205,8),(194273,81),(194289,73),(194334,50),(194344,85),(194463,3),(194485,31),(194660,10),(194661,42),(194666,75),(194668,54),(194688,54),(194886,59),(194887,91),(194889,99),(194907,45),(194908,121),(194909,16),(194910,24),(195061,89),(195164,102),(195178,31),(195622,91),(195652,59),(195659,12),(195668,62),(195670,65),(195690,48),(195691,16),(195694,23),(195758,19),(195962,81),(195967,80),(195986,16),(196361,25),(196362,53),(196367,44),(196369,94),(196809,8),(196839,16),(196854,8),(196855,3),(197061,66),(197062,91),(197068,23),(197069,21),(197071,50),(197447,111),(197461,55),(197468,98),(197487,23),(197496,64),(197523,24),(197524,54),(197644,92),(197645,1),(197668,114),(198306,15),(198308,105),(198309,121),(198399,107),(198412,40),(198413,8),(198425,8),(198430,16),(198433,31),(198471,50),(198472,50),(198475,14),(198478,97),(198481,14),(198494,30),(198497,23),(198621,14),(198622,59),(198623,33),(198624,75),(198625,24),(198626,59),(198737,48),(198941,24),(198967,50),(199068,23),(199393,11),(199665,24),(199666,66),(199668,45),(199860,3),(199908,14),(200180,27),(200193,31),(200785,8),(201641,8),(201685,106),(201686,106),(201687,59),(201692,106),(201696,56),(201701,16),(201702,104),(201718,7),(201724,21),(201731,62),(201735,4),(201742,24),(201766,95),(201783,24),(201799,59),(201800,106),(201801,106),(201810,65),(201818,65),(201853,83),(201863,79),(201898,96),(202352,55),(202370,84),(202526,1),(202901,95),(203085,42),(203310,103),(203461,51),(203465,31),(203468,19),(203488,44),(203661,31),(203667,84),(203715,23),(203716,25),(203719,79),(203721,16),(204138,15),(204159,23),(204175,97),(204176,15),(204177,24),(204640,33),(204649,8),(204650,7),(204781,1),(205614,51),(205629,7),(206168,8),(206217,21),(206220,15),(206221,97),(206608,77),(207520,45),(207524,12),(207532,108),(208094,108),(208133,50),(208144,23),(208462,23),(208530,55),(208655,99),(208772,24),(208814,51),(208821,8),(208824,24),(208839,31),(208858,64),(208873,65),(208976,31),(208982,85),(209100,91),(209647,15),(209727,102),(209728,45),(209730,50),(209731,59),(209738,97),(209739,102),(209785,120),(210039,102),(210266,31),(210768,115),(210852,44),(210895,100),(210932,56),(211161,8),(211163,101),(211286,31),(211301,10),(212082,91),(212129,7),(212159,7),(213199,62),(213329,101),(213335,8),(213364,8),(213382,59),(213403,115),(213404,101),(213415,119),(213417,57),(213418,31),(213419,10),(213434,124),(213478,59),(213481,4),(213487,92),(213504,99),(213542,85),(213557,120),(213576,123),(213577,101),(213595,85),(213599,122),(213624,84),(214569,53),(214678,78),(214999,14),(215455,101),(215579,62),(215791,19),(216100,23),(216167,12),(216171,115),(216174,31),(216269,91),(217023,95),(217034,23),(217081,31),(217720,112),(218049,8),(218188,116),(218468,51),(218612,24),(218812,51),(218816,4),(218821,7),(218845,19),(219816,44),(219834,118),(220044,92),(220063,51),(220584,99),(222343,3),(223079,83);
/*!40000 ALTER TABLE `movie_studio` ENABLE KEYS */;
UNLOCK TABLES;

--
-- Table structure for table `review`
--

DROP TABLE IF EXISTS `review`;
/*!40101 SET @saved_cs_client     = @@character_set_client */;
/*!40101 SET character_set_client = utf8 */;
CREATE TABLE `review` (
  `reviewId` int(11) NOT NULL AUTO_INCREMENT,
  `watchDate` date DEFAULT NULL,
  `rate` int(11) DEFAULT NULL,
  `content` mediumblob DEFAULT NULL,
  `isRewatched` int(11) DEFAULT NULL,
  `userId` int(11) DEFAULT NULL,
  `movieId` int(11) DEFAULT NULL,
  PRIMARY KEY (`reviewId`),
  KEY `userId` (`userId`),
  KEY `movieId` (`movieId`),
  CONSTRAINT `review_ibfk_1` FOREIGN KEY (`userId`) REFERENCES `user` (`userId`),
  CONSTRAINT `review_ibfk_2` FOREIGN KEY (`movieId`) REFERENCES `movie_detail` (`movieId`)
) ENGINE=InnoDB AUTO_INCREMENT=141 DEFAULT CHARSET=utf8mb4;
/*!40101 SET character_set_client = @saved_cs_client */;

--
-- Dumping data for table `review`
--

LOCK TABLES `review` WRITE;
/*!40000 ALTER TABLE `review` DISABLE KEYS */;
INSERT INTO `review` VALUES (1,'2019-01-12',2,'어줍잖게 사회적 메세지 넣으려다 영화 망가졌다',0,1,184519),(2,'2019-03-08',5,'조조로 보고 출근중입니다. 저는 정말 미친듯이 웃었고, 감동도 조금 있었습니다.',0,1,186821),(3,'2019-07-20',4,'잠겨 죽어도 좋으니, 너는 물처럼 내게 밀려오라',0,1,198413),(4,'2019-08-15',5,'눈물참느라 혼났다. 외롭고 힘든 싸움만 하는거 같던 주인공들이 봉오동에서 또다른 독립군들을 만났을때 소름돋았음. 엔딩도 굿',0,1,178526),(5,'2019-10-08',3,'잘 만들었지만 도무지 대사가 안 들림',0,1,195758),(6,'2019-11-17',5,'머리아픈거 없는 간만에 보는 오락영화!! 시간 순삭!! 특히 장성무당역 대박!! 고개들지 말라혔지~',0,1,179159),(7,'2019-12-25',5,'어제의 너 보다 오늘 더 성장했는데~? ㅋㅋ 명대사! 너무재밌었어요!! +_+ 기대이상이었습니다~',1,1,189141),(8,'2020-02-14',1,' 선발대가 알립니다 집으로 돌아가세요',0,1,218812),(9,'2020-05-21',2,'유머코드가 맞냐 안맞냐의 차이.같이 간 친구는 계속 웃던데, 저는 그냥 그랬어요.',0,1,218188),(10,'2020-09-01',4,'갑분 금연송, 갑분 아모르파티',1,1,187366),(11,'2020-11-28',4,'류승룡 영화 요즘 말아먹더니 이번엔 웃기네 ㅋㅋ역시 갓승룡',0,1,167651),(12,'2021-03-22',2,'배우들의 과장된 연기, 만화를 보는 듯한 어색한 말투, 유치한 스토리에 오글거리는 대사, 억지스런 러브라인까지.. 최근 본 영화 중 최악',0,1,194204),(13,'2021-04-14',4,'난 볼만하던데..서인국 연기 쩔어.,',1,1,211161),(14,'2021-07-20',5,'옛날생각나고 나중에 같은처지일 수도 있다는 생각에 공감대가 많았던 작품임..재미있으면서 슬픈영화 였습니다...부모와 자녀가 꼭 함께 봐야 할 영화입니다...강추요..',0,1,187821),(15,'2021-12-21',5,'네게 미결로 남고 싶은 내 삶의 흔적',1,1,198413),(16,'2022-01-05',3,'기본적으로 볼만하다. 망작까지는 아니다.그러나 너무 실험적이라고나 할까. 어느정도는 타협하며 전개를 깔끔하게 했어야 하지 않을까. ',0,1,192151),(17,'2022-04-26',4,'배우들 얼굴이 유잼임 다니엘헤니 활동 좀 많이 해주세요~!',0,1,201641),(18,'2022-07-20',5,'바둑안에 절묘한 인생살이와 삶의 애환을 통찰시키고 나발이고 아따 이집 액션 잘하네 액션맛집이네',1,1,179159),(19,'2022-10-11',3,'손석구님 연기때문에 몰입도가 더 좋았던것같아요 ㅎㅎ 그치만 너무 잔인하고 스토리가 빈약해요ㅠ',0,1,192608),(20,'2022-12-04',5,'배우들 케미 진짜ㅋㅋㅋ 배우들 연기 보는 재미도 쏠쏠해',1,1,167651),(21,'2019-01-22',5,'\"지금껏 본 영화 제목 중에 가장 함춤적, 획기적으로 잘 표현한 영화 제목 \"\"기생충\"\"이란 이 제목 하나로 모든 게 정리되고 바쁜 일상으로 이리 치이고 저리 치여서 세뇌되듯 열심히 살기만 했는데영화 \"\"기생충\"\"을 관람하고 난 뒤 잊고 있었던 이 시대 또는 이 사회의 문제점 절실하게 다시 일깨워 주웠다.\"',0,2,161967),(22,'2019-02-07',4,'열매를 가치를 간에 노년에게서 속에 과실이 힘차게 칼이다. 그들의 청춘의 반짝이는 꽃이 말이다. 반짝이는 같이, 그들의 못하다 바이며, 피고 얼마나 지혜는 되는 그리하였는가',0,3,167651),(23,'2019-07-11',3,'때에, 놀이 온갖 피가 있음으로써 용기가 곳이 충분히 맺어, 피다. 별과 보내는 밝은 투명하되 피어나기 황금시대의 철환하였는가',0,4,167651),(24,'2019-09-25',2,'노래하며 보는 청춘에서만 사는가 끝에 얼음에 물방아 뿐이다. 들어 넣는 하는 무엇을 그들의 석가는 보내는 칼이다.',0,5,167651),(25,'2019-10-18',4,'아름답고 있음으로써 그들의 살 황금시대의 예가 이상이 과실이 보라. 방황하였으며, 청춘의 우리는 곳으로 낙원을 것이다.',0,6,167651),(26,'2019-12-11',3,'같은 인생의 시들어 그것을 귀는 품고 인생을 봄바람이다. 보내는 옷을 천지는 가치를 것이다.',0,7,167651),(27,'2019-12-31',5,'기택네 가족이 폭우 속에 계단을 내려오는 장면에서 나온 ost를 듣고 아.. 이래서 명작이라고 하는거구나 하는 느낌이 팍 들었다',1,2,161967),(28,'2020-02-14',5,'용기가 작고 목숨이 붙잡아 것은 보라. 만물은 인도하겠다는 밥을 내는 인생의 하여도 대한 있으랴? 이상은 품으며, 너의 영락과 청춘 예가 커다란 운다.',0,8,167651),(29,'2020-05-21',5,'청춘에서만 용기가 봄날의 부패뿐이다. 산야에 얼음이 만물은 사막이다.',0,2,167651),(30,'2020-09-01',4,'돋보기로 현실을 들여다보는 데 점점 타들어가다 결국엔 불까지 난다',1,2,161967),(31,'2020-11-28',4,'그림자는 튼튼하며, 실현에 우는 있다. 봄날의 가슴이 천하를 타오르고 이상의 끓는다. 속잎나고, 되는 들어 길지 그림자는 이것이다.',0,2,187366),(32,'2021-03-22',3,'무한한 든 하여도 인생에 행복스럽고 생명을 청춘 못하다 몸이 황금시대다. 거선의 생생하며, 노년에게서 사랑의 투명하되 얼음과 동력은 있으랴? 든 별과 바이며, 것이다. 수 길지 청춘의 방황하였으며, 실현에 것이다.',0,3,187366),(33,'2021-04-14',5,'든 끝에 온갖 얼음이 것이다. 크고 오직 위하여 눈에 되려니와, 봄바람이다.',1,3,187366),(34,'2021-07-20',4,'속잎나고, 원대하고, 가는 뭇 불어 실현에 청춘은 발휘하기 것이다. 황금시대를 설산에서 내려온 힘있다.',0,4,187366),(35,'2021-12-21',3,'길을 시들어 충분히 그리하였는가? 위하여, 과실이 보배를 꾸며 힘차게 이것이다.',1,4,187366),(36,'2022-01-05',5,'품으며, 이상은 피부가 안고, 희망의 꽃이 군영과 뼈 것이다. 대한 있는 그것은 꾸며 평화스러운 봄바람이다. 곧 이상 얼마나 갑 그들의 노년에게서 별과 듣는다.',0,5,187366),(37,'2022-04-26',4,'뭇 예수는 날카로우나 평화스러운 이것이다. 따뜻한 같이 살 얼음에 때까지 황금시대다. 때까지 피가 이것이야말로 피어나기 이 보이는 이것이다.',0,6,179159),(38,'2022-07-20',3,'과실이 이상을 열락의 창공에 약동하다. 바로 못할 거친 인생에 열락의 말이다.',1,6,179159),(39,'2022-10-11',5,'역사를 귀는 만천하의 열매를 거선의 가는 소담스러운 있는 구하지 것이다. 평화스러운 얼마나 못할 그들의 생의 천자만홍이 위하여 영원히 가치를 것이다. 얼마나 가지에 얼마나 있는 때문이다. 가치를 그들은 품에 대중을 약동하다.',0,7,179159),(40,'2022-12-04',5,'청춘은 평화스러운 같이, 목숨을 같지 우리의 꽃이 것이다. 그들은 구하지 것은 그들의 길지 만물은 있다.',1,7,179159),(41,'2019-01-22',5,'이것은 인생에 두기 가치를 봄바람이다. 것은 끝에 무한한 철환하였는가? 거선의 있는 우리는 이상을 피어나는 이상의 커다란 새가 보라.',0,9,161967),(42,'2019-02-07',4,'첨부터 끝까지 긴장의 끈을 놓지 않고 몰입감있게 볼수 있었네요. 조여정님 너무 이뻣고 송강호씨 연기는 이미 검증됐던바 외 모든 주 조연 배우들의 멋진 연기 좋았어요 이런 스토리를 만든 봉감독님도 대단한 스토리텔러임에 분명합니다.',0,10,161967),(43,'2019-07-11',4,'이상의 것은 황금시대의 영원히 같으며, 가치를 이상의 몸이 사막이다. 않는 아니한 노년에게서 두기 천자만홍이 물방아 피어나기 있으랴?',0,9,192608),(44,'2019-09-25',3,'끓는 착목한는 되려니와, 이것이다. 착목한는 꾸며 무엇이 구할 사라지지 있다. 미인을 유소년에게서 얼음이 사랑의 아름다우냐?',0,10,192608),(45,'2019-10-18',5,'이상의 천지는 불어 사랑의 하는 이상, 이것은 너의 예가 것이다. 새가 우리는 오직 위하여, 실현에 광야에서 가진 품었기 있으랴?',0,11,192608),(46,'2019-12-11',4,'얼마나 청춘 인도하겠다는 전인 피어나는 힘있다. 때까지 석가는 그들의 위하여, 것이다.',0,12,192608),(47,'2019-12-31',3,'보배를 용기가 피어나기 사막이다. 대고, 구하기 되는 간에 내려온 찬미를 그것은 것이다. 품에 찬미를 청춘 때에, 옷을 피다. 황금시대의 무엇을 밝은 풍부하게 평화스러운 웅대한 든 이성은 미인을 철환하였는가?',1,10,192608),(48,'2020-02-14',5,'돋고, 그들은 풀밭에 이상은 피부가 바로 밥을 못할 얼마나 것이다. 꽃 그러므로 구할 노래하며 그들은 동산에는 약동하다.',0,13,192608),(49,'2020-05-21',4,'위하여서 있음으로써 위하여, 품으며, 이것을 동산에는 있는 이상의 청춘의 철환하였는가? 현저하게 청춘의 온갖 풀이 인생의 바이며, 이것이다. 자신과 것은 사람은 많이 속잎나고, 피부가 못할 힘있다.',0,14,192608),(50,'2020-09-01',3,'날카로우나 보이는 방지하는 희망의 끓는 것이다. 것은 밝은 있을 구할 힘있다.',1,14,192608),(51,'2020-11-28',5,'꽃 넣는 긴지라 소금이라 인류의 약동하다. 있는 그들의 우리는 우리 바이며, 찬미를 예수는 있는가?',0,15,201641),(52,'2021-03-22',5,'거친 모래뿐일 눈에 예가 때문이다. 찬미를 가치를 같이 안고, 무한한 것이다. 있으며, 있는 생의 남는 끓는다. 가치를 고동을 구할 싸인 것은 착목한는 고행을 보라.',0,16,201641),(53,'2021-04-15',5,'엄마가 생전 첨 극장에서 영화를 보고 싶다고 하신게 이 기생충 때문입니다. 보고 나셔서 엄마는 큰 동감을 하시더라구요.',1,9,161967),(54,'2021-07-20',4,'뛰노는 그들의 같이, 웅대한 새 그들의 보는 곳이 같으며, 약동하다. 것은 이상의 석가는 위하여, 인간의 현저하게 용감하고 싶이 약동하다. 이 위하여 사는가 실현에 많이 부패를 평화스러운 피다.',0,18,201641),(55,'2021-12-21',4,'하는 수 가슴에 가치를 놀이 할지라도 갑 심장의 우리는 칼이다. 있으며, 능히 피가 교향악이다. 소리다.이것은 청춘을 대중을 이상의 구할 그들에게 보배를 이것이다. 더운지라 피어나는 놀이 황금시대의 봄바람이다.',1,18,201641),(56,'2022-01-05',3,'뭇 용기가 풀이 싹이 것이 가치를 오아이스도 무엇이 것이다. 그들의 고동을 앞이 얼음이 과실이 굳세게 때에, 그들의 예수는 때문이다.',0,17,201641),(57,'2022-03-11',5,'역시 봉테일 조여정 배우 연기 좋았습니다',0,17,161967),(58,'2022-08-20',4,'선을 넘는걸 싫어하면서 정작 자신은 끊임없이 선을 넘는 사람들과 그것을 싫어할 자격조차 주어지지 않는 사람들',1,17,161967),(59,'2022-10-13',5,'지겹고 뻔한 레파토리를 벗어던지고 생각을 많이 하게 만들어주는 영화',0,16,161967),(60,'2022-11-04',5,'두번보는데 참 잘만들었네요',1,16,161967),(61,'2019-01-22',4,'전인 이상은 물방아 낙원을 부패뿐이다. 바이며, 뭇 없으면 것이다. 착목한는 가진 못할 풍부하게 미인을 속잎나고, 피부가 부패뿐이다. 무엇을 길을 가치를 같은 가슴이 사라지지 이것은 피에 살 것이다.',0,19,186821),(62,'2019-02-07',3,'하는 이상은 위하여, 같이, 예수는 그들에게 모래뿐일 물방아 위하여서. 그것은 이상의 속잎나고, 아니더면, 과실이 힘있다.',0,20,186821),(63,'2019-07-11',5,'티피컬하게 부자인 사람이 악인이 아니라서 좋았다.',0,21,161967),(64,'2019-09-25',5,'사라지지 청춘에서만 목숨이 불어 얼음 지혜는 눈이 구하지 봄바람이다. 못하다 보이는 든 내는 굳세게 것은 관현악이며, 미인을 것이다.',0,22,186821),(65,'2019-10-18',5,'소리다.이것은 오직 싶이 인생에 때문이다. 아니더면, 무엇이 이상, 것이다.',0,23,186821),(66,'2019-12-11',4,'생명을 주는 오직 끝에 있음으로써 것은 청춘의 몸이 것이다. 있는 맺어, 없는 사막이다. 품으며, 꽃 가는 평화스러운 것이다.',0,24,186821),(67,'2019-12-31',4,'청춘의 것이 얼마나 있다. 공자는 노년에게서 길을 우리 아니더면, 그들은 그리하였는가? 고행을 목숨을 갑 그와 풀밭에 스며들어 찾아 영락과 운다.',1,24,186821),(68,'2020-02-14',3,'이는 새가 있는 만천하의 말이다. 같은 미묘한 얼마나 때문이다. 이것을 투명하되 피부가 이것이다.',0,19,189141),(69,'2020-05-21',5,'무한한 든 하여도 인생에 행복스럽고 생명을 청춘 못하다 몸이 황금시대다. 거선의 생생하며, 노년에게서 사랑의 투명하되 얼음과 동력은 있으랴? 든 별과 바이며, 것이다. 수 길지 청춘의 방황하였으며, 실현에 것이다.',0,20,189141),(70,'2020-09-01',4,'든 끝에 온갖 얼음이 것이다. 크고 오직 위하여 눈에 되려니와, 봄바람이다.',1,20,189141),(71,'2020-11-28',3,'속잎나고, 원대하고, 가는 뭇 불어 실현에 청춘은 발휘하기 것이다. 황금시대를 설산에서 내려온 힘있다.',0,21,189141),(72,'2021-03-22',5,'길을 시들어 충분히 그리하였는가? 위하여, 과실이 보배를 꾸며 힘차게 이것이다.',0,22,189141),(73,'2021-04-14',4,'품으며, 이상은 피부가 안고, 희망의 꽃이 군영과 뼈 것이다. 대한 있는 그것은 꾸며 평화스러운 봄바람이다. 곧 이상 얼마나 갑 그들의 노년에게서 별과 듣는다.',1,22,189141),(74,'2021-07-20',3,'뭇 예수는 날카로우나 평화스러운 이것이다. 따뜻한 같이 살 얼음에 때까지 황금시대다. 때까지 피가 이것이야말로 피어나기 이 보이는 이것이다.',0,23,189141),(75,'2021-12-21',1,'과실이 이상을 열락의 창공에 약동하다. 바로 못할 거친 인생에 열락의 말이다.',0,24,211161),(76,'2022-01-05',5,'역사를 귀는 만천하의 열매를 거선의 가는 소담스러운 있는 구하지 것이다. 평화스러운 얼마나 못할 그들의 생의 천자만홍이 위하여 영원히 가치를 것이다. 얼마나 가지에 얼마나 있는 때문이다. 가치를 그들은 품에 대중을 약동하다.',0,25,211161),(77,'2022-04-26',5,'청춘은 평화스러운 같이, 목숨을 같지 우리의 꽃이 것이다. 그들은 구하지 것은 그들의 길지 만물은 있다.',1,25,211161),(78,'2022-07-29',4,'가정부 아주머니가 벨 누르면서부터 무서워서 조금 혼났네요ㅋㅋ 오전에 보았는데 예상치 못한 스토리들의 전개로 몰입하여 아주 잘 봤습니다.',1,21,161967),(79,'2022-10-11',4,'싸인 희망의 열매를 무엇이 같은 듣는다. 않는 못하다 모래뿐일 그리하였는가? 크고 일월과 청춘을 청춘 있다.',0,26,211161),(80,'2022-12-04',3,'이상의 것은 황금시대의 영원히 같으며, 가치를 이상의 몸이 사막이다. 않는 아니한 노년에게서 두기 천자만홍이 물방아 피어나기 있으랴?',1,22,186821),(81,'2019-01-22',5,'끓는 착목한는 되려니와, 이것이다. 착목한는 꾸며 무엇이 구할 사라지지 있다. 미인을 유소년에게서 얼음이 사랑의 아름다우냐?',0,27,179159),(82,'2019-02-07',4,'이상의 천지는 불어 사랑의 하는 이상, 이것은 너의 예가 것이다. 새가 우리는 오직 위하여, 실현에 광야에서 가진 품었기 있으랴?',0,28,179159),(83,'2019-07-11',3,'얼마나 청춘 인도하겠다는 전인 피어나는 힘있다. 때까지 석가는 그들의 위하여, 것이다.',0,29,179159),(84,'2019-09-25',5,'보배를 용기가 피어나기 사막이다. 대고, 구하기 되는 간에 내려온 찬미를 그것은 것이다. 품에 찬미를 청춘 때에, 옷을 피다. 황금시대의 무엇을 밝은 풍부하게 평화스러운 웅대한 든 이성은 미인을 철환하였는가?',0,30,179159),(85,'2019-10-18',5,'최고의 영화...예고편으로 아무것도 설명할수 없음.',0,31,161967),(86,'2019-12-11',3,'위하여서 있음으로써 위하여, 품으며, 이것을 동산에는 있는 이상의 청춘의 철환하였는가? 현저하게 청춘의 온갖 풀이 인생의 바이며, 이것이다. 자신과 것은 사람은 많이 속잎나고, 피부가 못할 힘있다.',0,32,167651),(87,'2019-12-31',5,'날카로우나 보이는 방지하는 희망의 끓는 것이다. 것은 밝은 있을 구할 힘있다.',1,31,167651),(88,'2020-02-14',5,'꽃 넣는 긴지라 소금이라 인류의 약동하다. 있는 그들의 우리는 우리 바이며, 찬미를 예수는 있는가?',0,33,167651),(89,'2020-05-21',5,'거친 모래뿐일 눈에 예가 때문이다. 찬미를 가치를 같이 안고, 무한한 것이다. 있으며, 있는 생의 남는 끓는다. 가치를 고동을 구할 싸인 것은 착목한는 고행을 보라.',0,34,167651),(90,'2020-09-01',4,'시들어 수 물방아 열락의 이것이다. 인도하겠다는 귀는 실현에 수 돋고, 긴지라 두기 보이는 거선의 듣는다. 이 날카로우나 우리 현저하게 살았으며, 이상 싶이 봄바람이다.',1,34,167651),(91,'2020-11-28',4,'뛰노는 그들의 같이, 웅대한 새 그들의 보는 곳이 같으며, 약동하다. 것은 이상의 석가는 위하여, 인간의 현저하게 용감하고 싶이 약동하다. 이 위하여 사는가 실현에 많이 부패를 평화스러운 피다.',0,27,167651),(92,'2021-03-22',3,'하는 수 가슴에 가치를 놀이 할지라도 갑 심장의 우리는 칼이다. 있으며, 능히 피가 교향악이다. 소리다.이것은 청춘을 대중을 이상의 구할 그들에게 보배를 이것이다. 더운지라 피어나는 놀이 황금시대의 봄바람이다.',0,33,179159),(93,'2021-04-14',5,'뭇 용기가 풀이 싹이 것이 가치를 오아이스도 무엇이 것이다. 그들의 고동을 앞이 얼음이 과실이 굳세게 때에, 그들의 예수는 때문이다.',1,27,218812),(94,'2021-07-20',4,'위하여 생명을 바로 길을 트고, 찬미를 운다. 갑 두기 이상, 청춘을 일월과 곧 과실이 있는가? 전인 가치를 같은 뜨고, 피가 그들은 동력은 자신과 때문이다.',0,28,218812),(95,'2021-12-21',3,'대한 피어나는 불어 그들은 인생에 이것이야말로 가슴이 봄바람이다. 살 위하여 따뜻한 인생에 장식하는 구하기 청춘의 가는 청춘의 끓는다.',1,29,218812),(96,'2022-01-05',5,'보배를 실현에 피가 원질이 온갖 새 노년에게서 약동하다. 보내는 뜨거운지라, 대한 낙원을 피부가 끝에 위하여 두기 쓸쓸하랴?',0,30,218812),(97,'2022-04-26',4,'속에서 얼음 이 하였으며, 기관과 꽃 때문이다. 얼음에 얼음 때까지 커다란 봄바람을 것이다. 그들을 끓는 바이며, 예수는 위하여서 이상 부패를 가슴이 영원히 때문이다.',0,31,218812),(98,'2022-07-20',3,'전인 이상은 물방아 낙원을 부패뿐이다. 바이며, 뭇 없으면 것이다. 착목한는 가진 못할 풍부하게 미인을 속잎나고, 피부가 부패뿐이다. 무엇을 길을 가치를 같은 가슴이 사라지지 이것은 피에 살 것이다.',1,27,179159),(99,'2022-10-11',5,'하는 이상은 위하여, 같이, 예수는 그들에게 모래뿐일 물방아 위하여서. 그것은 이상의 속잎나고, 아니더면, 과실이 힘있다.',0,34,179159),(100,'2022-12-04',1,'이 영화는 밑에 있는 사람들에게 선.넘.지.마.라. 개.돼.지야. 기.생.충아 , 그럼 굶어 죽진않게 해줄께. 입니다. 봉준호감독님의 내면에 사람을 무시하는 본성을 잘 보여준 영화라고 생각합니다. ',1,32,161967),(101,'2019-01-22',5,'사라지지 청춘에서만 목숨이 불어 얼음 지혜는 눈이 구하지 봄바람이다. 못하다 보이는 든 내는 굳세게 것은 관현악이며, 미인을 것이다.',0,35,198413),(102,'2019-02-07',4,'소리다.이것은 오직 싶이 인생에 때문이다. 아니더면, 무엇이 이상, 것이다.',0,36,167651),(103,'2019-07-11',4,'생명을 주는 오직 끝에 있음으로써 것은 청춘의 몸이 것이다. 있는 맺어, 없는 사막이다. 품으며, 꽃 가는 평화스러운 것이다.',0,37,167651),(104,'2019-09-25',3,'청춘의 것이 얼마나 있다. 공자는 노년에게서 길을 우리 아니더면, 그들은 그리하였는가? 고행을 목숨을 갑 그와 풀밭에 스며들어 찾아 영락과 운다.',0,38,167651),(105,'2019-10-18',5,'갑 뭇 우리의 아름답고 고동을 있으랴? 트고, 우리는 이것을 우리 없으면, 칼이다. 사랑의 것은 오아이스도 청춘에서만 광야에서 발휘하기 인생에 미묘한 봄바람이다.',0,39,167651),(106,'2019-12-11',4,'열매를 가치를 간에 노년에게서 속에 과실이 힘차게 칼이다. 그들의 청춘의 반짝이는 꽃이 말이다. 반짝이는 같이, 그들의 못하다 바이며, 피고 얼마나 지혜는 되는 그리하였는가',0,40,201641),(107,'2019-12-31',3,'때에, 놀이 온갖 피가 있음으로써 용기가 곳이 충분히 맺어, 피다. 별과 보내는 밝은 투명하되 피어나기 황금시대의 철환하였는가',1,35,198413),(108,'2020-02-14',5,'노래하며 보는 청춘에서만 사는가 끝에 얼음에 물방아 뿐이다. 들어 넣는 하는 무엇을 그들의 석가는 보내는 칼이다.',0,36,198413),(109,'2020-05-21',4,'아름답고 있음으로써 그들의 살 황금시대의 예가 이상이 과실이 보라. 방황하였으며, 청춘의 우리는 곳으로 낙원을 것이다.',0,37,198413),(110,'2020-09-01',3,'같은 인생의 시들어 그것을 귀는 품고 인생을 봄바람이다. 보내는 옷을 천지는 가치를 것이다.',1,38,198413),(111,'2020-11-28',5,'발휘하기 용기가 보이는 심장의 것은 위하여 황금시대의 봄바람이다. 청춘 그들에게 새 열락의 그들은 보이는 보는 얼마나 보라. 길을 심장의 꾸며 기관과 아름다우냐? 동산에는 끓는 얼음에 무한한 황금시대다.',0,39,198413),(112,'2021-03-22',5,'용기가 작고 목숨이 붙잡아 것은 보라. 만물은 인도하겠다는 밥을 내는 인생의 하여도 대한 있으랴? 이상은 품으며, 너의 영락과 청춘 예가 커다란 운다.',0,40,198413),(113,'2021-04-14',5,'청춘에서만 용기가 봄날의 부패뿐이다. 산야에 얼음이 만물은 사막이다.',1,41,198413),(114,'2021-07-20',4,'구하기 있는 그들의 역사를 피는 눈이 시들어 칼이다. 열락의 있는 위하여, 넣는 그들은 불어 미인을 있는 천자만홍이 운다. 이상 힘차게 너의 일월과 아니다.',0,42,201641),(115,'2021-12-21',4,'그림자는 튼튼하며, 실현에 우는 있다. 봄날의 가슴이 천하를 타오르고 이상의 끓는다. 속잎나고, 되는 들어 길지 그림자는 이것이다.',1,42,201641),(116,'2022-01-05',3,'타오르고 오아이스도 유소년에게서 청춘 기쁘며, 위하여, 청춘 말이다. 가진 수 싸인 못할 무엇이 아니한 하여도 이것이다. 사람은 인생의 예가 것이다.',0,41,201641),(117,'2022-04-26',3,'빈곤과 도시빈민의 맨얼굴.. 가난을 수중에 돈이 없는 상태로만 안다면 이해할 수 없을 것. 가난이란 더 나은 삶을 준비할 의지와 꿈이 박탈 된 상태',0,40,161967),(118,'2022-07-20',1,'트고, 이상 우리는 방황하였으며, 우리 위하여, 청춘이 동력은 얼마나 운다. 갑 내는 속잎나고, 인도하겠다는 현저하게 실현에 하였으며, 것이다.',1,41,201641),(119,'2022-10-11',2,'이상이 밥을 피어나기 사랑의 방황하였으며, 그들을 품으며, 동산에는 커다란 것이다. 같지 열락의 방지하는 천고에 가치를 봄바람이다.',0,40,201641),(120,'2022-12-29',5,'진짜 감동적이고, 마음이 너무 슬펐다. 빈익빈부익부를 몸에 와닿게 시각적으로 본 영화인거 같다. 그들도 모두도 살아가기 위해서 어쩔 수 없었다는 것을. 아주 조금은 이해할 수 있었다.',1,38,161967),(121,'2019-01-22',5,'사라지지 청춘에서만 목숨이 불어 얼음 지혜는 눈이 구하지 봄바람이다. 못하다 보이는 든 내는 굳세게 것은 관현악이며, 미인을 것이다.',0,43,167651),(122,'2019-02-07',4,'소리다.이것은 오직 싶이 인생에 때문이다. 아니더면, 무엇이 이상, 것이다.',0,44,167651),(123,'2019-07-11',4,'생명을 주는 오직 끝에 있음으로써 것은 청춘의 몸이 것이다. 있는 맺어, 없는 사막이다. 품으며, 꽃 가는 평화스러운 것이다.',0,45,167651),(124,'2019-09-25',3,'청춘의 것이 얼마나 있다. 공자는 노년에게서 길을 우리 아니더면, 그들은 그리하였는가? 고행을 목숨을 갑 그와 풀밭에 스며들어 찾아 영락과 운다.',0,46,167651),(125,'2019-10-18',5,'갑 뭇 우리의 아름답고 고동을 있으랴? 트고, 우리는 이것을 우리 없으면, 칼이다. 사랑의 것은 오아이스도 청춘에서만 광야에서 발휘하기 인생에 미묘한 봄바람이다.',0,47,167651),(126,'2019-12-11',4,'열매를 가치를 간에 노년에게서 속에 과실이 힘차게 칼이다. 그들의 청춘의 반짝이는 꽃이 말이다. 반짝이는 같이, 그들의 못하다 바이며, 피고 얼마나 지혜는 되는 그리하였는가',0,48,167651),(127,'2019-12-31',3,'때에, 놀이 온갖 피가 있음으로써 용기가 곳이 충분히 맺어, 피다. 별과 보내는 밝은 투명하되 피어나기 황금시대의 철환하였는가',1,49,167651),(128,'2020-02-14',5,'노래하며 보는 청춘에서만 사는가 끝에 얼음에 물방아 뿐이다. 들어 넣는 하는 무엇을 그들의 석가는 보내는 칼이다.',0,50,198413),(129,'2020-05-21',4,'아름답고 있음으로써 그들의 살 황금시대의 예가 이상이 과실이 보라. 방황하였으며, 청춘의 우리는 곳으로 낙원을 것이다.',0,43,198413),(130,'2020-09-01',3,'같은 인생의 시들어 그것을 귀는 품고 인생을 봄바람이다. 보내는 옷을 천지는 가치를 것이다.',1,43,198413),(131,'2020-11-28',5,'발휘하기 용기가 보이는 심장의 것은 위하여 황금시대의 봄바람이다. 청춘 그들에게 새 열락의 그들은 보이는 보는 얼마나 보라. 길을 심장의 꾸며 기관과 아름다우냐? 동산에는 끓는 얼음에 무한한 황금시대다.',0,44,198413),(132,'2021-03-22',5,'용기가 작고 목숨이 붙잡아 것은 보라. 만물은 인도하겠다는 밥을 내는 인생의 하여도 대한 있으랴? 이상은 품으며, 너의 영락과 청춘 예가 커다란 운다.',0,45,198413),(133,'2021-04-14',5,'청춘에서만 용기가 봄날의 부패뿐이다. 산야에 얼음이 만물은 사막이다.',1,43,178526),(134,'2021-07-20',4,'구하기 있는 그들의 역사를 피는 눈이 시들어 칼이다. 열락의 있는 위하여, 넣는 그들은 불어 미인을 있는 천자만홍이 운다. 이상 힘차게 너의 일월과 아니다.',0,44,178526),(135,'2021-12-21',4,'그림자는 튼튼하며, 실현에 우는 있다. 봄날의 가슴이 천하를 타오르고 이상의 끓는다. 속잎나고, 되는 들어 길지 그림자는 이것이다.',1,45,178526),(136,'2022-01-05',3,'타오르고 오아이스도 유소년에게서 청춘 기쁘며, 위하여, 청춘 말이다. 가진 수 싸인 못할 무엇이 아니한 하여도 이것이다. 사람은 인생의 예가 것이다.',0,46,178526),(137,'2022-04-26',3,'빈곤과 도시빈민의 맨얼굴.. 가난을 수중에 돈이 없는 상태로만 안다면 이해할 수 없을 것. 가난이란 더 나은 삶을 준비할 의지와 꿈이 박탈 된 상태',0,47,178526),(138,'2022-07-20',1,'트고, 이상 우리는 방황하였으며, 우리 위하여, 청춘이 동력은 얼마나 운다. 갑 내는 속잎나고, 인도하겠다는 현저하게 실현에 하였으며, 것이다.',1,48,178526),(139,'2022-10-11',2,'이상이 밥을 피어나기 사랑의 방황하였으며, 그들을 품으며, 동산에는 커다란 것이다. 같지 열락의 방지하는 천고에 가치를 봄바람이다.',0,49,178526),(140,'2022-12-29',5,'진짜 감동적이고, 마음이 너무 슬펐다. 빈익빈부익부를 몸에 와닿게 시각적으로 본 영화인거 같다. 그들도 모두도 살아가기 위해서 어쩔 수 없었다는 것을. 아주 조금은 이해할 수 있었다.',1,43,178526);
/*!40000 ALTER TABLE `review` ENABLE KEYS */;
UNLOCK TABLES;

--
-- Table structure for table `studio`
--

DROP TABLE IF EXISTS `studio`;
/*!40101 SET @saved_cs_client     = @@character_set_client */;
/*!40101 SET character_set_client = utf8 */;
CREATE TABLE `studio` (
  `studioId` int(11) NOT NULL AUTO_INCREMENT,
  `studioName` text DEFAULT NULL,
  `sales` bigint(20) DEFAULT NULL,
  PRIMARY KEY (`studioId`)
) ENGINE=InnoDB AUTO_INCREMENT=125 DEFAULT CHARSET=utf8mb4;
/*!40101 SET character_set_client = @saved_cs_client */;

--
-- Dumping data for table `studio`
--

LOCK TABLES `studio` WRITE;
/*!40000 ALTER TABLE `studio` DISABLE KEYS */;
INSERT INTO `studio` VALUES (1,'스마일이엔티',2250000000),(2,'마운틴픽쳐스',1105000000),(3,'롯데엔터테인먼트',218007000000),(4,'넥스트엔터테인먼트월드',49102000000),(5,'고주환',15600000),(6,'지오필름',794920000),(7,'콘텐츠 판다',19500000000),(8,'CJ엔터테인먼트',3552400000000),(9,'미로스페이스',19174796),(10,'마노엔터테인먼트',146940000),(11,'워너 브라더스 코리아',76700000000),(12,'커넥트픽쳐스',125890000),(13,'무브먼트',1320000000),(14,'시네마달',430490000),(15,'인디스토리',1529580000),(16,'리틀빅픽쳐스',15634710000),(17,'영화사 빅',813220000),(18,'이수C&E',2610850000),(19,'메가박스중앙플러스엠',103974000000),(20,'판시네마',11733540000),(21,'씨네소파',272460000),(22,'영화사 풀',14100790000),(23,'엣나인필름',12000000000),(24,'트리플픽쳐스',1577770000),(25,'KTH',12000000000),(26,'메리크리스마스',527850000),(27,'스톰픽쳐스 코리아',1360000000),(28,'오키넷',142000000),(29,'씨네포트',119100000),(30,'쇼박스',2170000000),(31,'드림팩트엔터테인먼트',11758600000),(32,'반달',340000000),(33,'싸이더스',4600000000),(34,'콘텐츠 난다간다',3150000000),(35,'CGV 아트하우스',328610000000),(36,'에이스메이커무비웍스',39777600000),(37,'예지림엔터테인먼트',176740000),(38,'CBS',97439970000),(39,'월트 디즈니 컴퍼니 코리아',179452000000),(40,'콘텐츠 윙',336720000),(41,'한마음프로덕션',211880000),(42,'26컴퍼니',1995000000),(43,'엠씨엠씨',1885860000),(44,'NEW',31000000000),(45,'영화사 그램',1042960000),(46,'삼백상회',553660000),(47,'KT알파',13090000000),(48,'영화사 오원',278780000),(49,'모두를위한극장 공정영화협동조합',194280000),(50,'영화사 진진',1254170000),(51,'디스테이션',1666790000),(52,'KT&G 상상마당',6717520000),(53,'더콘텐츠온',26572720000),(54,'인디플러그',735670000),(55,'제이앤씨미디어그룹',2143460000),(56,'박수엔터테인먼트',1633400000),(57,'김충길 필름',72506000),(58,'닷팩토리',235360000),(59,'필름다빈',367040000),(60,'영화사 오원',278780000),(61,'영화사메이플러스',3000000000),(62,'이놀미디어',1432580000),(63,'셀트리온 엔터테인먼트',34500000000),(64,'하준사',4346300000),(65,'시네마 뉴원',821500000),(66,'아이 엠',13294440000),(67,'CL2D FILM',257530000),(68,'서울독립영화제',371910000),(69,'투아이드필름',8004110000),(70,'오퍼스픽쳐스',7100260000),(71,'소니 픽처스 코리아',144203000000),(72,'아방가르드 필름',1110560000),(73,'명필름랩',4015590000),(74,'비에이치제이 시네마',3233130000),(75,'그린나래미디어',3863700000),(76,'호우주의보',83500000),(77,'영화제작전원사',428510000),(78,'라온컴퍼니플러스',8670970000),(79,'더쿱',191800000),(80,'에이원 엔터테인먼트',231320000),(81,'목영이엔엠',35500000),(82,'영화사 삼순',141790000),(83,'피터팬 픽쳐스',268426995),(84,'블루필름웍스',185330000),(85,'씨엠닉스',589200000),(86,'노바이앤티',109047000),(87,'키다리스튜디오',437000000),(88,'민치앤필름',79350000),(89,'에스와이코마드',779450000),(90,'남아진흥주식회사',58820000),(91,'스튜디오보난자',450120000),(92,'대교',834884000),(93,'매치컷',61900000),(94,'백그림',286870000),(95,'씨네필운',253800000),(96,'파인스토리',67290000),(97,'스튜디오 디에이치엘',72945192),(98,'마루아트센터',656990000),(99,'와이드 릴리즈',5834000000),(100,'그노스',1373890000),(101,'CJ 4DPLEX',83590000000),(102,'찬란',2063980000),(103,'도어이엔엠',718680000),(104,'콘텐츠패밀리',439890000),(105,'컨텐츠썬',153463500),(106,'퍼니콘',131790000),(107,'농부영화사',51820000),(108,'트리필름',53000000),(109,'모쿠슈라',42580000),(110,'강 컨텐츠',73000000),(111,'이닥픽쳐스',86800000),(112,'아이에이치큐',1181000000),(113,'마인드마크',553000000),(114,'JNC미디어그룹',3972050000),(115,'트윈플러스파트너스',7645200000),(116,'조이앤시네마',82500000),(117,'판씨네마',11733540000),(118,'스튜디오 더블유바바',84723500000),(119,'WATCHA',70800000000),(120,'오드',201300000),(121,'디오시네마',90515030),(122,'라이크 콘텐츠',52363000),(123,'쉼표',3901090000),(124,'아우라픽처스',222750000);
/*!40000 ALTER TABLE `studio` ENABLE KEYS */;
UNLOCK TABLES;

--
-- Table structure for table `user`
--

DROP TABLE IF EXISTS `user`;
/*!40101 SET @saved_cs_client     = @@character_set_client */;
/*!40101 SET character_set_client = utf8 */;
CREATE TABLE `user` (
  `userId` int(11) NOT NULL AUTO_INCREMENT,
  `id` text DEFAULT NULL,
  `pw` text DEFAULT NULL,
  `userAge` int(11) DEFAULT NULL,
  `userSex` text DEFAULT NULL,
  PRIMARY KEY (`userId`)
) ENGINE=InnoDB AUTO_INCREMENT=51 DEFAULT CHARSET=utf8mb4;
/*!40101 SET character_set_client = @saved_cs_client */;

--
-- Dumping data for table `user`
--

LOCK TABLES `user` WRITE;
/*!40000 ALTER TABLE `user` DISABLE KEYS */;
INSERT INTO `user` VALUES (1,'ewha1886','ewha1886',24,'여성\r'),(2,'user0002','qwer0002',16,'남성\r'),(3,'user0003','qwer0003',17,'여성\r'),(4,'user0004','qwer0004',18,'남성\r'),(5,'user0005','qwer0005',18,'여성\r'),(6,'user0006','qwer0006',19,'남성\r'),(7,'user0007','qwer0007',19,'여성\r'),(8,'user0008','qwer0008',19,'남성\r'),(9,'user0009','qwer0009',20,'여성\r'),(10,'user0010','qwer0010',21,'남성\r'),(11,'user0011','qwer0011',22,'여성\r'),(12,'user0012','qwer0012',23,'남성\r'),(13,'user0013','qwer0013',23,'여성\r'),(14,'user0014','qwer0014',24,'남성\r'),(15,'user0015','qwer0015',25,'여성\r'),(16,'user0016','qwer0016',27,'남성\r'),(17,'user0017','qwer0017',28,'여성\r'),(18,'user0018','qwer0018',29,'남성\r'),(19,'user0019','qwer0019',31,'여성\r'),(20,'user0020','qwer0020',32,'남성\r'),(21,'user0021','qwer0021',34,'여성\r'),(22,'user0022','qwer0022',35,'남성\r'),(23,'user0023','qwer0023',36,'여성\r'),(24,'user0024','qwer0024',38,'남성\r'),(25,'user0025','qwer0025',38,'여성\r'),(26,'user0026','qwer0026',39,'남성\r'),(27,'user0027','qwer0027',40,'여성\r'),(28,'user0028','qwer0028',42,'남성\r'),(29,'user0029','qwer0029',43,'여성\r'),(30,'user0030','qwer0030',44,'남성\r'),(31,'user0031','qwer0031',45,'여성\r'),(32,'user0032','qwer0032',47,'남성\r'),(33,'user0033','qwer0033',48,'여성\r'),(34,'user0034','qwer0034',49,'남성\r'),(35,'user0035','qwer0035',50,'여성\r'),(36,'user0036','qwer0036',52,'남성\r'),(37,'user0037','qwer0037',53,'여성\r'),(38,'user0038','qwer0038',53,'남성\r'),(39,'user0039','qwer0039',55,'여성\r'),(40,'user0040','qwer0040',56,'남성\r'),(41,'user0041','qwer0041',57,'여성\r'),(42,'user0042','qwer0042',59,'남성\r'),(43,'user0043','qwer0043',60,'여성\r'),(44,'user0044','qwer0044',61,'남성\r'),(45,'user0045','qwer0045',62,'여성\r'),(46,'user0046','qwer0046',63,'남성\r'),(47,'user0047','qwer0047',65,'여성\r'),(48,'user0048','qwer0048',67,'남성\r'),(49,'user0049','qwer0049',68,'여성\r'),(50,'user0050','qwer0050',69,'남성\r');
/*!40000 ALTER TABLE `user` ENABLE KEYS */;
UNLOCK TABLES;
/*!40103 SET TIME_ZONE=@OLD_TIME_ZONE */;

/*!40101 SET SQL_MODE=@OLD_SQL_MODE */;
/*!40014 SET FOREIGN_KEY_CHECKS=@OLD_FOREIGN_KEY_CHECKS */;
/*!40014 SET UNIQUE_CHECKS=@OLD_UNIQUE_CHECKS */;
/*!40101 SET CHARACTER_SET_CLIENT=@OLD_CHARACTER_SET_CLIENT */;
/*!40101 SET CHARACTER_SET_RESULTS=@OLD_CHARACTER_SET_RESULTS */;
/*!40101 SET COLLATION_CONNECTION=@OLD_COLLATION_CONNECTION */;
/*!40111 SET SQL_NOTES=@OLD_SQL_NOTES */;

-- Dump completed on 2022-11-17 21:03:14
